item_number,item_description,vendor_number,vendor_name,category_name,bottle_volume_ml,pack,first_month,last_month,n_months,total_bottles,total_sale_dollars
19066,JIM BEAM,65,JIM BEAM BRANDS,STRAIGHT BOURBON WHISKIES,750,12,2012-01,2026-04,172,1052195,16801765.51
19476,MAKERS MARK,65,JIM BEAM BRANDS,STRAIGHT BOURBON WHISKIES,750,12,2012-01,2026-04,172,705270,18478464.58
17206,CEDAR RIDGE BOURBON,125,CEDAR RIDGE VINEYARDS LL,STRAIGHT BOURBON WHISKIES,750,6,2012-01,2026-04,172,664412,18230595.18
17956,EVAN WILLIAMS STR BOURBON,259,HEAVEN HILL BRANDS,STRAIGHT BOURBON WHISKIES,750,12,2012-01,2026-04,172,523658,6198414.08
18006,BUFFALO TRACE BOURBON,421,SAZERAC COMPANY  INC,STRAIGHT BOURBON WHISKIES,750,12,2012-01,2026-04,170,447772,8701998.45
17086,BULLEIT BOURBON,260,DIAGEO AMERICAS,STRAIGHT BOURBON WHISKIES,750,12,2012-01,2026-04,172,422143,10599966.92
27783,JIM BEAM APPLE,65,JIM BEAM BRANDS,STRAIGHT BOURBON WHISKIES,750,12,2015-06,2026-04,131,297772,4803295.6
22215,WOODFORD RESERVE,85,BROWN FORMAN CORP.,STRAIGHT BOURBON WHISKIES,750,12,2018-05,2026-04,96,292763,10180065.35
17916,ELIJAH CRAIG,259,HEAVEN HILL BRANDS,STRAIGHT BOURBON WHISKIES,750,12,2013-01,2026-04,160,261407,6393199.9
28279,JIM BEAM PEACH,65,JIM BEAM BRANDS,STRAIGHT BOURBON WHISKIES,750,12,2019-04,2026-04,85,252349,4093736.25
22156,WILD TURKEY 101,461,CAMPARI AMERICA,STRAIGHT BOURBON WHISKIES,750,12,2012-01,2026-04,172,249441,5217101.23
18352,FOUR ROSES BOURBON,830,KIRIN BEER & SPIRITS OF AMERICA INC / FOUR ROSES DISTILLERY,STRAIGHT BOURBON WHISKIES,750,12,2014-10,2026-04,139,222384,4261492.58
16676,BASIL HAYDEN 8YR,65,JIM BEAM BRANDS,STRAIGHT BOURBON WHISKIES,750,6,2012-01,2026-04,172,214614,6990193.13
19226,KNOB CREEK,65,JIM BEAM BRANDS,STRAIGHT BOURBON WHISKIES,750,6,2012-01,2026-04,171,209865,6495887.19
27410,JIM BEAM HONEY,65,JIM BEAM BRANDS,STRAIGHT BOURBON WHISKIES,750,12,2013-05,2026-04,156,207533,3361366.31
21596,TEN HIGH,55,SAZERAC NORTH AMERICA,STRAIGHT BOURBON WHISKIES,750,12,2012-01,2026-03,171,184487,1132592.33
19096,JIM BEAM PET,65,JIM BEAM BRANDS,STRAIGHT BOURBON WHISKIES,750,12,2012-01,2026-04,172,163345,2608587.79
27544,RED STAG BY JIM BEAM,65,JIM BEAM BRANDS,STRAIGHT BOURBON WHISKIES,750,12,2012-01,2019-05,89,142531,2278625.75
18348,FOUR ROSES SMALL BATCH,830,FOUR ROSES DISTILLERY,STRAIGHT BOURBON WHISKIES,750,6,2013-11,2026-04,147,141943,3705085.93
20366,OLD FORESTER BOURBON 86PRF,85,BROWN FORMAN CORP.,STRAIGHT BOURBON WHISKIES,750,12,2012-01,2026-04,150,137180,2325391.8
77776,WILD TURKEY AMERICAN HONEY,461,CAMPARI(SKYY),STRAIGHT BOURBON WHISKIES,750,12,2012-01,2018-09,81,131881,2064389
28043,JIM BEAM VANILLA,65,JIM BEAM BRANDS,STRAIGHT BOURBON WHISKIES,750,12,2017-05,2026-04,108,125477,2031056.49
16850,BLANTONS BOURBON,421,SAZERAC COMPANY  INC,STRAIGHT BOURBON WHISKIES,750,6,2013-11,2026-04,148,116612,5675328.26
18196,EZRA BROOKS 50 MO KY SOUR MASH BOURBON,434,LUXCO-ST LOUIS,STRAIGHT BOURBON WHISKIES,750,12,2012-01,2026-04,133,110957,1175010.04
19486,MAKERS 46,65,JIM BEAM BRANDS,STRAIGHT BOURBON WHISKIES,750,6,2012-01,2026-04,172,104026,3265927.15
16516,ANCIENT AGE BOURBON,421,"SAZERAC CO., INC.",STRAIGHT BOURBON WHISKIES,750,12,2012-01,2026-04,167,98800,910549.9
16562,ANGELS ENVY BOURBON PORT FINISHED,35,BACARDI USA INC,STRAIGHT BOURBON WHISKIES,750,6,2014-04,2026-04,103,93885,3561061.91
21595,TEN HIGH PET,55,SAZERAC NORTH AMERICA,STRAIGHT BOURBON WHISKIES,750,12,2012-01,2026-04,172,92951,571224.02
16396,OLD FORESTER SIGNATURE 100PRF BOURBON,85,BROWN FORMAN CORP.,STRAIGHT BOURBON WHISKIES,750,12,2015-06,2026-04,129,79884,1462691.09
22216,WOODFORD RESERVE BOURBON,85,BROWN-FORMAN CORPORATION,STRAIGHT BOURBON WHISKIES,750,6,2012-01,2018-06,78,79395,2550375.33
17766,EAGLE RARE,421,SAZERAC COMPANY  INC,SINGLE BARREL BOURBON WHISKIES,750,6,2012-01,2026-04,167,79301,2149684.91
20246,OLD CROW,65,JIM BEAM BRANDS,STRAIGHT BOURBON WHISKIES,750,12,2012-01,2026-04,169,78435,577422.59
22228,WOODFORD RESERVE DOUBLE OAKED,85,BROWN FORMAN CORP.,STRAIGHT BOURBON WHISKIES,750,6,2013-04,2026-04,156,77939,3663617.93
16096,EVAN WILLIAMS BOTTLED IN BOND,259,HEAVEN HILL BRANDS,BOTTLED IN BOND BOURBON,750,12,2014-02,2026-04,147,76203,1159535.45
21480,BENCHMARK OLD NO. 8,421,SAZERAC COMPANY  INC,STRAIGHT BOURBON WHISKIES,750,12,2012-01,2026-03,171,74201,731778.83
21236,RIDGEMONT RESERVE 1792,421,SAZERAC COMPANY  INC,STRAIGHT BOURBON WHISKIES,750,6,2012-01,2026-04,170,72734,1743716.37
18350,FOUR ROSES SINGLE BARREL,830,FOUR ROSES DISTILLERY,SINGLE BARREL BOURBON WHISKIES,750,6,2012-01,2026-04,145,72036,2485198.61
19026,JIM BEAM BLACK,65,JIM BEAM BRANDS,STRAIGHT BOURBON WHISKIES,750,12,2012-01,2026-04,172,69616,1489346.98
27479,CODY ROAD BOURBON,306,MISSISSIPPI RIVER DISTIL,STRAIGHT BOURBON WHISKIES,750,6,2012-02,2026-04,168,68006,1959766.97
21215,REBEL KSBW 100PRF,434,LUXCO INC,STRAIGHT BOURBON WHISKIES,750,6,2019-06,2026-04,83,66325,1073850
20286,OLD CROW TRAVELER,65,JIM BEAM BRANDS,STRAIGHT BOURBON WHISKIES,750,12,2012-01,2026-04,171,63551,460376.81
22121,WILD TURKEY 81,461,CAMPARI AMERICA,STRAIGHT BOURBON WHISKIES,750,12,2012-01,2026-04,171,62450,1083907.5
21206,REBEL KSBW,434,LUXCO INC,STRAIGHT BOURBON WHISKIES,750,12,2013-05,2024-02,130,56690,747072.75
21493,SILK & GOLD BOURBON,421,SAZERAC COMPANY  INC,STRAIGHT BOURBON WHISKIES,750,12,2023-08,2026-04,27,47503,380024
19112,JIM BEAM DEVIL'S CUT,65,JIM BEAM BRANDS,STRAIGHT BOURBON WHISKIES,750,12,2012-01,2026-04,172,45517,988506.71
16416,OLD GRAND-DAD 100PRF BOND BOURBON 4YR,65,JIM BEAM BRANDS,BOTTLED IN BOND BOURBON,750,12,2012-01,2026-04,165,40002,781722.08
17826,EARLY TIMES 36 MO KY STR BOURBON,85,BROWN-FORMAN CORPORATION,STRAIGHT BOURBON WHISKIES,750,12,2012-01,2024-07,150,39939,388654.71
19009,JEFFERSONS VERY SMALL BATCH,370,PERNOD RICARD USA,STRAIGHT BOURBON WHISKIES,750,6,2014-06,2026-04,140,39768,1208323.55
22244,YELLOWSTONE SELECT,434,LUXCO INC,STRAIGHT BOURBON WHISKIES,750,6,2016-07,2026-04,114,37078,1120548.75
18116,EVAN WILLIAMS BLACK PET,259,HEAVEN HILL BRANDS,STRAIGHT BOURBON WHISKIES,750,12,2013-05,2026-04,156,33462,404791.06
22175,RUSSELLS RESERVE 10YR,619,CAMPARI AMERICA,STRAIGHT BOURBON WHISKIES,750,6,2012-04,2026-04,167,32795,1014196.98
19880,MICHTERS US*1 SMALL BATCH,287,CHATHAM IMPORTS INC,STRAIGHT BOURBON WHISKIES,750,6,2015-01,2026-04,131,31428,1125784.26
18046,EVAN WILLIAMS GREEN LABEL,259,HEAVEN HILL BRANDS,STRAIGHT BOURBON WHISKIES,750,12,2013-02,2026-04,99,29465,246386.61
27392,JIM BEAM MAPLE,65,JIM BEAM BRANDS,STRAIGHT BOURBON WHISKIES,750,12,2013-08,2020-12,86,29105,469108.6
18856,LARCENY,259,HEAVEN HILL BRANDS,STRAIGHT BOURBON WHISKIES,750,6,2017-07,2022-10,64,27858,582280.5
22199,WILD TURKEY RARE BREED,619,CAMPARI AMERICA,BOTTLED IN BOND BOURBON,750,6,2018-01,2026-04,96,26574,1023735.86
27604,KNOB CREEK SMOKED MAPLE,65,JIM BEAM BRANDS,STRAIGHT BOURBON WHISKIES,750,6,2013-10,2026-04,148,26012,812206.02
18859,LARCENY SMALL BATCH,259,HEAVEN HILL BRANDS,STRAIGHT BOURBON WHISKIES,750,12,2022-10,2026-04,43,25846,566860.5
19481,MAKERS MARK CASK STRENGTH,65,JIM BEAM BRANDS,STRAIGHT BOURBON WHISKIES,750,6,2016-06,2026-04,118,22842,814374.84
16017,HEAVEN HILL BOTTLED-IN-BOND 7YR,259,HEAVEN HILL BRANDS,BOTTLED IN BOND BOURBON,750,6,2023-09,2026-04,27,22270,833126.25
18120,EVAN WILLIAMS VINTAGE,259,HEAVEN HILL BRANDS,SINGLE BARREL BOURBON WHISKIES,750,6,2012-01,2026-04,130,21814,495448.83
73715,EVAN WILLIAMS CHERRY RESERVE,259,HEAVEN HILL BRANDS,STRAIGHT BOURBON WHISKIES,750,12,2012-01,2019-01,85,21688,253706.88
18604,HIGH WEST,115,CONSTELLATION BRANDS INC,STRAIGHT BOURBON WHISKIES,750,6,2015-09,2026-04,128,21350,662164.5
17090,BULLEIT BOURBON 10YR,260,DIAGEO AMERICAS,STRAIGHT BOURBON WHISKIES,750,12,2013-11,2026-04,145,20969,754355.77
20116,OLD GRAND DAD 114PRF,65,JIM BEAM BRANDS,STRAIGHT BOURBON WHISKIES,750,12,2021-06,2026-04,56,20778,431351.28
22102,WILD TURKEY LONGBRANCH,619,CAMPARI AMERICA,STRAIGHT BOURBON WHISKIES,750,6,2019-07,2026-04,80,20155,615087
19017,JEFFERSONS OCEAN AGED AT SEA,370,PERNOD RICARD USA,STRAIGHT BOURBON WHISKIES,750,6,2018-09,2026-04,90,20121,1248564.45
19006,JEFFERSONS RESERVE,370,PERNOD RICARD USA,STRAIGHT BOURBON WHISKIES,750,6,2014-06,2026-04,138,19271,814245.76
26370,JIM BEAM ORANGE,65,JIM BEAM BRANDS,STRAIGHT BOURBON WHISKIES,750,12,2021-03,2024-01,35,19006,308274
16832,BLADE & BOW,260,DIAGEO AMERICAS,STRAIGHT BOURBON WHISKIES,750,6,2022-12,2026-04,41,18751,703162.5
17207,CEDAR RIDGE BARREL PROOF,125,CEDAR RIDGE VINEYARDS LL,STRAIGHT BOURBON WHISKIES,750,6,2023-02,2026-04,39,18409,635110.5
16685,BASIL HAYDEN TOAST,65,JIM BEAM BRANDS,STRAIGHT BOURBON WHISKIES,750,6,2021-07,2026-04,56,18258,747266.25
27832,IOWA DISTILLING COMPANY STRAIGHT BOURBON WHISKEY,154,DUNKEL CORPORATION / IOWA DISTILLING,STRAIGHT BOURBON WHISKIES,750,6,2016-03,2026-04,122,18040,541822.79
26906,JACK DANIELS SINGLE BARREL WHY.,85,BROWN-FORMAN CORPORATION,BOTTLED IN BOND BOURBON,750,6,2012-01,2016-08,56,17035,668986.9
27369,CEDAR RIDGE PORT CASK FINISHED BOURBON,125,CEDAR RIDGE VINEYARDS LL,STRAIGHT BOURBON WHISKIES,750,6,2014-11,2025-07,97,16756,639560.91
21464,BENCHMARK SMALL BATCH,421,SAZERAC COMPANY  INC,STRAIGHT BOURBON WHISKIES,750,12,2023-06,2026-04,35,16576,211344
18376,FOUR ROSES SMALL BATCH SELECT,830,KIRIN BEER & SPIRITS OF AMERICA INC / FOUR ROSES DISTILLERY,STRAIGHT BOURBON WHISKIES,750,6,2021-10,2026-04,55,16545,744525
19235,KNOB CREEK SINGLE BARREL RESERVE,65,JIM BEAM BRANDS,SINGLE BARREL BOURBON WHISKIES,750,6,2012-01,2026-04,158,15648,645653.9
19019,JESSE JAMES BOURBON,294,JESSE JAMES DISTILLING COMPANY,STRAIGHT BOURBON WHISKIES,750,12,2012-05,2020-11,96,15333,219269.4
919564,MAKERS MARK PRIVATE SELECT BARREL BUY,65,JIM BEAM BRANDS,STRAIGHT BOURBON WHISKIES,750,6,2018-11,2026-01,31,14680,824730
20536,KENTUCKY TAVERN BOURBON,421,SAZERAC COMPANY  INC,STRAIGHT BOURBON WHISKIES,750,12,2016-08,2025-12,75,14579,96229.85
18095,EVAN WILLIAMS 1783 SMALL BATCH,259,HEAVEN HILL BRANDS,STRAIGHT BOURBON WHISKIES,750,6,2020-10,2026-04,60,14381,249155.25
21466,BENCHMARK TOP FLOOR,421,SAZERAC COMPANY  INC,STRAIGHT BOURBON WHISKIES,750,12,2023-06,2026-04,35,14195,159693.75
919236,KNOB CREEK SINGLE BARREL RESERVE,65,JIM BEAM BRANDS,STRAIGHT BOURBON WHISKIES,750,6,2015-12,2025-03,36,13518,490826.52
86503,HOWLER HEAD KSB BANANA,619,J & D WINES INC / WOOLER BRANDS,STRAIGHT BOURBON WHISKIES,750,12,2021-05,2026-04,59,13474,272395.86
18201,EZRA BROOKS 99PR BOURBON,434,LUXCO INC,STRAIGHT BOURBON WHISKIES,750,6,2021-01,2026-04,64,12878,256674
918026,BUFFALO TRACE SAZERAC BARREL SELECT BUY THE BARREL,421,SAZERAC COMPANY  INC,STRAIGHT BOURBON WHISKIES,750,12,2024-04,2026-03,18,12840,279270
21460,BENCHMARK BONDED,421,SAZERAC COMPANY  INC,STRAIGHT BOURBON WHISKIES,750,12,2023-06,2026-04,35,12628,189420
19498,MAKERS MARK 101,65,JIM BEAM BRANDS,STRAIGHT BOURBON WHISKIES,750,6,2022-04,2026-04,45,12365,370950
21602,EH TAYLOR JR SMALL BATCH,421,SAZERAC COMPANY  INC,STRAIGHT BOURBON WHISKIES,750,6,2015-03,2026-02,87,12363,437806.5
26814,STEEPLE RIDGE BOURBON,325,LONELY OAK DISTILLERY,STRAIGHT BOURBON WHISKIES,750,6,2018-11,2026-04,81,11885,368843.25
19094,JIM BEAM CUBS EDITION,65.0,JIM BEAM BRANDS,STRAIGHT BOURBON WHISKIES,750,12,2018-04,2018-06,3,11855,186959.72
21462,BENCHMARK FULL PROOF,421,SAZERAC COMPANY  INC,STRAIGHT BOURBON WHISKIES,750,12,2023-03,2026-04,38,11394,196546.5
917929,ELIJAH CRAIG BARREL PROOF PRIVATE BARREL BUY THE BARREL,259,HEAVEN HILL BRANDS,STRAIGHT BOURBON WHISKIES,750,12,2022-02,2026-03,27,11352,696195
21806,VERY OLD BARTON 6YR 100PRF,421,SAZERAC COMPANY  INC,STRAIGHT BOURBON WHISKIES,750,12,2023-04,2026-04,37,11073,138276.75
19048,JIM BEAM DOUBLE OAK,65,JIM BEAM BRANDS,STRAIGHT BOURBON WHISKIES,750,12,2016-08,2026-04,117,11035,234856.49
920376,SOOH OLD FORESTER 1920,85,BROWN FORMAN CORP.,STRAIGHT BOURBON WHISKIES,750,6,2020-06,2024-11,53,11034,512542.68
86873,SOUTHERN COMFORT 80PRF,421,SAZERAC COMPANY  INC,STRAIGHT BOURBON WHISKIES,750,12,2017-09,2026-04,104,10995,190595.25
27682,JIM BEAM KENTUCKY FIRE,65,JIM BEAM BRANDS,STRAIGHT BOURBON WHISKIES,750,12,2014-07,2016-08,22,10933,177735.17
924754,MEMBERS MARK BOURBON WHISKEY,421,SAZERAC COMPANY  INC,STRAIGHT BOURBON WHISKIES,750,12,2024-12,2026-03,6,10881,173987.19
992900,CARIBOU CROSSING BUY THE BARREL,421,SAZERAC COMPANY  INC,SINGLE BARREL BOURBON WHISKIES,750,3,2021-06,2025-12,19,10830,430598.25
16814,BIB & TUCKER SMALL BATCH BOURBON AGED 6YR,978,W J DEUTSCH & SONS LTD,STRAIGHT BOURBON WHISKIES,750,6,2016-09,2026-04,115,10681,446101.47
28032,BROWN SUGAR BOURBON,434,LUXCO INC,STRAIGHT BOURBON WHISKIES,750,6,2019-09,2023-11,48,10192,152880
21184,RABBIT HOLE DARERINGER SHERY BOURBON CASK,370,PERNOD RICARD USA,STRAIGHT BOURBON WHISKIES,750,6,2020-05,2026-04,68,9509,570254.73
22071,WHISTLEPIG PIGGYBACK BOURBON,214,GOAMERICAGO BEVERAGES LLC / WHISTLEPIG,STRAIGHT BOURBON WHISKIES,750,6,2023-01,2026-04,40,9463,354862.5
22779,JIM BEAM PINEAPPLE,65,JIM BEAM BRANDS,STRAIGHT BOURBON WHISKIES,750,12,2025-02,2026-04,15,9086,156733.5
20375,OLD FORESTER STATESMAN,85,BROWN FORMAN CORP.,STRAIGHT BOURBON WHISKIES,750,6,2017-10,2026-04,101,9019,382264.18
27677,CODY ROAD SINGLE BARREL,306,MISSISSIPPI RIVER DISTIL,SINGLE BARREL BOURBON WHISKIES,750,6,2014-10,2026-04,123,8870,335356.24
22178,RUSSELLS RESERVE SINGLE BARREL BOURBON,619,CAMPARI AMERICA,SINGLE BARREL BOURBON WHISKIES,750,6,2016-03,2026-04,109,8748,421469.25
17913,ELIJAH  CRAIG TOASTED BARREL,259,HEAVEN HILL BRANDS,STRAIGHT BOURBON WHISKIES,750,6,2024-04,2026-04,25,8731,357378.75
927367,CASK STRENGTH PRIVATE BARREL BOURBON,125,CEDAR RIDGE VINEYARDS LL,SINGLE BARREL BOURBON WHISKIES,750,6,2021-12,2026-04,26,8718,358164.36
20158,OLD CAMP WOLF MOON WHISKEY,395,PROXIMO,STRAIGHT BOURBON WHISKIES,750,12,2020-02,2025-06,64,8485,164639.34
17520,CLYDE MAYS STRAIGHT BOURBON,305,MHW LTD,STRAIGHT BOURBON WHISKIES,750,6,2016-09,2026-04,116,7641,230580
27380,ANGELS ENVY RYE,35,BACARDI USA INC,SINGLE BARREL BOURBON WHISKIES,750,6,2022-10,2026-04,37,7378,490758.85
22241,WOODFORD RESERVE STRAIGHT MALT,85,BROWN FORMAN CORP.,SINGLE BARREL BOURBON WHISKIES,750,6,2018-06,2026-04,80,7352,254455.16
917677,EAGLE RARE SINGLE BARREL BUY THE BARREL,421,SAZERAC COMPANY  INC,SINGLE BARREL BOURBON WHISKIES,750,6,2016-02,2024-05,20,7308,189846.72
86582,LEGENT,65,JIM BEAM BRANDS,STRAIGHT BOURBON WHISKIES,750,6,2021-01,2025-10,58,7101,236910
20369,OLD FORESTER 1870 WHISKY ROW SERIES,85,BROWN FORMAN CORP.,STRAIGHT BOURBON WHISKIES,750,6,2017-10,2026-04,103,7078,246802.77
19116,JIM BEAM SINGLE BARREL,65,JIM BEAM BRANDS,SINGLE BARREL BOURBON WHISKIES,750,6,2014-02,2026-04,146,6948,201461.52
60180,HANDY SCHILLER OLD FASHIONED,421,SAZERAC COMPANY  INC,STRAIGHT BOURBON WHISKIES,750,6,2023-10,2026-01,28,6927,206985
21612,TEMPLETON BOURBON,255,INFINIUM SPIRITS,STRAIGHT BOURBON WHISKIES,750,6,2024-03,2026-04,26,6896,232740
916850,BLANTONS BUY THE BARREL,421,SAZERAC COMPANY  INC,STRAIGHT BOURBON WHISKIES,750,6,2017-08,2025-02,21,6798,299967.6
21270,REVELTON SINGLE BARREL BOURBON WHISKEY,654,REVELTON DISTILLING COMPANY,SINGLE BARREL BOURBON WHISKIES,750,6,2024-06,2026-04,23,6644,224235
920374,SOOH OLD FORESTER 1910,85,BROWN FORMAN CORP.,STRAIGHT BOURBON WHISKIES,750,6,2020-03,2024-11,52,6492,275722.85
903771,SOOH FIGHTING COCK BOURBON,259,HEAVEN HILL BRANDS,STRAIGHT BOURBON WHISKIES,750,12,2012-03,2024-11,76,6451,88984.49
27560,STRANAHANS COLORADO WHISKEY,395,PROXIMO,STRAIGHT BOURBON WHISKIES,750,6,2016-08,2026-04,117,6315,279326.76
21181,RABBIT HOLE CAVEHILL,370,PERNOD RICARD USA,STRAIGHT BOURBON WHISKIES,750,6,2021-08,2026-04,56,6233,280298.01
992000,BULLEIT SINGLE BARREL BUY THE BARREL,260,DIAGEO AMERICAS,SINGLE BARREL BOURBON WHISKIES,750,12,2020-07,2024-10,15,6180,278038.2
995550,SOOH JTS BROWN  BONDED BOURBON,259,HEAVEN HILL BRANDS,BOTTLED IN BOND BOURBON,750,12,2017-12,2024-10,56,6175,82516.5
917921,ELIJAH CRAIG BARREL PROGRAM,259.0,HEAVEN HILL BRANDS,STRAIGHT BOURBON WHISKIES,750,12,2017-08,2021-06,20,6060,136192.56
21186,RABBIT HOLE HEIGOLD RYE BOURBON,370,PERNOD RICARD USA,STRAIGHT BOURBON WHISKIES,750,6,2021-08,2026-04,57,5987,241459.14
16906,BOOKER'S 6YR,65,JIM BEAM BRANDS,STRAIGHT BOURBON WHISKIES,750,6,2014-02,2018-05,45,5666,272470.24
26789,STEEPLE RIDGE BOURBON SINGLE BARREL,325,LONELY OAK DISTILLERY,SINGLE BARREL BOURBON WHISKIES,750,6,2020-02,2026-04,75,5496,232056
20920,OLD TUB,65,JIM BEAM BRANDS,STRAIGHT BOURBON WHISKIES,750,12,2020-06,2024-09,32,5485,96915
917527,SOOH COOPERS CRAFT RESERVE KENTUCKY STRAIGHT BOURBON WHISKEY,85,BROWN FORMAN CORP.,STRAIGHT BOURBON WHISKIES,750,6,2021-03,2026-04,49,5481,145341.59
21067,PENELOPE BARREL STRENGTH,434,LUXCO INC,STRAIGHT BOURBON WHISKIES,750,6,2023-08,2026-03,32,5464,245880
18656,HENRY MCKENNA SINGLE BARREL 10YR,259,HEAVEN HILL BRANDS,BOTTLED IN BOND BOURBON,750,6,2013-02,2026-04,48,5450,253140.12
24906,OLD CAMP WHISKEY,395,PROXIMO,STRAIGHT BOURBON WHISKIES,750,12,2017-07,2020-08,38,5443,88790
21068,PENELOPE FOUR GRAIN STRAIGHT BOURBON,434,LUXCO INC,STRAIGHT BOURBON WHISKIES,750,6,2023-08,2026-04,33,5168,149853
21986,WELLER RESERVE 7YR BOURBON,421,SAZERAC COMPANY  INC,STRAIGHT BOURBON WHISKIES,750,12,2020-02,2026-04,42,4962,92261.25
27406,RED STAG HARDCORE CIDER,65,JIM BEAM BRANDS,STRAIGHT BOURBON WHISKIES,750,12,2013-08,2015-11,28,4950,81133.73
27582,RED STAG SPICED,65,JIM BEAM BRANDS,STRAIGHT BOURBON WHISKIES,750,12,2012-02,2015-03,38,4929,79601.74
18412,GEORGE REMUS STRAIGHT BOURBON,434,LUXCO INC,STRAIGHT BOURBON WHISKIES,750,6,2017-11,2026-02,64,4889,147386.04
19436,LEXINGTON,492,WESTERN SPIRITS BEVERAGE CO. LLC,STRAIGHT BOURBON WHISKIES,750,6,2012-10,2018-08,71,4870,104705.63
21074,PENELOPE WHEATED,434,LUXCO INC,STRAIGHT BOURBON WHISKIES,750,6,2025-01,2026-04,16,4851,145530
21254,BENCHMARK SINGLE BARREL,421,SAZERAC COMPANY  INC,SINGLE BARREL BOURBON WHISKIES,750,12,2023-06,2026-04,35,4844,112623
19032,JIM BEAM JACOB'S GHOST,65,JIM BEAM BRANDS,STRAIGHT BOURBON WHISKIES,750,12,2013-02,2016-01,36,4473,89732.3
21876,VERY OLD BARTON BOURBON CRAFTED 86PRF,421,SAZERAC COMPANY  INC,STRAIGHT BOURBON WHISKIES,750,12,2023-06,2026-01,31,4429,48759
17092,BULLEIT BOURBON BARREL STRENGTH,260,DIAGEO AMERICAS,STRAIGHT BOURBON WHISKIES,750,6,2018-01,2026-04,64,4393,164768.55
20300,OLD ELK WHEAT BOURBON,536,OLD ELK DISTILLERIES LLC,STRAIGHT BOURBON WHISKIES,750,6,2020-09,2025-11,61,4391,243483.75
922229,WOODFORD RESERVE DOUBLE OAKED BUY THE BARREL,85,BROWN FORMAN CORP.,STRAIGHT BOURBON WHISKIES,750,6,2019-07,2025-08,12,4320,248335.2
17050,BROTHERS BOND STRAIGHT BOURBON WHISKEY,368,PARK STREET IMPORTS,STRAIGHT BOURBON WHISKIES,750,6,2022-04,2026-04,46,4221,126630
16254,BEN HOLLADAY 6YR MO BOURBON,300,MCCORMICK DISTILLING CO.,BOTTLED IN BOND BOURBON,750,6,2023-02,2026-04,39,4219,189855
19468,MARKSMAN,421,SAZERAC COMPANY  INC,STRAIGHT BOURBON WHISKIES,750,12,2020-09,2024-01,40,3951,60687.36
917176,SOOH CALUMET FARM BOURBON,492,WESTERN SPIRITS BEVERAGE,STRAIGHT BOURBON WHISKIES,750,6,2016-05,2024-12,58,3932,178100.16
28137,WIDOW JANE 10YR BOURBON WHISKEY,259,HEAVEN HILL BRANDS,STRAIGHT BOURBON WHISKIES,750,6,2022-03,2026-04,49,3704,221975.33
920380,OLD FORESTER SINGLE BARREL BARREL PROOF (BARREL BUY),85,BROWN FORMAN CORP.,SINGLE BARREL BOURBON WHISKIES,750,6,2024-04,2026-03,12,3600,242437.2
917681,EAGLE RARE SAZERAC BARREL SELECT BUY THE BARREL,421,SAZERAC COMPANY  INC,STRAIGHT BOURBON WHISKIES,750,6,2024-08,2026-03,9,3582,113530.5
17566,DAVID NICHOLSON 1843 BOURBON,434,LUXCO INC,STRAIGHT BOURBON WHISKIES,750,6,2018-08,2023-02,55,3439,77377.5
86533,SQRRL PEANUT BUTTER WHISKEY,65,JIM BEAM BRANDS,STRAIGHT BOURBON WHISKIES,750,12,2020-07,2022-11,29,3427,61323.75
18990,JAMES E PEPPER 1776 STRAIGHT BOURBON WHISKEY 100PRF,886,GEORGETOWN TRADING CO. LLC / JAMES PEPPER DISTILLING CO.,STRAIGHT BOURBON WHISKIES,750,6,2020-06,2024-02,39,3422,83839
18290,FISTFUL OF BOURBON,240,WILLIAM GRANT & SONS INC,STRAIGHT BOURBON WHISKIES,750,6,2020-02,2023-03,38,3403,76567.5
85995,PENELOPE ARCHITECT BOURBON  FRENCH OAK STAVE FINISH,434,LUXCO INC,STRAIGHT BOURBON WHISKIES,750,6,2024-02,2026-04,27,3357,151065
60179,HANDY & SCHILLER TRIPLE OAKED OLD FASHIONED,421,SAZERAC COMPANY  INC,STRAIGHT BOURBON WHISKIES,750,12,2025-12,2026-04,5,3332,74970
921251,1792 FULL PROOF KENTUCKY SAZERAC BARREL SELECT STRAIGHT BOUR,421,SAZERAC COMPANY  INC,STRAIGHT BOURBON WHISKIES,750,6,2024-07,2026-01,9,3324,129636
921219,REBEL DISTILLERS COLLECTION BUY THE BARREL,434,LUXCO INC,STRAIGHT BOURBON WHISKIES,750,6,2020-09,2023-12,7,3180,104197.5
17334,CHICKEN COCK KENTUCKY STRAIGHT BOURBON,368,PARK STREET IMPORTS,STRAIGHT BOURBON WHISKIES,750,6,2021-11,2026-02,41,3144,152696.78
16050,CEDAR RIDGE BOTTLED IN BOND BOURBON,125,CEDAR RIDGE VINEYARDS LL,BOTTLED IN BOND BOURBON,750,6,2019-07,2026-04,35,3122,115050
16307,HOLLADAY SOFT RED WHEAT BOURBON WHISKEY 6YR BIB,300,MCCORMICK DISTILLING CO.,BOTTLED IN BOND BOURBON,750,6,2023-07,2026-04,34,3106,139770
18650,HORSE SOLDIER STRAIGHT BOURBON WHISKEY,205,E & J GALLO WINERY,STRAIGHT BOURBON WHISKIES,750,6,2023-06,2026-04,35,3101,124623.75
990004,CM UNRESTRICTED WHEATED STRAIGHT BOURBON,525,CATS EYE DISTILLERY,STRAIGHT BOURBON WHISKIES,750,6,2025-12,2026-04,3,3053,68692.5
73588,YELLOWSTONE SPECIAL FINISHES COLLECTION - TOASTED STAVES,434,LUXCO INC,STRAIGHT BOURBON WHISKIES,750,6,2023-10,2026-04,31,3043,113565
927798,BLACK TIE BOURBON,306,MISSISSIPPI RIVER DISTILLING COMPANY LLC,STRAIGHT BOURBON WHISKIES,750,6,2015-06,2026-04,22,3018,86872.56
922262,YELLOWSTONE HAND PICKED 109PR BUY THE BARREL,434,LUXCO INC,STRAIGHT BOURBON WHISKIES,750,6,2021-01,2024-02,10,3006,144967.5
922077,SOOH WILDERNESS TRAIL BIB SMALL BATCH - WHEATED BOURBON,608,WILDERNESS TRAIL DISTILLERY,BOTTLED IN BOND BOURBON,750,6,2019-08,2026-04,74,2889,118266.54
918681,HOLLADAY SOFT RED WHEAT BUY THE BARREL,300,MCCORMICK DISTILLING CO.,SINGLE BARREL BOURBON WHISKIES,750,6,2023-11,2023-11,1,2880,172800
16843,BIRD DOG KENTUCKY STRAIGHT BOURBON,492,WESTERN SPIRITS BEVERAGE,STRAIGHT BOURBON WHISKIES,750,6,2020-08,2023-08,37,2880,45886.02
27245,LEADSLINGERS BOURBON,163,STOLLER IMPORTS INC / MARSALLE COMPANY,STRAIGHT BOURBON WHISKIES,750,6,2019-02,2023-11,48,2860,81510
16435,NEW RIFF BOTTLED IN BOND BOURBON,874,NEW RIFF DISTILLING,BOTTLED IN BOND BOURBON,750,6,2024-12,2026-04,17,2844,89682.74
21065,PENELOPE BOURBON TOASTED BARREL FINISH,434,LUXCO INC,STRAIGHT BOURBON WHISKIES,750,6,2024-05,2026-04,24,2844,127980
17190,CALUMET FARM 8YR,492,WESTERN SPIRITS BEVERAGE,BOTTLED IN BOND BOURBON,750,6,2022-04,2026-04,49,2824,106125.92
16580,BAKER'S 7YR,65,JIM BEAM BRANDS,STRAIGHT BOURBON WHISKIES,750,6,2014-02,2026-04,52,2824,120657.19
922041,WELLER ANTIQUE 107 SAZERAC BARREL SELECT BUY THE BARREL,421,SAZERAC COMPANY  INC,STRAIGHT BOURBON WHISKIES,750,12,2024-05,2026-04,9,2808,129780
919000,JEFFERSONS RESERVE BOURBON BARREL,370,PERNOD RICARD USA,STRAIGHT BOURBON WHISKIES,750,6,2021-08,2024-07,10,2778,123189.66
918410,REMUS SINGLE BARREL  BUY THE BARREL,434,LUXCO INC,SINGLE BARREL BOURBON WHISKIES,750,6,2023-06,2024-12,9,2777,124965
20376,OLD FORESTER 1920,85,BROWN FORMAN CORP.,STRAIGHT BOURBON WHISKIES,750,6,2024-11,2026-04,18,2765,130646.25
28033,BROWN SUGAR BOURBON 103,434,LUXCO INC,STRAIGHT BOURBON WHISKIES,750,12,2019-09,2023-04,43,2748,61830
21210,REBEL YELL SMALL BATCH RESERVE,434,LUXCO-ST LOUIS,STRAIGHT BOURBON WHISKIES,750,6,2012-06,2026-04,49,2747,57425.4
902574,WELLER SPECIAL RESERVE BOURBON 7YR HA,421,"SAZERAC CO., INC.",STRAIGHT BOURBON WHISKIES,750,12,2012-01,2016-01,30,2727,34496.55
26737,SIR WINSTON BOURBON,578,S&B FARMS DISTILLERY,STRAIGHT BOURBON WHISKIES,750,6,2019-06,2024-06,61,2723,92246.05
17659,DOUBLE BARREL BOURBON,645,ROCKY TOP INVESTMENTS / ROCK RIVER DISTILLATION,STRAIGHT BOURBON WHISKIES,750,12,2021-02,2026-04,63,2666,79980
922260,YELLOWSTONE SELECT BARREL PROGRAM,434,LUXCO INC,STRAIGHT BOURBON WHISKIES,750,6,2020-06,2022-11,7,2658,86707.5
922075,SOOH WILDERNESS TRAIL BOTTLED IN BOND SMALL BATCH,608,WILDERNESS TRAIL DISTILLERY,BOTTLED IN BOND BOURBON,750,6,2019-08,2026-01,70,2630,106356.3
27577,RED STAG HONEY TEA,65,JIM BEAM BRANDS,STRAIGHT BOURBON WHISKIES,750,12,2012-02,2013-11,22,2619,41667.23
18566,HENRY MCKENNA BOURBON,259,HEAVEN HILL BRANDS,STRAIGHT BOURBON WHISKIES,750,12,2024-11,2026-04,18,2596,29205
78214,BASIL HAYDEN RED WINE CASK FINISH,65,JIM BEAM BRANDS,STRAIGHT BOURBON WHISKIES,750,6,2022-11,2025-07,22,2594,116730
26678,REDWOOD EMPIRE PIPE DREAM BOURBON,926,"GRATON SPIRITS COMPANY, LLC / PURPLE BRANDS",STRAIGHT BOURBON WHISKIES,750,6,2023-09,2026-04,32,2564,86535
15539,BUSHMILLS 12YR SINGLE MALT IRISH WHISKEY,395,PROXIMO,STRAIGHT BOURBON WHISKIES,750,6,2022-04,2026-04,47,2535,115103.25
922263,YELLOWSTONE HAND PICKED 115PR BUY THE BARREL,434,LUXCO INC,STRAIGHT BOURBON WHISKIES,750,6,2021-01,2024-09,9,2534,122722.5
76193,ANGELS ENVY TRIPLE OAK CASK,35,BACARDI USA INC,SINGLE BARREL BOURBON WHISKIES,750,6,2025-02,2026-04,15,2527,132642.23
917206,CEDAR RIDGE BOURBON BUY THE BARREL,125,"CEDAR RIDGE VINEYARDS,LLC",STRAIGHT BOURBON WHISKIES,750,6,2013-10,2016-03,3,2520,66805.2
17210,CENTURY FARMS SINGLE BARREL STRAIGHT BOURBON WHISKEY,594,"AMERICAN HERITAGE DISTILLERS, LLC / CENTURY FARMS DISTILLERY",STRAIGHT BOURBON WHISKIES,750,6,2023-10,2026-04,31,2507,90252
918217,EZRA BROOKS DISTILLERS COLLECTION BUY THE BARREL,434,LUXCO INC,STRAIGHT BOURBON WHISKIES,750,6,2020-09,2023-11,8,2490,68634
921542,STEEPLE RIDGE BOURBON SINGLE BARREL CASK STRENGTH,325,LONELY OAK DISTILLERY,STRAIGHT BOURBON WHISKIES,750,6,2021-09,2025-10,14,2490,115917
19639,MASTER DISTILLERS SMALL BATCH BOURBON,421,SAZERAC COMPANY  INC,STRAIGHT BOURBON WHISKIES,750,12,2025-10,2026-04,7,2480,38985.6
26996,IOWA LEGENDARY RYE UNAGED,116,BAD BEAR ENTERPRISES LLC,STRAIGHT BOURBON WHISKIES,750,12,2016-02,2019-11,44,2480,65658.32
922047,WELLER FULL PROOF SAZERAC BARREL SELECT BUY THE BARREL,421,SAZERAC COMPANY  INC,STRAIGHT BOURBON WHISKIES,750,6,2024-06,2025-12,9,2442,116797.5
978191,ANGELS ENVY BUY THE BARREL,35,BACARDI USA INC,STRAIGHT BOURBON WHISKIES,750,6,2023-11,2025-12,7,2436,164405.64
447,KNOB CREEK W/GLASSES,65.0,JIM BEAM BRANDS,STRAIGHT BOURBON WHISKIES,750,6,2020-10,2020-10,1,2352,70560
921198,REBEL CASK STRENGTH BUY THE BARREL,434,LUXCO INC,STRAIGHT BOURBON WHISKIES,750,6,2021-10,2023-11,5,2328,96030
16825,BIRD DOG BOURBON,492,WESTERN SPIRITS BEVERAGE CO. LLC,STRAIGHT BOURBON WHISKIES,750,6,2014-02,2016-03,26,2320,34800
28321,YELLOWSTONE AMERICAN SINGLE MALT,434,LUXCO INC,SINGLE BARREL BOURBON WHISKIES,750,6,2023-03,2026-02,36,2308,103860
19905,NEFARIOUS BOURBON WHISKEY,626,JDSO INC / RED BOOT DISTILLERY,STRAIGHT BOURBON WHISKIES,750,6,2019-10,2023-08,45,2240,58800
922540,SOOH 173 CRAFT DISTILLERY SINGLE BARREL BOURBON,796,173 CRAFT DISTILLERY,SINGLE BARREL BOURBON WHISKIES,750,12,2024-05,2026-04,22,2232,83241.12
18906,J.R. EWING PRIVATE RESERVE,373,PRAIRIE CREEK BEVERAGES LLC,STRAIGHT BOURBON WHISKIES,750,6,2014-10,2018-07,40,2193,52728
922040,WELLER ANTIQUE BUY THE BARREL,421,SAZERAC COMPANY  INC,STRAIGHT BOURBON WHISKIES,750,12,2016-10,2023-11,9,2172,45468
17509,COLVILLE SMALL BATCH 5YR KENTUCKY STRAIGHT BOURBON,513,"CARIBBEAN DISTILLERS, LLC",STRAIGHT BOURBON WHISKIES,750,6,2017-08,2020-01,24,2169,34697.04
918010,BUFFALO TRACE BOURBON BUY THE BARREL,421,"SAZERAC CO., INC.",STRAIGHT BOURBON WHISKIES,750,12,2014-08,2016-07,8,2148,40210.56
925913,SAZERAC RYE SAZERAC BARREL SELECT BUY THE BARREL,421,SAZERAC COMPANY  INC,STRAIGHT BOURBON WHISKIES,750,6,2024-06,2026-03,5,2148,57996
991228,1792 FULL PROOF BUY THE BARREL,421,SAZERAC COMPANY  INC,STRAIGHT BOURBON WHISKIES,750,6,2019-02,2024-01,8,2130,76923
20374,OLD FORESTER 1910,85,BROWN FORMAN CORP.,STRAIGHT BOURBON WHISKIES,750,6,2024-11,2026-04,18,2111,91828.5
16168,JTS BROWN BONDED BOURBON,259,HEAVEN HILL BRANDS,BOTTLED IN BOND BOURBON,750,12,2025-01,2026-04,16,2105,28417.5
918202,EZRA BROOKS CASK STRENGTH BUY THE BARREL,434,LUXCO INC,STRAIGHT BOURBON WHISKIES,750,6,2021-11,2023-11,5,2076,85635
525,MAKERS MARK W/2 GLASSES,65.0,JIM BEAM BRANDS,STRAIGHT BOURBON WHISKIES,750,6,2020-10,2020-10,1,2053,53891.25
920372,SOOH OLD FORESTER 1897 WHISKY ROW SERIES,85,BROWN FORMAN CORP.,BOTTLED IN BOND BOURBON,750,6,2017-03,2024-11,44,2027,78012.67
21681,2XO FRENCH OAK,772,INTERCONTINENTAL PACKAGING COMPANY/PRESTIGE BEVERAGE GROUP,STRAIGHT BOURBON WHISKIES,750,6,2024-07,2026-04,22,2013,75487.5
17186,CALUMET FARM 14YR,492,WESTERN SPIRITS BEVERAGE,BOTTLED IN BOND BOURBON,750,6,2020-08,2022-05,22,1976,176812.48
925391,173 CRAFT DISTILLERY BOURBON WHISKEY,796,173 CRAFT DISTILLERY,STRAIGHT BOURBON WHISKIES,750,12,2022-06,2024-01,13,1968,35424
17178,CALUMET FARM 10YR BOURBON,492,WESTERN SPIRITS BEVERAGE,BOTTLED IN BOND BOURBON,750,6,2023-02,2026-04,39,1961,116777.55
26130,MONTANA WHISKEY CO BOURBON,368,PARK STREET IMPORTS,STRAIGHT BOURBON WHISKIES,750,12,2024-10,2026-04,19,1958,57245.19
922290,YELLOWSTONE HAND PICKED BARREL PROGRAM - BUY THE BARREL,434,LUXCO INC,STRAIGHT BOURBON WHISKIES,750,6,2023-09,2024-10,6,1944,94770
27536,HOMESTEAD AMERICAN WHISKEY,250,HOMESTEAD AMERICAN WHISKEY,STRAIGHT BOURBON WHISKIES,750,6,2012-10,2015-03,30,1944,62694
26576,HORSE SOLDIER SMALL BATCH BOURBON WHISKEY,205,E & J GALLO WINERY,SINGLE BARREL BOURBON WHISKIES,750,6,2023-06,2026-04,35,1927,112545
916873,BLANTONS GOLD EDITION SAZERAC BARREL SELECT BUY THE BARREL,421,SAZERAC COMPANY  INC,STRAIGHT BOURBON WHISKIES,750,6,2025-07,2025-12,4,1914,211018.5
17194,CALUMET FARM 16 YR,492,WESTERN SPIRITS BEVERAGE,BOTTLED IN BOND BOURBON,750,6,2022-05,2026-04,45,1900,218954
16846,BIRD DOG 7YR,492,WESTERN SPIRITS BEVERAGE,BOTTLED IN BOND BOURBON,750,6,2020-08,2023-02,31,1885,36331.2
916425,CM UNRESTRICTED WHEATED STRAIGHT BOURBON WHISKEY BOTTLED IN,525,CATS EYE DISTILLERY,BOTTLED IN BOND BOURBON,750,6,2024-06,2025-11,3,1860,44640
986582,LEGENT,65.0,JIM BEAM BRANDS,STRAIGHT BOURBON WHISKIES,750,6,2020-10,2025-12,5,1848,55440
16640,BARDSTOWN BOURBON ORIGIN SERIES HIGH WHEAT,969,THE BARDSTOWN BOURBON COMPANY LLC,STRAIGHT BOURBON WHISKIES,750,6,2025-03,2026-01,10,1837,75776.25
20372,OLD FORESTER 1897 WHISKY ROW SERIES,85,BROWN FORMAN CORP.,STRAIGHT BOURBON WHISKIES,750,6,2017-10,2026-04,46,1835,71877.06
27027,CODY ROAD RYE,306,MISSISSIPPI RIVER DISTILLING CO.,STRAIGHT BOURBON WHISKIES,750,6,2016-03,2016-08,6,1823,52429.48
925213,THE CLOVER BARREL STRENGTH STRAIGHT BOURBON BUY THE BARREL,384,PIEDMONT DISTILLERS INC,SINGLE BARREL BOURBON WHISKIES,750,6,2022-04,2024-02,5,1812,108701.88
16659,BASIL HAYDEN SUBTLE SMOKE,65,JIM BEAM BRANDS,STRAIGHT BOURBON WHISKIES,750,6,2024-05,2026-04,24,1797,80595
919220,KNOB CREEK LONGHORN LABEL,65,JIM BEAM BRANDS,STRAIGHT BOURBON WHISKIES,750,6,2021-04,2026-04,43,1782,55935
21836,VERY OLD BARTON BOURBON 90PF,421,SAZERAC COMPANY  INC,STRAIGHT BOURBON WHISKIES,750,12,2024-03,2026-04,25,1776,21312
16799,BELLE MEADE RESERVE WHISKEY,115,CONSTELLATION BRANDS INC,STRAIGHT BOURBON WHISKIES,750,6,2020-08,2022-06,22,1764,85571.64
922049,WELLER RESERVE BOURBON SAZERAC BARREL SELECT BUY THE BARREL,421,SAZERAC COMPANY  INC,STRAIGHT BOURBON WHISKIES,750,12,2024-08,2025-10,3,1764,41013
16253,BARDSTOWN BOURBON ORIGIN SERIES BOTTLED IN BOND,969,THE BARDSTOWN BOURBON COMPANY LLC,BOTTLED IN BOND BOURBON,750,6,2025-03,2026-04,14,1756,72435
17672,DUKE KENTUCKY STRAIGHT BOURBON WHISKEY,368,PARK STREET IMPORTS,STRAIGHT BOURBON WHISKIES,750,6,2022-03,2025-08,31,1680,56700
17020,BOWMAN BROTHERS BOURBON,421,SAZERAC COMPANY  INC,STRAIGHT BOURBON WHISKIES,750,6,2024-01,2026-04,25,1680,50400
922261,YELLOWSTONE HAND PICKED 102PR BUY THE BARREL,434,LUXCO INC,STRAIGHT BOURBON WHISKIES,750,6,2021-10,2023-10,5,1671,76173.75
917620,MEMBERS MARK SINGLE BARREL,421,SAZERAC COMPANY  INC,SINGLE BARREL BOURBON WHISKIES,750,12,2026-03,2026-03,1,1656,38502
18983,JEFFERSONS TROPICS,370,PERNOD RICARD USA,STRAIGHT BOURBON WHISKIES,750,6,2023-10,2026-04,31,1643,123126.42
16796,BELLE MEADE WHISKEY,115,CONSTELLATION BRANDS INC,STRAIGHT BOURBON WHISKIES,750,6,2020-07,2022-05,23,1643,66426.49
26970,WOODINVILLE STRAIGHT BOURBON,420,MOET HENNESSY USA,STRAIGHT BOURBON WHISKIES,750,12,2023-12,2026-04,29,1623,48673.77
26572,HORSE SOLDIER BARREL STRENGTH BOURBON WHISKEY,205,E & J GALLO WINERY,SINGLE BARREL BOURBON WHISKIES,750,6,2023-06,2026-04,35,1617,109147.5
85994,PENELOPE ROSE CASK FINISH,434,LUXCO INC,STRAIGHT BOURBON WHISKIES,750,6,2024-08,2026-04,21,1610,60375
18276,FIGHTING COCK BOURBON,259,HEAVEN HILL BRANDS,STRAIGHT BOURBON WHISKIES,750,12,2024-11,2026-04,18,1602,23569.5
22463,GREEN RIVER WHEATED BOURBON,969,THE BARDSTOWN BOURBON COMPANY LLC,STRAIGHT BOURBON WHISKIES,750,6,2025-03,2026-04,14,1602,45657
19368,KENTUCKY 10 BOURBON,783,CITADEL BEVERAGES,STRAIGHT BOURBON WHISKIES,750,12,2022-08,2025-01,28,1578,50408.77
927650,SOOH WYOMING WHISKEY SMALL BATCH BOURBON,266,EDRINGTON GROUP USA LLC,STRAIGHT BOURBON WHISKIES,750,6,2019-10,2026-04,59,1562,52420.98
19250,THE WISEMAN BOURBON,277,STOLI GROUP,STRAIGHT BOURBON WHISKIES,750,6,2021-11,2024-07,33,1561,58615.55
18861,LARCENY BARREL PROOF,259,HEAVEN HILL BRANDS,STRAIGHT BOURBON WHISKIES,750,6,2024-05,2026-04,10,1550,75562.5
22294,WHISTLEPIG 10YR BOURBON,214,GOAMERICAGO BEVERAGES LLC / WHISTLEPIG,STRAIGHT BOURBON WHISKIES,750,6,2025-05,2026-04,12,1541,100276.5
86623,ISAAC BOWMAN PORT FINISH BOURBON,421,SAZERAC COMPANY  INC,STRAIGHT BOURBON WHISKIES,750,6,2024-01,2026-02,26,1533,47742
927934,BROTHERHOOD BOURBON,306,MISSISSIPPI RIVER DISTIL,STRAIGHT BOURBON WHISKIES,750,6,2016-10,2026-03,10,1501,55575
19494,MAKERS MARK 46 CASK STRENGTH,65,JIM BEAM BRANDS,STRAIGHT BOURBON WHISKIES,750,6,2025-01,2026-04,16,1484,66780
903568,BLANTON'S SING BARREL BOURBON 6PAK,421,"SAZERAC CO., INC.",SINGLE BARREL BOURBON WHISKIES,750,6,2012-01,2014-05,20,1458,56974.74
21024,PEERLESS SMALL BATCH KENTUCKY STRAIGHT BOURBON WHISKEY,899,"KENTUCKY PEERLESS DISTILLING COMPANY, LLC",STRAIGHT BOURBON WHISKIES,750,6,2024-03,2026-04,26,1446,86976.9
21538,STAGG BOURBON,421,SAZERAC COMPANY  INC,STRAIGHT BOURBON WHISKIES,750,6,2022-07,2023-05,5,1441,56192.92
76754,RD ONE FINISHED WITH BRAZILIAN AMBURANA WOOD,368,PARK STREET IMPORTS,STRAIGHT BOURBON WHISKIES,750,6,2023-11,2026-01,27,1433,77955.5
19125,JETHRO T BOOTS,421,SAZERAC COMPANY  INC,STRAIGHT BOURBON WHISKIES,750,12,2024-01,2025-08,20,1429,11789.25
19097,JIM BEAM SUNSHINE BLEND,65,JIM BEAM BRANDS,STRAIGHT BOURBON WHISKIES,750,12,2024-10,2026-04,19,1415,24118.5
986912,SOOH NOBLE OAK DOUBLE OAK BOURBON,266,EDRINGTON GROUP USA LLC,STRAIGHT BOURBON WHISKIES,750,6,2020-06,2023-08,19,1391,38343.88
926632,DRIFTLESS GLEN HANDPICKED SINGLE BARREL CASK STRENGTH,232,DRIFTLESS GLEN DISTILLERY,SINGLE BARREL BOURBON WHISKIES,750,6,2019-06,2025-07,11,1380,62556.6
917192,SOOH CALUMET FARM 15 YEAR OLD BOURBON,492,WESTERN SPIRITS BEVERAGE,BOTTLED IN BOND BOURBON,750,6,2021-08,2024-12,36,1376,136972.38
926464,SOOH STRANAHANS BLUE PEAK,395,PROXIMO,STRAIGHT BOURBON WHISKIES,750,6,2022-02,2026-04,46,1371,44507.25
21458,SILK ROAD BOURBON,626,JDSO INC / RED BOOT DISTILLERY,STRAIGHT BOURBON WHISKIES,750,6,2021-05,2022-12,15,1361,28863
986503,HOWLER HEAD KSB BANANA 750ML,493.0,J & D WINES INC / WOOLER BRANDS,STRAIGHT BOURBON WHISKIES,750,12,2021-02,2021-05,3,1356,26686.08
26977,KNOB CREEK CASK STRENGTH RYE,65,JIM BEAM BRANDS,STRAIGHT BOURBON WHISKIES,750,6,2018-12,2022-04,27,1339,70297.5
916841,BLANTON GOLD BOURBON - BUY THE BARREL,421,SAZERAC COMPANY  INC,STRAIGHT BOURBON WHISKIES,750,6,2023-12,2024-12,4,1338,128448
916549,MEMBERS MARK BOTTLED IN BOND,421,SAZERAC COMPANY  INC,STRAIGHT BOURBON WHISKIES,750,12,2025-11,2025-11,1,1332,21418.56
16651,BARDSTOWN BOURBON ORIGIN SERIES KENTUCKY STRAIGHT BOURBON WH,969,THE BARDSTOWN BOURBON COMPANY LLC,STRAIGHT BOURBON WHISKIES,750,6,2025-03,2026-04,14,1327,49762.5
921244,HA 1792 SINGLE BARREL,55,SAZERAC NORTH AMERICA,STRAIGHT BOURBON WHISKIES,750,6,2016-08,2023-04,14,1297,40855.5
17917,ELIJAH CRAIG BARREL PROOF,259,HEAVEN HILL BRANDS,STRAIGHT BOURBON WHISKIES,750,6,2025-08,2026-04,9,1285,72281.25
917946,HA ELMER T LEE SINGLE BARREL,421,SAZERAC COMPANY  INC,SINGLE BARREL BOURBON WHISKIES,750,12,2015-11,2024-05,12,1284,37942.5
927239,DRIFTLESS GLEN SINGLE BARREL STRAIGHT BOURBON BUY THE BARREL,232,DRIFTLESS GLEN DISTILLERY,STRAIGHT BOURBON WHISKIES,750,6,2017-12,2024-10,10,1284,48150
21300,RUSTIC RIVER KENTUCKY STRAIGHT BOURBON WHISKEY,747,GREEN RIVER DISTILLING COMPANY,STRAIGHT BOURBON WHISKIES,750,12,2021-11,2023-06,20,1272,21471.36
27014,CEDAR RIDGE MALTED RYE,125,"CEDAR RIDGE VINEYARDS,LLC",STRAIGHT BOURBON WHISKIES,750,6,2016-03,2016-08,6,1262,37241.62
17664,DOC HOLLIDAY BOURBON 7 YEARS,100,AIKO IMPORTERS INC,STRAIGHT BOURBON WHISKIES,750,6,2024-09,2026-04,20,1241,102382.5
19139,CM JUDGE RICHARD SMALL BATCH STRAIGHT BOURBON WHISKY,960,JUDGE RICHARD DISTILLERY,STRAIGHT BOURBON WHISKIES,750,6,2024-05,2026-04,24,1224,45900
26263,FOUNDRY SINGLE MALT WHISKEY,566,"FOUNDRY DISTILLING COMPANY, LLC",STRAIGHT BOURBON WHISKIES,750,6,2020-03,2021-12,22,1221,36617.79
15542,BUSHMILLS RED BUSH,395,PROXIMO,STRAIGHT BOURBON WHISKIES,750,12,2017-02,2019-03,26,1219,26229
22195,WIDOW JANE BABY JANE BOURBON,259,HEAVEN HILL BRANDS,STRAIGHT BOURBON WHISKIES,750,6,2024-05,2026-04,24,1201,46243.78
918863,LARCENY BARREL PROOF PRIVATE BARREL BUY THE BARREL,259,HEAVEN HILL BRANDS,STRAIGHT BOURBON WHISKIES,750,12,2024-11,2026-04,5,1200,67500
26269,CENTURY FARMS PRAIRIE STATES BOURBON,594,"AMERICAN HERITAGE DISTILLERS, LLC / CENTURY FARMS DISTILLERY",SINGLE BARREL BOURBON WHISKIES,750,6,2022-04,2023-11,20,1198,33424.2
921485,SOOH SIR WINSTON STRAIGHT,578,S&B FARMS DISTILLERY,STRAIGHT BOURBON WHISKIES,750,6,2023-02,2026-04,36,1191,40372.47
18434,GREEN RIVER FULL PROOF BOURBON,969,THE BARDSTOWN BOURBON COMPANY LLC,STRAIGHT BOURBON WHISKIES,750,6,2025-03,2026-04,14,1165,46308.75
21100,PUNCHERS CHANCE,305,MHW LTD,STRAIGHT BOURBON WHISKIES,750,6,2021-06,2025-10,26,1160,27660.82
920370,OLD FORESTER SINGLE BARREL SELECT BUY THE BARREL,85,BROWN FORMAN CORP.,SINGLE BARREL BOURBON WHISKIES,750,6,2018-09,2019-12,4,1158,39070.92
16829,BIRD DOG SMALL BATCH BOURBON 86PRF,492,WESTERN SPIRITS BEVERAGE,STRAIGHT BOURBON WHISKIES,750,6,2016-06,2018-07,26,1141,26235
921270,REVELTON SINGLE BARREL BOURBON WHISKEY,654,REVELTON DISTILLING COMPANY,STRAIGHT BOURBON WHISKIES,750,6,2024-05,2024-05,1,1134,34020
922180,RUSSELLS RESERVE SINGLE BARREL PRIVATE BARREL BUY THE BARREL,619,CAMPARI AMERICA,SINGLE BARREL BOURBON WHISKIES,750,6,2023-09,2026-02,6,1122,56128.5
924852,REVELTON SINGLE BARREL BOURBON BARREL PICK - MID PROOF,654,REVELTON DISTILLING COMPANY,SINGLE BARREL BOURBON WHISKIES,750,6,2025-05,2026-02,3,1122,43758
921539,STAGG SAZERAC BARREL SELECT BUY THE BARREL,421,SAZERAC COMPANY  INC,STRAIGHT BOURBON WHISKIES,750,6,2024-12,2026-03,5,1122,53181
73538,YELLOWSTONE SPECIAL FINISHES COLLECTION - RUM CASK,434,LUXCO INC,STRAIGHT BOURBON WHISKIES,750,6,2024-05,2026-04,24,1116,41625
21541,STARLIGHT DISTILLERY CARL T BOURBON,963,"HUBER ORCHARDS, INC.",STRAIGHT BOURBON WHISKIES,750,6,2024-06,2026-02,20,1111,29997
916468,1792 BOTTLED IN BOND BOURBON BARREL,421,SAZERAC COMPANY  INC,BOTTLED IN BOND BOURBON,750,6,2020-02,2024-02,5,1098,32940
22531,BULLEIT SINGLE MALT WHISKEY,260,DIAGEO AMERICAS,STRAIGHT BOURBON WHISKIES,750,6,2024-02,2026-04,24,1097,49354.03
921228,HA 1792 FULL PROOF,421.0,SAZERAC COMPANY  INC,STRAIGHT BOURBON WHISKIES,750,6,2016-12,2020-02,11,1087,38472
903760,HA WELLER 12YR,421,SAZERAC COMPANY  INC,STRAIGHT BOURBON WHISKIES,750,12,2012-03,2022-02,13,1075,22706.87
18672,HUDSON BRIGHT LIGHT & BIG BOURBON,240,WILLIAM GRANT & SONS INC,STRAIGHT BOURBON WHISKIES,750,6,2021-03,2023-02,24,1042,31260
922042,HA WELLER CYPB,421,SAZERAC COMPANY  INC,STRAIGHT BOURBON WHISKIES,750,6,2018-11,2025-11,14,1023,40656
926248,CENTURY FARMS BOURBON,594,"AMERICAN HERITAGE DISTILLERS, LLC / CENTURY FARMS DISTILLERY",SINGLE BARREL BOURBON WHISKIES,750,6,2020-09,2023-10,21,1020,14565.6
21542,STEEPLE RIDGE CASK STRENGTH SINGLE BARREL BOURBON,325,LONELY OAK DISTILLERY,SINGLE BARREL BOURBON WHISKIES,750,6,2023-10,2026-04,30,1012,45540
18613,HIRSCH THE HORIZON BOURBON,391,HOTALING & CO,STRAIGHT BOURBON WHISKIES,750,6,2022-02,2026-04,31,992,33763.91
919219,KNOB CREEK SINGLE BARREL SELECT CASK STRENGTH BOURBON BUY TH,65,JIM BEAM BRANDS,SINGLE BARREL BOURBON WHISKIES,750,6,2025-05,2025-12,5,990,51975
919923,NEW RIFF 6YR SINGLE BARREL BOURBON SELECTION BUY THE BARREL,874,NEW RIFF DISTILLING,SINGLE BARREL BOURBON WHISKIES,750,6,2025-10,2026-03,4,978,44000.22
21659,CM TOPPLING GOLIATH BOURBON WHISKEY,229,DEHNER DISTILLERY,STRAIGHT BOURBON WHISKIES,750,6,2025-02,2026-02,3,966,100232.16
922044,HA WELLER FULL PROOF,421,SAZERAC COMPANY  INC,STRAIGHT BOURBON WHISKIES,750,6,2020-01,2025-09,10,966,39816
27508,JEREMIAH WEED CHERRY MASH,260,DIAGEO AMERICAS,STRAIGHT BOURBON WHISKIES,750,12,2012-01,2014-12,25,961,12858.18
920301,OLD ELK WHEATED BOURBON SINGLE BARREL,536,OLD ELK DISTILLERIES LLC,SINGLE BARREL BOURBON WHISKIES,750,6,2021-01,2022-12,4,960,57600
928296,OLD ELK BOURBON SINGLE BARREL,536,OLD ELK DISTILLERIES LLC,SINGLE BARREL BOURBON WHISKIES,750,6,2020-10,2021-08,4,946,39022.5
922046,HA WELLER SINGLE BARREL BOURBON,421,SAZERAC COMPANY  INC,SINGLE BARREL BOURBON WHISKIES,750,6,2020-09,2026-01,9,946,47716.5
22319,YELLOWSTONE SMALL BATCH 6YR,434,LUXCO INC,STRAIGHT BOURBON WHISKIES,750,6,2025-04,2026-04,13,937,34383.75
903635,KENTUCKY TAVERN BOURBON,55,SAZERAC NORTH AMERICA,STRAIGHT BOURBON WHISKIES,750,12,2013-10,2016-04,17,936,5793.84
26148,SOLDIER VALLEY LEE GREENWOOD BOURBON,315,PATRIARCH DISTILLERS LLC / SOLDIER VALLEY SPIRITS,STRAIGHT BOURBON WHISKIES,750,6,2022-04,2024-07,28,933,43975.98
21941,FANCY CREEK SMALL BATCH BOURBON,125,CEDAR RIDGE VINEYARDS LL,STRAIGHT BOURBON WHISKIES,750,6,2025-03,2026-04,14,927,26419.5
902894,ELIJAH CRAIG 12YR BOURBON,259,HEAVEN HILL BRANDS,STRAIGHT BOURBON WHISKIES,750,12,2012-02,2012-12,10,924,13046.88
18199,EZRA BROOKS TRAVELER,434,LUXCO INC,STRAIGHT BOURBON WHISKIES,750,12,2017-02,2019-02,25,903,10788.75
18432,GREEN RIVER BOURBON,969,THE BARDSTOWN BOURBON COMPANY LLC,STRAIGHT BOURBON WHISKIES,750,6,2025-03,2026-04,14,900,25650
903410,ELMER T LEE SINGLE BARREL HA,421,"SAZERAC CO., INC.",STRAIGHT BOURBON WHISKIES,750,12,2012-01,2015-04,14,900,20250
22392,CHICKEN COCK DOUBLE OAK KENTUCKY WHISKEY,368,PARK STREET IMPORTS,STRAIGHT BOURBON WHISKIES,750,6,2023-07,2026-04,32,881,70480
26573,BALCONES TEXAS POT STILL BOURBON,469,DAVOS BRANDS LLC,STRAIGHT BOURBON WHISKIES,750,6,2021-07,2023-01,19,879,19777.5
921986,WELLER RESERVE BARREL PROGRAM,421,SAZERAC COMPANY  INC,STRAIGHT BOURBON WHISKIES,750,12,2017-06,2021-06,4,876,11826
919239,KNOB CREEK 12 YEAR,65,JIM BEAM BRANDS,STRAIGHT BOURBON WHISKIES,750,6,2020-04,2025-04,17,864,40545
16087,EARLY TIMES BOTTLE IN BOND,421,SAZERAC COMPANY  INC,STRAIGHT BOURBON WHISKIES,750,12,2026-02,2026-04,3,864,16200
921205,REBEL FULL PROOF BUY THE BARREL,434,LUXCO INC,SINGLE BARREL BOURBON WHISKIES,750,6,2024-06,2024-09,3,864,35640
18034,BARRELL FOUNDATION BOURBON,305,MHW LTD,STRAIGHT BOURBON WHISKIES,750,6,2023-12,2026-02,27,863,38489.32
17338,CHICKEN COCK SMALL BATCH KENTUCKY STRAIGHT BOURBON,368,PARK STREET IMPORTS,STRAIGHT BOURBON WHISKIES,750,6,2024-06,2026-02,18,862,45091.22
921022,PEERLESS SINGLE BARREL SELECTION KENTUCKY STRAIGHT BOURBON W,899,"KENTUCKY PEERLESS DISTILLING COMPANY, LLC",SINGLE BARREL BOURBON WHISKIES,750,6,2023-04,2025-03,4,858,60489
921540,STAGG JR. HA,421,"SAZERAC CO., INC.",STRAIGHT BOURBON WHISKIES,750,6,2013-09,2016-04,12,856,33375.44
921503,SOOH SMOKE WAGON DESERT COLT STRAIGHT BOURBON WHISKEY,460,SHAW-ROSS INTERNATIONAL,STRAIGHT BOURBON WHISKIES,750,12,2024-09,2026-04,12,856,30597.36
928026,SOOH SMOOTH AMBLER CONTRADICTION,370,PERNOD RICARD USA,STRAIGHT BOURBON WHISKIES,750,6,2019-01,2024-07,33,839,23045.86
925845,STARLIGHT DISTILLERY FRENCH OAK DOUBLE OAKED BOURBON WHISKEY,963,"HUBER ORCHARDS, INC.",SINGLE BARREL BOURBON WHISKIES,750,6,2024-07,2025-10,4,828,42228
921640,SOOH CM ARNDT HOURS,753,"TYCOGA VINEYARD & WINERY, LLC",STRAIGHT BOURBON WHISKIES,750,6,2023-11,2026-04,24,825,26655.75
18344,FOUR ROSES SINGLE BARREL OESO,830,KIRIN BEER & SPIRITS OF AMERICA INC / FOUR ROSES DISTILLERY,SINGLE BARREL BOURBON WHISKIES,750,6,2025-05,2025-05,1,825,30937.5
916874,BLANTONS SAZERAC BARREL SELECT BUY THE BARREL,421,SAZERAC COMPANY  INC,STRAIGHT BOURBON WHISKIES,750,6,2025-11,2026-04,2,822,50553
27590,SMOOTH AMBLER OLD SCOUT STRAIGHT BOURBON,370,PERNOD RICARD USA,STRAIGHT BOURBON WHISKIES,750,6,2024-09,2026-04,20,818,18396.82
18512,HARD TRUTH SWEET MASH BOURBON,873,HARD TRUTH DISTILLING COMPANY LLC,STRAIGHT BOURBON WHISKIES,750,6,2024-12,2026-04,17,817,27573.75
919046,SOOH JEFFERSONS OCEAN AGED AT SEA CASK STRENGTH,370,PERNOD RICARD USA,STRAIGHT BOURBON WHISKIES,750,6,2018-06,2025-05,21,817,63276.72
434,JIM BEAM W/2 GLASSES,65.0,JIM BEAM BRANDS,STRAIGHT BOURBON WHISKIES,750,6,2019-10,2019-12,3,815,12836.25
985687,OAK & EDEN SPIRE SELECT BOURBON AMBURANA BUY THE BARREL,642,"JAMES JOSEPH SANCTIFIED SPIRITS, LLC / OAK&EDEN",STRAIGHT BOURBON WHISKIES,750,6,2022-08,2023-12,4,810,36450
24912,PENELOPE TOASTED RYE BARREL FINISH,434,LUXCO INC,STRAIGHT BOURBON WHISKIES,750,6,2025-01,2026-02,14,810,30375
26220,JEPPSON''S BOURBON,641.0,CH DISTILLERY,STRAIGHT BOURBON WHISKIES,750,12,2020-09,2022-03,19,807,16148.07
904836,BOOKERS BOURBON (DO NOT USE),65,JIM BEAM BRANDS,STRAIGHT BOURBON WHISKIES,750,6,2012-01,2014-02,25,804,33558.84
917927,ELIJAH CRAIG 94 PROOF PRIVATE BARREL BUY THE BARREL,259,HEAVEN HILL BRANDS,STRAIGHT BOURBON WHISKIES,750,12,2024-04,2025-12,3,804,27135
25496,REBEL YELL AMERICAN WHISKEY,434,LUXCO INC,STRAIGHT BOURBON WHISKIES,750,6,2016-02,2018-04,27,802,18008.34
18342,FOUR ROSES SINGLE BARREL OESK,830,KIRIN BEER & SPIRITS OF AMERICA INC / FOUR ROSES DISTILLERY,SINGLE BARREL BOURBON WHISKIES,750,6,2025-05,2025-05,1,801,30037.5
904545,JTS BROWN BOURBON,259,HEAVEN HILL BRANDS,STRAIGHT BOURBON WHISKIES,750,12,2012-03,2019-07,21,792,6217.44
918606,HIGH WEST AMERICAN PRAIRIE BOURBON BARREL SELECT (MACVIN),115,CONSTELLATION BRANDS INC,STRAIGHT BOURBON WHISKIES,750,6,2020-11,2021-12,3,786,34591.86
86252,DEVILS RIVER COFFEE BOURBON,421,SAZERAC COMPANY  INC,STRAIGHT BOURBON WHISKIES,750,6,2022-08,2024-01,18,780,18603
917104,SOOH BLUE RUN REFLECTION 95 PROOF BOURBON,368,PARK STREET IMPORTS,STRAIGHT BOURBON WHISKIES,750,6,2023-10,2026-03,22,778,66122.22
18343,FOUR ROSES SINGLE BARREL OBSF,830,KIRIN BEER & SPIRITS OF AMERICA INC / FOUR ROSES DISTILLERY,SINGLE BARREL BOURBON WHISKIES,750,6,2025-05,2025-05,1,769,28837.5
86536,DAVIESS COUNTY KSBW CAB FINISHED,434,LUXCO INC,STRAIGHT BOURBON WHISKIES,750,6,2020-03,2022-03,24,768,28800
926269,CENTURY FARMS PRAIRIE STATES BOURBON,594,"AMERICAN HERITAGE DISTILLERS, LLC / CENTURY FARMS DISTILLERY",SINGLE BARREL BOURBON WHISKIES,750,12,2020-09,2022-03,9,768,10391.04
25090,BASIL HAYDEN MALTED RYE,65,JIM BEAM BRANDS,STRAIGHT BOURBON WHISKIES,750,6,2024-02,2026-04,27,767,34155.75
16679,BASIL HAYDEN 10YR,65,JIM BEAM BRANDS,STRAIGHT BOURBON WHISKIES,750,6,2025-07,2026-03,9,764,48705
21209,REBEL KSBW 100PRF 6YR,434,LUXCO INC,STRAIGHT BOURBON WHISKIES,750,6,2024-03,2026-01,20,760,33367.5
19909,NELSON BROS WHISKEY RESERVE BOURBON,115,CONSTELLATION BRANDS INC,STRAIGHT BOURBON WHISKIES,750,6,2022-04,2024-07,28,757,34065
76335,BIB & TUCKER GOLD ROAST BOURBON,978,W J DEUTSCH & SONS LTD,STRAIGHT BOURBON WHISKIES,750,6,2025-06,2026-04,11,753,28237.5
26782,WOODY CREEK DISTILLERS COLORADO STRAIGHT BOURBON WHISKEY,684,WOODY CREEK DISTILLERS LLC,STRAIGHT BOURBON WHISKIES,750,6,2021-06,2023-01,20,747,28012.5
17260,RANCH ROAD STRAIGHT BOURBON WHISKEY,661,BEDFORD & GROVE LLC/ CHANKASKA CREEK AND RANCH WINERY,STRAIGHT BOURBON WHISKIES,750,6,2021-06,2023-02,21,746,26017
21589,EH TAYLOR JR SINGLE BARREL,421,SAZERAC COMPANY  INC,SINGLE BARREL BOURBON WHISKIES,750,6,2021-11,2024-02,2,744,38255.94
903672,OLD FORESTER BOURBON 86 PRF,85,BROWN-FORMAN CORPORATION,STRAIGHT BOURBON WHISKIES,750,12,2013-10,2015-04,12,744,9768.72
86404,RED CABIN BOURBON,655,"CENTRAL STANDARD, LLC",STRAIGHT BOURBON WHISKIES,750,6,2021-08,2023-01,17,738,24907.5
16502,AMERICAN BORN BOURBON WHISKEY,342,DV SPIRITS LLC,STRAIGHT BOURBON WHISKIES,750,12,2017-05,2025-08,38,734,13539
73743,EZRA BROOKS CINNAMON,434,LUXCO-ST LOUIS,STRAIGHT BOURBON WHISKIES,750,12,2013-05,2014-07,15,716,6268.08
16916,BORDER BOURBON,164.0,45TH PARALLEL SPIRITS,STRAIGHT BOURBON WHISKIES,750,6,2020-09,2022-07,15,715,36915.45
76755,RD ONE DOUBLE FINISHED WITH OAK AND MAPLE BARRELS,368,PARK STREET IMPORTS,STRAIGHT BOURBON WHISKIES,750,6,2023-11,2026-04,30,712,38398.5
18390,GARRISON BROTHERS SMALL BATCH STRAIGHT BOURBON,917,"LONE STAR DISTILLERY, LLC/GARRISON BROTHERS DISTILLERY",STRAIGHT BOURBON WHISKIES,750,6,2023-07,2026-04,33,706,47676.18
19045,JEFFERSONS RESERVE OLD RUM CASK,370,PERNOD RICARD USA,STRAIGHT BOURBON WHISKIES,750,6,2024-09,2026-04,19,697,39185.34
916497,REBEL BOTTLED IN BOND BTB,434,LUXCO INC,SINGLE BARREL BOURBON WHISKIES,750,6,2025-08,2025-08,1,690,31050
921602,E.H. TAYLOR SMALL BATCH BOURBON,421,"SAZERAC CO., INC.",STRAIGHT BOURBON WHISKIES,750,6,2013-01,2014-11,9,678,22374
26771,OLD SOUL BOURBON,786,BOTTLE TREE BEVERAGE COMPANY LLC / CATHEAD DISTILLERY,STRAIGHT BOURBON WHISKIES,750,6,2022-05,2023-07,15,672,22417.2
926913,SOOH OLD FORESTER RYE 100PRF,85,BROWN FORMAN CORP.,STRAIGHT BOURBON WHISKIES,750,12,2019-02,2026-04,20,672,12715.2
924854,REVELTON SINGLE BARREL BOURBON BARREL PICK - LOW PROOF,654,REVELTON DISTILLING COMPANY,SINGLE BARREL BOURBON WHISKIES,750,6,2025-02,2026-03,3,672,24192
902207,HA OLD RIP VAN WINKLE 10YR (PAPPY),421,SAZERAC COMPANY  INC,STRAIGHT BOURBON WHISKIES,750,3,2012-10,2025-12,10,668,41230.4
60182,HANDY SCHILLER MANHATTAN,421,SAZERAC COMPANY  INC,STRAIGHT BOURBON WHISKIES,750,6,2024-12,2026-03,16,666,19980
100130,JIM BEAM APPLE W/2 GLASSES,65,JIM BEAM BRANDS,STRAIGHT BOURBON WHISKIES,750,6,2017-05,2017-08,4,661,10404.14
925981,UNCLE NEAREST SINGLE BARREL BUY THE BARREL,368,PARK STREET IMPORTS,SINGLE BARREL BOURBON WHISKIES,750,6,2024-06,2024-12,3,660,59400
17552,CROW 86,65,JIM BEAM BRANDS,STRAIGHT BOURBON WHISKIES,750,12,2025-07,2026-04,10,655,6386.25
927832,STRAIGHT BOURBON WHISKEY,154,IOWA DISTILLING COMPANY,STRAIGHT BOURBON WHISKIES,750,6,2015-12,2015-12,1,654,3682.02
22470,REDWOOD EMPIRE PIPE DREAM BOURBON CASK STRENGTH,926,"GRATON SPIRITS COMPANY, LLC / PURPLE BRANDS",STRAIGHT BOURBON WHISKIES,750,6,2025-03,2026-04,13,654,34335
916666,ORPHAN BARREL BARTERHOUSE HA,260,DIAGEO AMERICAS,STRAIGHT BOURBON WHISKIES,750,6,2014-03,2016-04,5,654,36741.72
77121,REBEL RESERVE CHERRY,434,LUXCO-ST LOUIS,STRAIGHT BOURBON WHISKIES,750,6,2012-07,2014-03,21,648,12961.01
21629,TINCUP BOURBON WHISKEY,395,PROXIMO,STRAIGHT BOURBON WHISKIES,750,12,2025-06,2026-04,11,646,19302.48
25113,LEADSLINGERS BOURBON WHISKEY 10YR,100,AIKO IMPORTERS INC,STRAIGHT BOURBON WHISKIES,750,6,2022-08,2024-02,18,637,47775
921065,SOOH PENELOPE BOURBON TOASTED BARREL FINISH,434,LUXCO INC,STRAIGHT BOURBON WHISKIES,750,6,2023-10,2024-04,7,636,35775
920148,OL' GRIFFIN SINGLE BARREL BOURBON,306.0,MISSISSIPPI RIVER DISTIL,SINGLE BARREL BOURBON WHISKIES,750,6,2020-12,2020-12,1,630,18106.2
26752,3-OAKS DISTILLERY STRAIGHT BOURBON WHISKEY,215,"3-OAKS DISTILLERY, LLC",STRAIGHT BOURBON WHISKIES,750,6,2019-03,2023-01,46,629,16983
16720,BARRELL BOURBON BATCH 036,305,MHW LTD,STRAIGHT BOURBON WHISKIES,750,6,2024-06,2025-09,16,625,39843.75
16607,DOC HOLLIDAY BOURBON BOTTLED IN BOND,100,AIKO IMPORTERS INC,BOTTLED IN BOND BOURBON,750,6,2025-08,2026-01,6,624,21528
921273,REMUS BOURBON 6YR SINGLE BARREL 118.1 BTB,434,LUXCO INC,SINGLE BARREL BOURBON WHISKIES,750,6,2025-08,2025-12,3,623,28035
904837,WILD TURKEY RARE BREED,461,CAMPARI(SKYY),STRAIGHT BOURBON WHISKIES,750,6,2012-01,2016-08,41,621,19469.43
19118,JIM BEAM DISTILLERS CUT,65,JIM BEAM BRANDS,STRAIGHT BOURBON WHISKIES,750,12,2017-11,2018-04,6,614,14131.25
16619,BANKERS CLUB BOURBON RESERVE 5YR,297,LAIRD & COMPANY,STRAIGHT BOURBON WHISKIES,750,6,2023-10,2025-01,16,614,11491.86
917928,ELIJAH CRAIG TOASTED BARREL PROOF PRIVATE BARREL BUY THE BAR,259,HEAVEN HILL BRANDS,STRAIGHT BOURBON WHISKIES,750,12,2024-11,2026-03,2,612,45900
921600,HA EH TAYLOR JR BARREL PROOF,421,SAZERAC COMPANY  INC,STRAIGHT BOURBON WHISKIES,750,6,2014-01,2023-09,7,606,34699.5
922079,WILDERNESS TRAIL WHEATED BOURBON FAMILY RESERVE PVT BARREL,608,WILDERNESS TRAIL DISTILLERY,STRAIGHT BOURBON WHISKIES,750,6,2021-08,2024-06,3,604,33537.36
978258,"OAK AND EDEN SPIRE SELECT 4 GRAIN, AMBURANA BUY THE BARREL",642,"JAMES JOSEPH SANCTIFIED SPIRITS, LLC / OAK&EDEN",STRAIGHT BOURBON WHISKIES,750,6,2022-08,2022-12,2,600,27000
73545,EZRA BROOKS PORT CASK FINISH,434,LUXCO INC,STRAIGHT BOURBON WHISKIES,750,6,2024-05,2025-07,15,599,15723.75
86834,REBEL ROOT BEER,434,LUXCO INC,STRAIGHT BOURBON WHISKIES,750,6,2026-02,2026-04,3,596,8940
17562,DAVID NICHOLSON RESERVE,434,LUXCO INC,STRAIGHT BOURBON WHISKIES,750,6,2022-02,2023-07,18,596,15645
920487,OLD SOUL CASK STRENGTH SINGLE BARREL BUY THE BARREL,786,BOTTLE TREE BEVERAGE COMPANY LLC / CATHEAD DISTILLERY,SINGLE BARREL BOURBON WHISKIES,750,6,2023-08,2023-09,2,594,33412.5
922337,YELLOWSTONE HP 7YR SINGLE BARREL 119 BUY THE BARREL,434,LUXCO INC,SINGLE BARREL BOURBON WHISKIES,750,6,2025-08,2025-10,2,594,31185
27666,BERNHEIM ORIGINAL WHEAT WHISKEY,259,HEAVEN HILL BRANDS,STRAIGHT BOURBON WHISKIES,750,6,2024-11,2026-04,10,589,15461.25
18979,JEFFERSONS RESERVE CASK STRENGTH BOURBON,370,PERNOD RICARD USA,STRAIGHT BOURBON WHISKIES,750,6,2025-03,2026-01,11,588,30864.12
921545,STARLIGHT DISTILLERY INDIANA STRAIGHT BOURBON WHISKEY BUY TH,963,"HUBER ORCHARDS, INC.",STRAIGHT BOURBON WHISKIES,750,6,2024-11,2025-09,2,588,26460
25730,REDWOOD EMPIRE PIPE DREAM 101 BOURBON,926,"GRATON SPIRITS COMPANY, LLC / PURPLE BRANDS",STRAIGHT BOURBON WHISKIES,750,6,2025-03,2026-04,12,577,21637.5
85981,WATKINS SPICED ORANGE,772,INTERCONTINENTAL PACKAGING COMPANY/PRESTIGE BEVERAGE GROUP,STRAIGHT BOURBON WHISKIES,750,12,2023-05,2024-08,16,576,10740
921242,HA 1792 SWEET WHEAT,55,SAZERAC NORTH AMERICA,STRAIGHT BOURBON WHISKIES,750,6,2015-09,2019-11,6,576,16398
921509,SOOH SMOKE WAGON SMALL BATCH BOURBON WHISKEY,460,SHAW-ROSS INTERNATIONAL,STRAIGHT BOURBON WHISKIES,750,6,2024-09,2026-04,13,575,28722.88
19036,JIM BEAM SIGNATURE CRAFT 12YR,65,JIM BEAM BRANDS,STRAIGHT BOURBON WHISKIES,750,6,2013-10,2015-04,19,572,18012.28
17670,DUKE BOURBON WHISKEY,359,PARK STREET IMPORTS-DUKE SPIRITS,STRAIGHT BOURBON WHISKIES,750,6,2015-10,2016-02,5,570,16393.2
926732,SIR WINSTON BARREL PROOF BOURBON,578,S&B FARMS DISTILLERY,SINGLE BARREL BOURBON WHISKIES,750,6,2020-06,2026-04,42,564,24464.7
920186,WELLER FULL PROOF BARREL,421,SAZERAC COMPANY  INC,STRAIGHT BOURBON WHISKIES,750,6,2020-03,2022-05,3,564,21150
26855,TOMS TOWN DOUBLE OAKED BOURBON,690,TOM'S TOWN DISTILLING CO,STRAIGHT BOURBON WHISKIES,750,6,2022-07,2024-02,20,552,19774.02
976615,EZRA BROOKS STAVE FINISH COLLECTION - FRENCH OAK DARK CHOCOL,434,LUXCO INC,STRAIGHT BOURBON WHISKIES,750,6,2024-08,2024-10,3,552,24840
20316,OLD EZRA 7YR,434,LUXCO-ST LOUIS,STRAIGHT BOURBON WHISKIES,750,12,2014-05,2015-09,17,549,7900.11
18392,GARRISON BROTHERS SNGL BRL SAMPLER TEXAS STRAIGHT BOURBON,917,"LONE STAR DISTILLERY, LLC/GARRISON BROTHERS DISTILLERY",SINGLE BARREL BOURBON WHISKIES,750,6,2023-07,2026-04,34,547,49224.53
917562,DAVID NICHOLSON RESERVE HA,434,LUXCO-ST LOUIS,STRAIGHT BOURBON WHISKIES,750,12,2016-08,2022-02,14,546,15907.5
916464,1792 BOTTLED IN BOND SAZERAC BARREL SELECT KENTUCKY STRAIGHT,421,SAZERAC COMPANY  INC,STRAIGHT BOURBON WHISKIES,750,6,2025-03,2025-09,2,546,18018
921511,SOOH SMOKE WAGON UNCUT UNFILTERED STRAIGHT BOURBON WHISKEY,460,SHAW-ROSS INTERNATIONAL,STRAIGHT BOURBON WHISKIES,750,6,2024-09,2026-04,13,543,37654.74
17630,DAVIESS COUNTY KENTUCKY STRAIGHT BOURBON WHISKEY,434,LUXCO INC,STRAIGHT BOURBON WHISKIES,750,6,2020-03,2021-07,17,541,18258.75
919043,JEFFERSONS RESERVE BUY THE BARREL,91,CASTLE BRANDS,STRAIGHT BOURBON WHISKIES,750,6,2019-06,2019-08,2,540,19845
985684,OAK & EDEN SPIRE SELECT WHEAT AMBURANA BUY THE BARREL,642,"JAMES JOSEPH SANCTIFIED SPIRITS, LLC / OAK&EDEN",STRAIGHT BOURBON WHISKIES,750,6,2022-08,2023-04,2,540,24300
903625,OLD WELLER 107 ANTIQUE BOURBON 7YR HA,421,"SAZERAC CO., INC.",STRAIGHT BOURBON WHISKIES,750,12,2012-02,2014-02,15,540,8483.4
86912,NOBLE OAK DOUBLE OAK BOURBON,266,EDRINGTON GROUP USA LLC,STRAIGHT BOURBON WHISKIES,750,6,2023-09,2025-01,17,536,14050.17
77122,REBEL RESERVE HONEY,434,LUXCO-ST LOUIS,STRAIGHT BOURBON WHISKIES,750,6,2012-07,2014-03,21,530,10600.92
21075,PRICHARD'S DOUBLE BARRELED,969,AVENIU BRANDS,STRAIGHT BOURBON WHISKIES,750,6,2012-10,2018-01,27,529,28137.11
522,MAKERS MARK W/HOLIDAY ORNAMENT,65.0,JIM BEAM BRANDS,STRAIGHT BOURBON WHISKIES,750,6,2020-10,2020-10,1,528,13860
24693,TRAVELLER FULL PROOF,421,SAZERAC COMPANY  INC,STRAIGHT BOURBON WHISKIES,750,12,2026-04,2026-04,1,522,15660
920319,OLD EZRA 7YR BOURBON BTB,434,LUXCO INC,SINGLE BARREL BOURBON WHISKIES,750,6,2025-07,2025-09,3,522,31320
28302,CODY ROAD BOURBON CF STAFF BARREL,306,MISSISSIPPI RIVER DISTILLING COMPANY LLC,BOTTLED IN BOND BOURBON,750,6,2022-08,2022-09,2,522,15002.28
16447,HARD TRUTH SWEET MASH WHEATED BOURBON - BOTTLED IN BOND,873,HARD TRUTH DISTILLING COMPANY LLC,BOTTLED IN BOND BOURBON,750,6,2025-06,2026-04,11,518,21367.5
17669,DUKE,368,PARK STREET IMPORTS,STRAIGHT BOURBON WHISKIES,750,12,2016-05,2016-12,8,518,15185.28
924855,REVELTON SINGLE BARREL BOURBON BARREL PICK - HIGH PROOF,654,REVELTON DISTILLING COMPANY,SINGLE BARREL BOURBON WHISKIES,750,6,2024-12,2026-02,4,516,21672
974304,CM TOPPLING GOLIATH STRAIGHT BOURBON WHISKEY BUY THE BARREL,229,DEHNER DISTILLERY,STRAIGHT BOURBON WHISKIES,750,6,2023-12,2023-12,1,516,54180
86923,WILD TURKEY SPICED,461,CAMPARI(SKYY),STRAIGHT BOURBON WHISKIES,750,12,2013-11,2014-11,12,509,8016.75
916466,HA 1792 BOTTLED IN BOND BOURBON,421,SAZERAC COMPANY  INC,BOTTLED IN BOND BOURBON,750,6,2018-06,2020-03,7,508,15240
28147,MERICA SMALL BATCH BOURBON,565,FAMOUS BRANDS,STRAIGHT BOURBON WHISKIES,750,6,2019-02,2020-02,12,503,12072
918288,FILIBUSTER SINGLE ESTATE,244,FILIBUSTER BARRELS LLC,STRAIGHT BOURBON WHISKIES,750,6,2021-04,2023-11,7,496,19844.96
19502,MAKERS MARK WOOD FINISHING SERIES,65,JIM BEAM BRANDS,STRAIGHT BOURBON WHISKIES,750,6,2024-09,2024-10,2,492,25830
921589,E.H. TAYLOR JR. SINGLE BARREL HA,421,"SAZERAC CO., INC.",STRAIGHT BOURBON WHISKIES,750,6,2013-01,2016-05,5,492,24602.4
85688,OAK & EDEN WHEAT & HONEY,642,"JAMES JOSEPH SANCTIFIED SPIRITS, LLC / OAK&EDEN",STRAIGHT BOURBON WHISKIES,750,6,2022-09,2024-02,17,491,20253.75
28012,10TH MOUNTAIN BOURBON,522,10TH MOUNTAIN WHISKEY AND SPIRIT COMPANY,STRAIGHT BOURBON WHISKIES,750,6,2023-12,2025-10,23,489,25017.75
17632,DAVIESS COUNTY KSBW FRENCH OAK FINISHED,434,LUXCO INC,STRAIGHT BOURBON WHISKIES,750,6,2020-03,2021-07,17,489,18337.5
28026,SMOOTH AMBLER CONTRADICTION BOURBON,370,PERNOD RICARD USA,STRAIGHT BOURBON WHISKIES,750,6,2024-08,2026-02,19,488,12805.12
921806,HA VERY OLD BARTON 6YR,55,SAZERAC NORTH AMERICA,STRAIGHT BOURBON WHISKIES,750,12,2017-05,2022-02,7,487,6065.25
922081,WILDERNESS TRAIL HIGH RYE BOURBON FAMILY RESERVE PVT BARREL,608,WILDERNESS TRAIL DISTILLERY,STRAIGHT BOURBON WHISKIES,750,6,2019-12,2024-06,3,482,23123.04
86952,NOT YOUR FATHERS BOURBON,528.0,PHUSION PROJECTS LLC,STRAIGHT BOURBON WHISKIES,750,6,2018-11,2020-01,15,477,10732.5
922178,RUSSELL'S RESERVE SINGLE BARREL - BARREL,461,CAMPARI(SKYY),STRAIGHT BOURBON WHISKIES,750,6,2015-11,2020-08,3,474,21478.5
976619,REBEL STAVE FINISH COLLECTION - CARAMEL HONEY BTB,434,LUXCO INC,STRAIGHT BOURBON WHISKIES,750,6,2024-08,2024-08,1,474,21330
919121,JEFFERSONS RESERVE PRITCHARD HILL BARREL,370,PERNOD RICARD USA,STRAIGHT BOURBON WHISKIES,750,6,2023-09,2023-09,1,474,28425.78
21672,TOWN BRANCH BOURBON,916,ALLTECH BEVERAGE DIVISION LLC,STRAIGHT BOURBON WHISKIES,750,6,2023-10,2024-12,15,470,14100
78191,BP ANGELS ENVY BARREL,35,BACARDI USA INC,STRAIGHT BOURBON WHISKIES,750,6,2023-10,2025-04,3,469,31652.81
403,JIM BEAM W/ BARBECUE SAUCE,65,JIM BEAM BRANDS,STRAIGHT BOURBON WHISKIES,750,6,2016-03,2016-04,2,468,7366.32
21526,STILL AUSTIN THE MUSICIAN STRAIGHT BOURBON,368,PARK STREET IMPORTS,STRAIGHT BOURBON WHISKIES,750,6,2026-04,2026-04,1,468,15795
917676,EAGLE RARE SINGLE BARREL BUY THE BARREL,421,"SAZERAC CO., INC.",SINGLE BARREL BOURBON WHISKIES,750,6,2015-05,2016-02,2,468,12046.32
903202,GEORGIA MOON CORN WSKY FRUIT JAR 80PRF,259,HEAVEN HILL BRANDS,STRAIGHT BOURBON WHISKIES,750,12,2012-02,2015-04,16,468,3961.8
922036,HA WELLER ANTIQUE BOURBON,421,SAZERAC COMPANY  INC,STRAIGHT BOURBON WHISKIES,750,12,2016-12,2018-09,6,466,8136.75
916664,BARREL SINGLE BARREL BOURBON,305,MHW LTD,STRAIGHT BOURBON WHISKIES,750,6,2020-10,2024-06,10,465,39263.55
76444,OAK & EDEN BOURBON & VINE,642,"JAMES JOSEPH SANCTIFIED SPIRITS, LLC / OAK&EDEN",SINGLE BARREL BOURBON WHISKIES,750,6,2022-05,2023-07,15,464,19140
16853,BIRD DOG KENTUCKY BOURBON,492.0,WESTERN SPIRITS BEVERAGE,STRAIGHT BOURBON WHISKIES,750,6,2017-07,2019-02,20,462,9216.42
916882,HA BOMBERGERS DECLARATION BOURBON,287,CHATHAM IMPORTS INC,STRAIGHT BOURBON WHISKIES,750,3,2022-04,2025-08,7,458,40860
25981,UNCLE NEAREST SINGLE BARREL PREMIUM WHISKEY,368,PARK STREET IMPORTS,SINGLE BARREL BOURBON WHISKIES,750,6,2024-01,2026-04,23,458,32976
18669,HEAVEN HILL BOURBON 90TH ANNIVERSARY EDITION,259,HEAVEN HILL BRANDS,STRAIGHT BOURBON WHISKIES,750,3,2026-01,2026-01,1,456,42750
921796,VERY OLD BARTON 4YR,55,SAZERAC NORTH AMERICA,STRAIGHT BOURBON WHISKIES,750,12,2015-09,2019-01,15,456,4446
17920,ELIJAH CRAIG 18YR SINGLE BARREL,259,HEAVEN HILL BRANDS,STRAIGHT BOURBON WHISKIES,750,3,2020-04,2021-04,3,456,47759.68
976617,REBEL STAVE FINISH COLLECTION RICH MOCHA BUY THE BARREL,434,LUXCO INC,STRAIGHT BOURBON WHISKIES,750,6,2024-09,2024-11,2,456,20520
917093,BULLEIT SINGLE BARREL BUY THE BARREL,260,DIAGEO AMERICAS,SINGLE BARREL BOURBON WHISKIES,750,12,2025-02,2025-04,2,456,20515.44
86570,JOSEPH MAGNUS CIGAR BLEND BOURBON,477,VINO.COM DBA TOTAL BEVERAGE SOLUTION,STRAIGHT BOURBON WHISKIES,750,6,2025-08,2026-02,7,454,68263.44
926350,HA CEDAR RIDGE BOURBON: SINGLE BARREL COLLECTION (S.B.C.),125,CEDAR RIDGE VINEYARDS LL,STRAIGHT BOURBON WHISKIES,750,6,2021-05,2025-04,8,450,23625
21056,PENELOPE ESTATE COLLECTION PRIVATE SELECT 9YR,434,LUXCO INC,STRAIGHT BOURBON WHISKIES,750,6,2024-09,2024-10,2,450,27000
20494,OLD LOUISVILLE WHISKEY CO. STRAIGHT BOURBON,937,OLD LOUISVILLE WHISKEY CO. LLC,STRAIGHT BOURBON WHISKIES,750,6,2023-12,2026-02,26,446,36795
24646,CENTURY FARMS GRIDIRON BOURBON,594,"AMERICAN HERITAGE DISTILLERS, LLC / CENTURY FARMS DISTILLERY",SINGLE BARREL BOURBON WHISKIES,750,6,2025-10,2026-04,7,446,20070
976351,PENELOPE PROJECT X OLOROSO SHERRY BTB,434,LUXCO INC,STRAIGHT BOURBON WHISKIES,750,6,2025-06,2025-09,3,444,23310
926231,SIR WINSTON WHEAT WHISKEY,578,S&B FARMS DISTILLERY,SINGLE BARREL BOURBON WHISKIES,750,6,2020-10,2026-04,39,444,14141.4
919481,MAKER'S MARK CASK STRENGTH HA,65,JIM BEAM BRANDS,STRAIGHT BOURBON WHISKIES,750,6,2015-05,2016-02,4,432,20501.88
919042,JEFFERSONS OCEAN AGED AT SEA BUY THE BARREL,91.0,CASTLE BRANDS,STRAIGHT BOURBON WHISKIES,750,6,2019-06,2019-08,2,432,25272
76439,OAK & EDEN BOURBON & BREW,642,"JAMES JOSEPH SANCTIFIED SPIRITS, LLC / OAK&EDEN",STRAIGHT BOURBON WHISKIES,750,6,2022-05,2023-07,13,432,17820
21139,PENELOPE BARREL STRENGTH 7YR,434,LUXCO INC,STRAIGHT BOURBON WHISKIES,750,6,2026-03,2026-04,2,432,19440
16242,REDWOOD EMPIRE BOTTLED IN BOND GRIZZLY BEAST BOURBON,926,"GRATON SPIRITS COMPANY, LLC / PURPLE BRANDS",STRAIGHT BOURBON WHISKIES,750,6,2025-07,2026-04,10,428,27961.24
24560,TRUE AMERICAN BOURBON,877,RED OX DISTILLERY LLC,STRAIGHT BOURBON WHISKIES,750,12,2026-02,2026-04,3,427,17071.46
27877,COUNTRY SMOOTH SMALL BATCH STRAIGHT BOURBON WHISKEY,688,COUNTRY SMOOTH SPIRITS,STRAIGHT BOURBON WHISKIES,750,6,2021-06,2022-07,14,426,9482.76
85982,WATKINS CINNAMON APPLE,772,INTERCONTINENTAL PACKAGING COMPANY/PRESTIGE BEVERAGE GROUP,STRAIGHT BOURBON WHISKIES,750,12,2023-05,2024-08,16,424,7875
916463,SOOH STEEPLE RIDGE BOTTLED IN BOND 4 GRAIN BOURBON,325,LONELY OAK DISTILLERY,BOTTLED IN BOND BOURBON,750,6,2024-11,2026-04,11,424,15900
917659,DOUBLE BARREL BOURBON,645,ROCKY TOP INVESTMENTS / ROCK RIVER DISTILLATION,STRAIGHT BOURBON WHISKIES,750,12,2020-12,2024-08,2,420,12915
27928,JOSEPH MAGNUS STRAIGHT BOURBON,755,WINESOURCE INTERNATIONAL INC.,STRAIGHT BOURBON WHISKIES,750,6,2024-03,2026-04,26,420,31575.6
996930,THE CLOVER STRAIGHT BOURBON BUY THE BARREL,384.0,PIEDMONT DISTILLERS INC,SINGLE BARREL BOURBON WHISKIES,750,6,2021-07,2021-11,2,420,16779
919320,HA KENTUCKY OWL CONFISCATED,277,STOLI GROUP,STRAIGHT BOURBON WHISKIES,750,6,2019-07,2022-04,6,414,49677.3
918514,HARD TRUTH SWEET MASH BOURBON CASK STRENGTH SINGLE BARREL BU,873,HARD TRUTH DISTILLING COMPANY LLC,SINGLE BARREL BOURBON WHISKIES,750,6,2025-11,2026-04,2,414,18630
19920,NEW RIFF SINGLE BARREL BOURBON,874,NEW RIFF DISTILLING,SINGLE BARREL BOURBON WHISKIES,750,6,2026-03,2026-04,2,414,15520.86
921970,WATHEN'S SINGLE BARREL BOURBON,198,FRANK LIN DISTILLERS PRO,BOTTLED IN BOND BOURBON,750,6,2017-03,2025-10,30,414,12420
902790,HA WILD TURKEY KENTUCKY SPIRIT,619,CAMPARI AMERICA,STRAIGHT BOURBON WHISKIES,750,6,2012-02,2020-07,22,413,17275.74
21064,PENELOPE PRIVATE SELECT 9YR,434,LUXCO INC,STRAIGHT BOURBON WHISKIES,750,6,2023-09,2023-10,2,410,27675
21540,STAGG JR.,421.0,SAZERAC COMPANY  INC,STRAIGHT BOURBON WHISKIES,750,6,2020-09,2020-09,1,409,15946.91
926263,FOUNDRY SINGLE MALT WHISKEY,566,"FOUNDRY DISTILLING COMPANY, LLC",STRAIGHT BOURBON WHISKIES,750,6,2022-03,2025-05,8,408,12235.92
925651,SIR WINSTON WHEATED BOURBON,578,S&B FARMS DISTILLERY,STRAIGHT BOURBON WHISKIES,750,6,2025-11,2026-04,6,408,13606.8
21796,VERY OLD BARTON BOURBON CRAFTED 80PRF,421,SAZERAC COMPANY  INC,STRAIGHT BOURBON WHISKIES,750,12,2023-03,2024-08,17,406,4047
922340,WOODFORD RESERVE DOUBLE OAKED BARREL PROOF PERSONAL SELECTIO,85,BROWN FORMAN CORP.,STRAIGHT BOURBON WHISKIES,750,6,2025-12,2026-02,2,402,31327.86
925792,TIP THE COW,566,"FOUNDRY DISTILLING COMPANY, LLC",SINGLE BARREL BOURBON WHISKIES,750,6,2024-01,2024-01,1,402,18291
916809,HA BLANTONS STRAIGHT FROM THE BARREL BOURBON,421,SAZERAC COMPANY  INC,STRAIGHT BOURBON WHISKIES,750,6,2021-03,2024-03,6,401,45112.5
997100,KINGS COUNTY DISTILLERY STRAIGHT BOURBON WHISKEY,511,KINGS COUNTY DISTILLERY,STRAIGHT BOURBON WHISKIES,750,6,2020-03,2026-01,33,401,21452.05
925514,ARTISAN GRAIN LIMITED BOURBON,659,"BUCKTOWN DISTILLING CO., LLC / ARTISAN GRAIN DISTILLERY",STRAIGHT BOURBON WHISKIES,750,6,2021-06,2021-12,2,396,3655.08
922298,WOODINVILLE STRAIGHT BOURBON SINGLE BARREL BUY THE BARREL,420,MOET HENNESSY USA,SINGLE BARREL BOURBON WHISKIES,750,12,2024-10,2024-12,2,396,20786.04
16214,ADICTIVO WHISKEY SMALL BATCH,163,STOLLER IMPORTS INC / MARSALLE COMPANY,SINGLE BARREL BOURBON WHISKIES,750,6,2024-11,2026-02,9,390,29250
922470,HA REDWOOD EMPIRE PIPE DREAM BOURBON,926,"GRATON SPIRITS COMPANY, LLC / PURPLE BRANDS",STRAIGHT BOURBON WHISKIES,750,6,2024-04,2024-07,2,390,22230
16917,BIRD DOG SELECT RESERVE BOURBON,492,WESTERN SPIRITS BEVERAGE,STRAIGHT BOURBON WHISKIES,750,6,2026-02,2026-04,3,390,6727.5
921169,RABBIT HOLE WHISKEY HEIGOLD BUY THE BARREL,370,PERNOD RICARD USA,SINGLE BARREL BOURBON WHISKIES,750,6,2024-05,2024-09,2,390,33059.4
918860,HA LARCENY BARREL PROOF,259,HEAVEN HILL BRANDS,STRAIGHT BOURBON WHISKIES,750,3,2020-07,2022-02,5,387,14565
903203,HENRY MCKENNA KY STR BOURBON SOUR MASH,259,HEAVEN HILL BRANDS,STRAIGHT BOURBON WHISKIES,750,12,2012-02,2016-07,18,385,3495.27
918376,FOUR ROSES SMALL BATCH SELECT,184,FOUR ROSES DISTILLERY,STRAIGHT BOURBON WHISKIES,750,6,2020-11,2021-09,4,384,17280
928298,OLD ELK WHEAT WHISKEY SINGLE BARREL,536.0,OLD ELK DISTILLERIES LLC,SINGLE BARREL BOURBON WHISKIES,750,6,2020-10,2022-09,2,384,20160
921253,1792 SINGLE BARREL KENTUCKY STRAIGHT BOURBON SAZERAC BARREL,421,SAZERAC COMPANY  INC,STRAIGHT BOURBON WHISKIES,750,6,2024-08,2025-06,2,384,13248
27163,KNOTTER BOURBON,107,BLAUM BROTHERS DISTILLING CO,STRAIGHT BOURBON WHISKIES,750,6,2017-01,2018-07,19,382,11970
21673,TOWN BRANCH TRUE CASK BOURBON,916,ALLTECH BEVERAGE DIVISION LLC,STRAIGHT BOURBON WHISKIES,750,6,2023-10,2025-01,16,379,13359.75
19501,MAKERS MARK WOOD FINISHING SERIES BEP,65,JIM BEAM BRANDS,STRAIGHT BOURBON WHISKIES,750,6,2023-07,2023-10,2,378,19845
21168,RD ONE KY STRAIGHT BOURBON WHISKEY,368,PARK STREET IMPORTS,STRAIGHT BOURBON WHISKIES,750,6,2023-11,2025-01,15,378,17796
21384,SAM HOUSTON SMALL BATCH RESERVE BOURBON,492,WESTERN SPIRITS BEVERAGE,STRAIGHT BOURBON WHISKIES,750,6,2026-02,2026-04,3,374,22496.1
19239,KNOB CREEK 12YR,65,JIM BEAM BRANDS,STRAIGHT BOURBON WHISKIES,750,6,2025-11,2026-04,3,372,19530
27740,SOLDIER VALLEY BOURBON,315,PATRIARCH DISTILLERS,STRAIGHT BOURBON WHISKIES,750,6,2014-08,2015-12,17,368,11135.68
919232,KNOB CREEK SINGLE BARREL BUY THE BARREL,65,JIM BEAM BRANDS,STRAIGHT BOURBON WHISKIES,750,6,2016-12,2018-09,3,366,13823.82
27486,CABIN FEVER MAPLE FLAVORED WHISKY,260,DIAGEO AMERICAS,STRAIGHT BOURBON WHISKIES,750,6,2012-01,2012-11,9,363,5815.26
918384,FREY RANCH STRAIGHT BOURBON WHISKEY,368,PARK STREET IMPORTS,STRAIGHT BOURBON WHISKIES,750,6,2020-11,2026-04,12,362,16080.18
76252,PENELOPE HAVANA RUM MAPLE DOUBLE CASK FINISH,434,LUXCO INC,STRAIGHT BOURBON WHISKIES,750,6,2025-01,2025-02,2,361,21660
86538,GARRISON BROTHERS HONEY DEW STRAIGHT BOURBON WHISKEY,917,"LONE STAR DISTILLERY, LLC/GARRISON BROTHERS DISTILLERY",STRAIGHT BOURBON WHISKIES,750,6,2023-07,2025-02,19,361,24378.33
19461,LUX ROW FOUR GRAIN DOUBLE BARREL,434,LUXCO INC,STRAIGHT BOURBON WHISKIES,750,6,2023-08,2023-09,2,360,24300
926234,REDEMPTION HIGH RYE BOURBON SINGLE BARREL SELECT,978,W J DEUTSCH & SONS LTD,STRAIGHT BOURBON WHISKIES,750,6,2022-01,2022-05,2,360,12063.6
22056,WHEEL HORSE BOURBON,768,LATITUDE BEVERAGE COMPANY,STRAIGHT BOURBON WHISKIES,750,6,2022-03,2023-03,11,360,9597.6
922557,HA BIB & TUCKER 10 YEAR BOURBON,978,W J DEUTSCH & SONS LTD,STRAIGHT BOURBON WHISKIES,750,6,2024-11,2025-12,2,360,24300
920308,OLD ELK WHEATED BOURBON SINGLE BARREL BUY THE BARREL,536,OLD ELK DISTILLERIES LLC,SINGLE BARREL BOURBON WHISKIES,750,6,2024-02,2024-10,2,354,21240
994850,TRAVERSE CITY WHISKEY CO. AMERICAN CHERRY EDITION,428,"TRAVERSE CITY WHISKEY CO / TCWC, LLC",STRAIGHT BOURBON WHISKIES,750,6,2017-10,2026-01,33,354,10266
986725,HA MICHTERS 10YR OLD SINGLE BARREL,287,CHATHAM IMPORTS INC,STRAIGHT BOURBON WHISKIES,750,3,2016-07,2025-11,18,354,42210
16835,BIRD DOG 10YR,492,WESTERN SPIRITS BEVERAGE,STRAIGHT BOURBON WHISKIES,750,6,2017-02,2018-07,18,353,10980
919233,KNOB CREEK LONGHORN STEAKHOUSE SINGLE BARREL,65.0,JIM BEAM BRANDS,STRAIGHT BOURBON WHISKIES,750,6,2019-02,2020-12,11,348,11233.44
918638,BEN HOLLADAY ONE BARREL BUY THE BARREL,300,MCCORMICK DISTILLING CO.,SINGLE BARREL BOURBON WHISKIES,750,6,2023-10,2023-10,1,348,20880
19458,LUCA MARIANO SINGLE BARREL BOURBON,756,"LUCA MARIANO DISTILLERY, LLC",STRAIGHT BOURBON WHISKIES,750,6,2023-05,2024-07,15,347,23131.02
16196,JIM BEAM BONDED,65,JIM BEAM BRANDS,BOTTLED IN BOND BOURBON,750,12,2015-01,2016-01,13,346,7355.96
19038,JIM BEAM SIGNATURE CRAFT BRANDY FINISH,65,JIM BEAM BRANDS,STRAIGHT BOURBON WHISKIES,750,6,2013-10,2014-12,15,342,10769.58
921946,WILD TURKEY KENTUCKY SPIRIT BARREL,461,CAMPARI(SKYY),SINGLE BARREL BOURBON WHISKIES,750,6,2015-07,2015-12,2,342,13594.5
921538,STAGG BOURBON BUY THE BARREL,421,SAZERAC COMPANY  INC,STRAIGHT BOURBON WHISKIES,750,6,2022-08,2024-01,3,342,13565.1
22036,WELLER ANTIQUE 107 BOURBON,421,SAZERAC COMPANY  INC,STRAIGHT BOURBON WHISKIES,750,12,2026-02,2026-03,2,342,14364
986494,THOMAS S. MOORE PORT CASKS EXTENDED CASK FINISH,55.0,SAZERAC NORTH AMERICA,STRAIGHT BOURBON WHISKIES,750,6,2021-04,2021-11,5,342,17955
19496,MAKER''S MARK WOOD FINISHING SERIES SE4,65,JIM BEAM BRANDS,STRAIGHT BOURBON WHISKIES,750,6,2020-08,2020-08,1,337,15165
916839,BLACK SADDLE BOURBON,198,FRANK LIN DISTILLERS PRO,STRAIGHT BOURBON WHISKIES,750,6,2015-04,2025-01,24,336,13023.36
922188,HA WIDOW JANE LUCKY THIRTEEN,259,HEAVEN HILL BRANDS,STRAIGHT BOURBON WHISKIES,750,6,2023-10,2026-01,7,324,30375
976352,PENELOPE PROJECT X COGNAC BTB,434,LUXCO INC,STRAIGHT BOURBON WHISKIES,750,6,2025-04,2025-08,2,324,17010
976354,PENELOPE PROJECT X PX SHERRY BTB,434,LUXCO INC,STRAIGHT BOURBON WHISKIES,750,6,2025-06,2025-11,2,324,17010
903663,HA WILLIAM L WELLER 2022,421,SAZERAC COMPANY  INC,STRAIGHT BOURBON WHISKIES,750,3,2012-10,2023-12,9,323,25103.16
19629,MARY DOWLING WINTER WHEAT,91,CASTLE BRANDS,STRAIGHT BOURBON WHISKIES,750,6,2024-10,2026-02,16,318,14310
24508,PENELOPE CIGAR SESSIONS CHAPTER 1,434,LUXCO INC,STRAIGHT BOURBON WHISKIES,750,6,2025-05,2025-05,1,318,19080
927036,HA THOMAS HANDY 2024 RYE,421,SAZERAC COMPANY  INC,STRAIGHT BOURBON WHISKIES,750,3,2024-12,2026-01,3,315,35437.5
22404,BERNHEIM ORIGINAL WHEAT BARREL PROOF,259,HEAVEN HILL BRANDS,STRAIGHT BOURBON WHISKIES,750,3,2026-01,2026-02,2,313,16667.25
916906,HA BOOKERS,65,JIM BEAM BRANDS,STRAIGHT BOURBON WHISKIES,750,6,2018-10,2022-04,2,312,18720
902795,OLD GRAND-DAD SPECIAL SELECTION 114,65,JIM BEAM BRANDS,STRAIGHT BOURBON WHISKIES,750,12,2012-02,2016-04,18,312,6014.4
976353,PENELOPE PROJECT X OLOROSO COGNAC DOUBLE CASK BTB,434,LUXCO INC,STRAIGHT BOURBON WHISKIES,750,6,2025-06,2025-07,2,312,16380
18788,I.W. HARPER,260,DIAGEO AMERICAS,STRAIGHT BOURBON WHISKIES,750,12,2015-05,2015-12,8,310,6971.9
20495,OLD LOUISVILLE WHISKEY CO. STRAIGHT BOURBON SINGLE BARREL,937,OLD LOUISVILLE WHISKEY CO. LLC,STRAIGHT BOURBON WHISKIES,750,6,2026-03,2026-04,2,309,20857.5
21296,RUDDELLS MILL KENTUCKY STRAIGHT BOURBON WHISKEY,557,"WORLDWIDE LIBATIONS, LLC",STRAIGHT BOURBON WHISKIES,750,6,2023-06,2025-01,19,309,11542.5
918417,HA REMUS REPEAL RESERVE BOURBON II,368.0,PARK STREET IMPORTS,STRAIGHT BOURBON WHISKIES,750,6,2018-11,2020-08,6,306,20159.28
904328,HA ROCK HILL FARMS BOURBON,421,SAZERAC COMPANY  INC,STRAIGHT BOURBON WHISKIES,750,6,2012-01,2024-11,14,305,13675.5
18267,FIRST WEST BY 15 STARS SMALL BATCH,878,"15 STARS, LLC",STRAIGHT BOURBON WHISKIES,750,6,2025-07,2026-04,10,304,16716.96
25512,ARTISAN GRAIN SMALL BATCH BOURBON,659,"BUCKTOWN DISTILLING CO., LLC / ARTISAN GRAIN DISTILLERY",STRAIGHT BOURBON WHISKIES,750,6,2021-07,2022-03,9,302,12231
925849,FOUNDRY WHISKEY CABERNET CASK FINISHED,566,"FOUNDRY DISTILLING COMPANY, LLC",STRAIGHT BOURBON WHISKIES,750,12,2024-06,2024-06,1,300,6750
919411,FOUR GRAIN STRAIGHT BOURBON,539,GARGOYLE ENTERPRISES / LAWS WHISKEY HOUSE,STRAIGHT BOURBON WHISKIES,750,6,2020-04,2025-10,24,300,15750
918359,FOUR ROSES PRIVATE SELECTION 100PRF SINGLE BARREL,184,FOUR ROSES DISTILLERY,SINGLE BARREL BOURBON WHISKIES,750,6,2015-01,2015-01,1,300,9078
925387,BULLHORN WHISKEY,566,"FOUNDRY DISTILLING COMPANY, LLC",SINGLE BARREL BOURBON WHISKIES,750,6,2022-06,2024-02,5,300,9000
76711,PENELOPE RIO,434,LUXCO INC,STRAIGHT BOURBON WHISKIES,750,6,2024-02,2024-02,1,297,20047.5
21691,YELLOWSTONE LIMITED EDITION 2025,434,LUXCO INC,STRAIGHT BOURBON WHISKIES,750,3,2025-10,2025-10,1,297,25616.25
919494,MAKERS MARK 46 CASK STRENGTH,65.0,JIM BEAM BRANDS,STRAIGHT BOURBON WHISKIES,750,6,2020-09,2021-05,3,294,13230
927999,TX BOURBON,370,PERNOD RICARD USA,STRAIGHT BOURBON WHISKIES,750,6,2018-09,2023-10,20,293,11151.16
20318,OLD EZRA 7YR,434,LUXCO INC,STRAIGHT BOURBON WHISKIES,750,6,2025-01,2026-04,16,291,15277.5
18441,GREEN RIVER BOURBON ARMY 250TH EDITION,969,THE BARDSTOWN BOURBON COMPANY LLC,STRAIGHT BOURBON WHISKIES,750,6,2025-10,2025-10,1,290,10872.1
927666,BERNHEIM ORIGINAL WHEAT WHISKEY,259,HEAVEN HILL BRANDS,STRAIGHT BOURBON WHISKIES,750,6,2014-05,2024-06,23,288,8617.14
904099,JIM BEAM'S CHOICE 5 YR,65,JIM BEAM BRANDS,STRAIGHT BOURBON WHISKIES,750,12,2012-07,2016-05,15,288,4459.44
986492,THOMAS S. MOORE CHARDONNARY CASK EXTENDED CASK FINISH,55.0,SAZERAC NORTH AMERICA,STRAIGHT BOURBON WHISKIES,750,6,2021-04,2021-11,5,288,15120
18426,GENTLEMANS CUT BOURBON WHISKEY,460,SHAW-ROSS INTERNATIONAL,STRAIGHT BOURBON WHISKIES,750,6,2025-01,2026-04,12,287,19372.5
25651,SIR WINSTON WHEATED BOURBON,578,S&B FARMS DISTILLERY,STRAIGHT BOURBON WHISKIES,750,6,2024-04,2025-10,18,286,9538.1
26924,DOUGLAS & TODD BOURBON WHISKEY,380.0,PHILLIPS BEVERAGE,SINGLE BARREL BOURBON WHISKIES,750,6,2018-10,2020-02,17,283,9907.83
18216,EZRA BROOKS SINGLE BARREL,434,LUXCO-ST LOUIS,SINGLE BARREL BOURBON WHISKIES,750,6,2014-05,2015-09,17,283,8520.08
17231,ELIJAH CRAIG SMALL BATCH RYDERS CUP,259,HEAVEN HILL BRANDS,STRAIGHT BOURBON WHISKIES,750,3,2025-07,2025-07,1,282,14805
976562,CODY ROAD EXPERIMENTAL - BACKPOCKET BREWING BARREL FINISH,306,MISSISSIPPI RIVER DISTILLING COMPANY LLC,STRAIGHT BOURBON WHISKIES,750,6,2022-10,2025-12,2,282,8037
17111,BULLEIT BOURBON MESQUITE SMOKED MALT,260,DIAGEO AMERICAS,STRAIGHT BOURBON WHISKIES,750,12,2026-04,2026-04,1,281,10534.69
16510,AMERICA FIRST,105,"UBLENDIT, INC.",STRAIGHT BOURBON WHISKIES,750,6,2026-04,2026-04,1,281,10537.5
902203,HA OLD RIP VAN WINKLE 12YR (PAPPY),421,SAZERAC COMPANY  INC,STRAIGHT BOURBON WHISKIES,750,3,2012-04,2025-12,11,279,19588.92
902440,HEAVEN HILL BLACK LABEL DNO,259,HEAVEN HILL BRANDS,STRAIGHT BOURBON WHISKIES,750,12,2012-05,2013-12,5,276,2192.16
922184,HA RUSSELLS RESERVE 13YR BARREL PROOF,619,CAMPARI AMERICA,STRAIGHT BOURBON WHISKIES,750,6,2021-07,2023-09,5,276,23400
921181,RABBIT HOLE CAVEHILL,370.0,PERNOD RICARD USA,STRAIGHT BOURBON WHISKIES,750,6,2020-10,2021-07,9,276,12411.72
926508,STRAIGHT CORN WHISKEY,549,"GREEN FROG DISTILLERY, LLC",STRAIGHT BOURBON WHISKIES,750,6,2021-11,2026-01,14,276,11178
904488,FOUR ROSES YELLOW,184,FOUR ROSES DISTILLERY,STRAIGHT BOURBON WHISKIES,750,12,2012-01,2014-08,14,275,4460.5
19908,NELSON BROS CLASSIC WHISKEY,115,CONSTELLATION BRANDS INC,STRAIGHT BOURBON WHISKIES,750,6,2022-05,2023-08,14,274,8220
76205,OAK & EDEN RESERVE SERIES - BOURBON & AMBURANA,642,"JAMES JOSEPH SANCTIFIED SPIRITS, LLC / OAK&EDEN",STRAIGHT BOURBON WHISKIES,750,6,2024-05,2025-05,13,270,12490.2
916687,BARRELL BOURBON PRIVATE RELEASE,305,MHW LTD,STRAIGHT BOURBON WHISKIES,750,6,2021-09,2024-12,11,270,22952.7
900606,HA OLD FORESTER BIRTHDAY BOURBON 2022,85,BROWN FORMAN CORP.,STRAIGHT BOURBON WHISKIES,750,6,2017-10,2024-10,4,270,33835.68
986490,THOMAS S. MOORE CABERNET SAUVIGNON CASK EXTENDED CASK FINISH,55,SAZERAC NORTH AMERICA,STRAIGHT BOURBON WHISKIES,750,6,2021-04,2022-09,7,270,14175
926737,SIR WINSTON BOURBON CUSTOM LABEL,578,S&B FARMS DISTILLERY,STRAIGHT BOURBON WHISKIES,750,6,2023-03,2026-04,7,270,9004.5
918636,HA HOLLADAY SOFT RED WHEAT RICKHOUSE PROOF,300,MCCORMICK DISTILLING CO.,STRAIGHT BOURBON WHISKIES,750,6,2024-04,2024-07,4,270,15187.5
921230,RHETORIC HA,260,DIAGEO AMERICAS,STRAIGHT BOURBON WHISKIES,750,6,2014-07,2014-11,2,270,18206.1
927676,BLACK MAPLE HILL OREGON STRAIGHT BOURBON,108,CVI BRANDS / CALIFORNIA VINEYARDS INC,STRAIGHT BOURBON WHISKIES,750,6,2017-06,2023-12,28,270,19845
902684,HA GEORGE T STAGG,421,SAZERAC COMPANY  INC,STRAIGHT BOURBON WHISKIES,750,3,2012-10,2023-12,8,268,20531.37
18269,FIRST WEST BY 15 STARS EXTRA AGED,878,"15 STARS, LLC",STRAIGHT BOURBON WHISKIES,750,6,2025-07,2026-04,10,266,18617.34
903299,CHAPIN & GORE STR BOURBON,259,HEAVEN HILL BRANDS,STRAIGHT BOURBON WHISKIES,750,12,2012-07,2013-06,4,264,1660.56
916422,HEAVEN HILL BIB  PRIVATE BARREL BUY THE BARREL,259,HEAVEN HILL BRANDS,STRAIGHT BOURBON WHISKIES,750,6,2025-05,2026-04,2,264,10890
76721,SAVAGE & COOKE BOURBON WHISKEY,606,SAVAGE & COOKE / SANTA CROCE LLC,STRAIGHT BOURBON WHISKIES,750,6,2024-07,2025-09,15,264,11484
18270,FIRST WEST BY 15 STARS TOASTED OAK,878,"15 STARS, LLC",STRAIGHT BOURBON WHISKIES,750,6,2025-07,2026-04,10,261,16309.89
919240,KNOB CREEK 2001 HA,65,JIM BEAM BRANDS,STRAIGHT BOURBON WHISKIES,750,6,2016-06,2018-04,10,259,26508.65
921443,HA 1792 12YR OLD BOURBON,421,SAZERAC COMPANY  INC,STRAIGHT BOURBON WHISKIES,750,6,2021-02,2025-06,3,258,10485
921212,HA REBEL YELL 10YR SINGLE BARREL,434,LUXCO INC,STRAIGHT BOURBON WHISKIES,750,6,2016-11,2019-04,5,258,12247.62
919487,HA MAKERS MARK CELLAR AGED,65,JIM BEAM BRANDS,STRAIGHT BOURBON WHISKIES,750,3,2023-12,2025-10,4,258,33975
18620,HIRSCH SMALL BATCH BOURBON,391,ANCHOR DISTILLING (PREISS IMPORTS),STRAIGHT BOURBON WHISKIES,750,6,2015-10,2016-06,9,256,8368.64
86621,BLOOD OATH PACT NO. 3,434,LUXCO INC,STRAIGHT BOURBON WHISKIES,750,3,2017-05,2017-07,3,255,20655
928302,CODY ROAD BOURBON - CF STAFF PICK,306.0,MISSISSIPPI RIVER DISTIL,BOTTLED IN BOND BOURBON,750,6,2020-11,2020-12,2,252,7242.48
917914,ELIJAH CRAIG CASK BARREL PROOF HA,259,HEAVEN HILL BRANDS,STRAIGHT BOURBON WHISKIES,750,3,2013-05,2016-05,11,252,10199.31
904698,BLACK MAPLE HILL SMALL BATCH DNO,108,CVI BRANDS,STRAIGHT BOURBON WHISKIES,750,12,2012-01,2013-12,9,252,10606.68
903755,PLATTE VALLEY MOONSHINE CORN JUGS,300,MCCORMICK DISTILLING COMPANY,STRAIGHT BOURBON WHISKIES,750,12,2012-02,2015-12,12,252,4422.48
17926,ELIJAH CRAIG SMALL BATCH 2024 PGA  CHAMPIONSHIP ED.,259,HEAVEN HILL BRANDS,STRAIGHT BOURBON WHISKIES,750,6,2024-03,2024-03,1,252,6993
986623,HA ISSAC BOWMAN PORT FINISHED BOURBON,421,SAZERAC COMPANY  INC,STRAIGHT BOURBON WHISKIES,750,6,2019-03,2023-06,3,249,7470
18039,BARRELL FOUNDATION DOUBLE BARREL BOURBON,305,MHW LTD,STRAIGHT BOURBON WHISKIES,750,6,2025-06,2026-04,11,247,10737
923655,TYCOGA F CANCER,753,"TYCOGA WINERY & DISTILLERY, LLC",STRAIGHT BOURBON WHISKIES,750,6,2026-01,2026-04,4,246,7948.26
77966,VIRGIL KAINE CHEF SERIES GINGER INFUSED BOURBON,368,PARK STREET IMPORTS,STRAIGHT BOURBON WHISKIES,750,6,2021-10,2021-12,3,246,6398.46
26520,CCD STRAIGHT WHISKEY,706,"COWBOY COUNTRY DISTILLING, INC.",STRAIGHT BOURBON WHISKIES,750,12,2021-07,2022-12,15,242,9438
986404,RED CABIN BOURBON,655,"CENTRAL STANDARD, LLC",STRAIGHT BOURBON WHISKIES,750,6,2021-06,2021-06,1,240,8100
927461,BRECKENRIDGE BOURBON HA,79,BRECKENRIDGE DISTILLERY,STRAIGHT BOURBON WHISKIES,750,6,2013-10,2016-08,9,240,9936
917021,BOWMAN BROTHERS SINGLE BARREL BUY THE BARREL,421,SAZERAC COMPANY  INC,STRAIGHT BOURBON WHISKIES,750,6,2025-07,2025-07,1,240,7560
22263,BP YELLOWSTONE HAND PICKED 115PRF,434,LUXCO INC,STRAIGHT BOURBON WHISKIES,750,6,2023-01,2023-01,1,240,11700
18202,BP EZRA BROOKS CASK STRENGTH,434,LUXCO INC,STRAIGHT BOURBON WHISKIES,750,6,2023-01,2023-01,1,240,9900
100335,CODY ROAD BOURBON W/ROCKS GLASS,306,MISSISSIPPI RIVER DISTIL,STRAIGHT BOURBON WHISKIES,750,6,2017-09,2018-03,7,239,6873.64
21749,2XO VINYL BLEND,772,INTERCONTINENTAL PACKAGING COMPANY/PRESTIGE BEVERAGE GROUP,STRAIGHT BOURBON WHISKIES,750,6,2025-03,2025-03,1,237,17775
17681,BP EAGLE RARE SP BOURBON,421,SAZERAC COMPANY  INC,STRAIGHT BOURBON WHISKIES,750,6,2024-12,2024-12,1,234,7020
27367,CEDAR RIDGE PRIVATE BARREL BOURBON,125,CEDAR RIDGE VINEYARDS LL,STRAIGHT BOURBON WHISKIES,750,6,2023-07,2023-07,1,234,9420.84
902806,BAKER'S BOURBON 7YR,65,JIM BEAM BRANDS,STRAIGHT BOURBON WHISKIES,750,6,2012-03,2016-05,19,234,8690.82
27098,REBEL YELL SMALL BATCH RYE,434,LUXCO-ST LOUIS,STRAIGHT BOURBON WHISKIES,750,6,2016-03,2016-08,6,234,5213.52
921061,PENELOPE BOURBON TOASTED FINISH - PRIVATE BARREL BUY THE BAR,434,LUXCO INC,STRAIGHT BOURBON WHISKIES,750,6,2024-11,2024-11,1,234,12285
917669,DUKE BOURBON WHISKEY,368,PARK STREET IMPORTS,STRAIGHT BOURBON WHISKIES,750,6,2017-07,2020-08,13,234,6999.84
17196,CCD STRAIGHT BOURBON,706,"COWBOY COUNTRY DISTILLING, INC.",SINGLE BARREL BOURBON WHISKIES,750,12,2021-07,2023-01,14,233,30756
22290,BP YELLOWSTONE HAND PICKED 119PRF,434,LUXCO INC,SINGLE BARREL BOURBON WHISKIES,750,6,2023-11,2023-11,1,232,11310
25995,OID EZRA 7YR RYE,434,LUXCO INC,STRAIGHT BOURBON WHISKIES,750,6,2023-05,2026-02,12,230,13215
17051,BROTHERS BOND CASK STRENGTH WHISKEY,368,PARK STREET IMPORTS,STRAIGHT BOURBON WHISKIES,750,6,2024-03,2025-07,16,229,14887.29
19000,BP JEFFERSONS RESERVE BOURBON BARREL,370,PERNOD RICARD USA,STRAIGHT BOURBON WHISKIES,750,6,2023-01,2023-01,1,228,10253.16
985981,WATKINS SPICED ORANGE,772,INTERCONTINENTAL PACKAGING COMPANY/PRESTIGE BEVERAGE GROUP,STRAIGHT BOURBON WHISKIES,750,12,2025-02,2026-02,6,228,3420
921229,ORPHAN BARREL RHETORIC 21YR HA,260,DIAGEO AMERICAS,STRAIGHT BOURBON WHISKIES,750,6,2015-09,2015-09,1,228,17097.72
18989,JEFFERSONS RESERVE TWIN OAK,370,PERNOD RICARD USA,STRAIGHT BOURBON WHISKIES,750,6,2025-06,2025-08,3,228,10257.72
101086,ELIJAH  CRAIG  HOLIDAY  VAP W/ OLD  FASHIONED COCKTAIL SYRUP,259.0,HEAVEN HILL BRANDS,STRAIGHT BOURBON WHISKIES,750,6,2020-09,2020-09,1,228,5120.88
921544,HALLOWEEN SMOKE WAGON STRAIGHT BOURBON WHISKEY,870,NEVADA DISTILLING COMPANY LLC,STRAIGHT BOURBON WHISKIES,750,12,2024-10,2025-07,6,228,6514.44
976613,EZRA BROOKS STAVE FINISH BAKING SPICE CLOVER BUY THE BARREL,434,LUXCO INC,STRAIGHT BOURBON WHISKIES,750,6,2024-09,2024-09,1,228,10260
901833,ROGUE SINGLE MALT WHISKEY,399,ROGUE ALES AND SPIRITS,STRAIGHT BOURBON WHISKIES,750,12,2012-04,2014-05,9,228,8964.96
17176,CALUMET FARM BOURBON,492,WESTERN SPIRITS BEVERAGE CO. LLC,STRAIGHT BOURBON WHISKIES,750,6,2015-03,2016-01,11,225,8451
27165,OLDFANGLED KNOTTER BOURBON 10YR,107,BLAUM BROTHERS DISTILLING CO,STRAIGHT BOURBON WHISKIES,750,6,2017-01,2018-07,19,224,13714.5
25692,TOWN BRANCH OVERPROOF,916,ALLTECH BEVERAGE DIVISION LLC,STRAIGHT BOURBON WHISKIES,750,6,2024-10,2026-01,15,223,6690
921452,STELLUM SINGLE BARRELL BOURBON PERSEUS L3,305,MHW LTD,STRAIGHT BOURBON WHISKIES,750,12,2023-12,2023-12,1,223,9700.5
918411,GEORGE REMUS SINGLE BARREL BUY THE BARREL,434,LUXCO INC,SINGLE BARREL BOURBON WHISKIES,750,6,2021-09,2021-09,1,222,10656
922619,PENELOPE PROJECT X MAPLE BRULEE TOASTED RYE 114PRF BTB,434,LUXCO INC,SINGLE BARREL BOURBON WHISKIES,750,6,2025-10,2025-11,2,222,11655
918205,EZRA BROOKS FULL PROOF BUY THE BARREL,434,LUXCO INC,SINGLE BARREL BOURBON WHISKIES,750,6,2024-06,2024-06,1,222,9157.5
25519,REDNECK SMALL BATCH BOURBON WHISKEY,663,"DUMBASS WHISKEY, LLC",STRAIGHT BOURBON WHISKIES,750,12,2022-10,2023-04,7,221,3577.99
22262,BP YELLOWSTONE HAND PICKED 109PRF,434,LUXCO INC,SINGLE BARREL BOURBON WHISKIES,750,6,2023-10,2023-11,2,221,10773.75
16870,BLUE STATE BOURBON,259,HEAVEN HILL BRANDS,STRAIGHT BOURBON WHISKIES,750,12,2012-01,2012-11,10,221,2625.48
919065,JEFFERSON''S OCEAN WHEATED BOURBON BARREL,370.0,PERNOD RICARD USA,STRAIGHT BOURBON WHISKIES,750,6,2020-09,2020-09,1,216,13770
903522,HENRY MCKENNA SINGLE BARREL 10YR 100PRF,259,HEAVEN HILL BRANDS,SINGLE BARREL BOURBON WHISKIES,750,6,2012-02,2016-06,10,216,5629.5
917920,ELIJAH CRAIG 10YR BARREL PROGRAM #5005877 -2663,259,HEAVEN HILL BRANDS,STRAIGHT BOURBON WHISKIES,750,12,2017-10,2017-10,1,216,4851.36
916507,CM ADVENTUROUS BOURBON,306,MISSISSIPPI RIVER DISTILLING COMPANY LLC,STRAIGHT BOURBON WHISKIES,750,12,2024-12,2024-12,1,216,3240
17106,BUZZARDS ROOST BARREL STRENGTH STRAIGHT BOURBON,825,BUZZARDS ROOST SPIRITS LLC,STRAIGHT BOURBON WHISKIES,750,6,2023-11,2025-08,20,216,14904
925768,YELLOWSTONE HAND PICKED AMERICAN SINGLE MALT 110P BUY THE BA,434,LUXCO INC,SINGLE BARREL BOURBON WHISKIES,750,6,2024-11,2024-11,1,216,11340
917919,ELIJAH CRAIG 9YR BARREL PROGRAM #5126005 -2561,259,HEAVEN HILL BRANDS,STRAIGHT BOURBON WHISKIES,750,12,2017-07,2017-07,1,216,4851.36
21198,BP REBEL CASK STRENGTH,434,LUXCO INC,STRAIGHT BOURBON WHISKIES,750,6,2023-01,2023-01,1,210,8662.5
925675,IRISH RED,566,"FOUNDRY DISTILLING COMPANY, LLC",BOTTLED IN BOND BOURBON,750,6,2024-03,2024-07,2,210,9555
925473,TRAVERSE CITY WHISKEY CO. BARREL PROOF WHEAT WHISKEY,428,"TRAVERSE CITY WHISKEY CO / TCWC, LLC",SINGLE BARREL BOURBON WHISKIES,750,6,2023-11,2023-11,1,210,13387.5
18637,BEN HOLLADAY RICKHOUSE PROOF BOURBON WHISKEY,300,MCCORMICK DISTILLING CO.,STRAIGHT BOURBON WHISKIES,750,6,2025-07,2026-04,10,208,11700
76295,BUCKHORN BLACK CHERRY WHISKEY,421,SAZERAC COMPANY  INC,STRAIGHT BOURBON WHISKIES,750,12,2025-03,2026-04,11,207,2328.75
21027,PEERLESS TOASTED KENTUCKY STRAIGHT BOURBON WHISKEY,899,"KENTUCKY PEERLESS DISTILLING COMPANY, LLC",STRAIGHT BOURBON WHISKIES,750,6,2026-01,2026-03,3,207,15423.57
76753,RD ONE FINISHED WITH FRENCH OAK,368,PARK STREET IMPORTS,STRAIGHT BOURBON WHISKIES,750,6,2023-11,2025-01,15,204,11168.5
19457,LUCA MARIANO OLD AMERICANA SMALL BATCH BOURBON,756,"LUCA MARIANO DISTILLERY, LLC",STRAIGHT BOURBON WHISKIES,750,6,2023-05,2024-07,11,204,10202.04
921674,TRAVERSE CITY WHISKEY CO BARREL PROOF BOURBON BUY THE BARREL,428,"TRAVERSE CITY WHISKEY CO / TCWC, LLC",STRAIGHT BOURBON WHISKIES,750,6,2021-05,2021-05,1,204,12393
924938,KNOB CREEK RYE SINGLE BARREL SELECT CASK STRENGTH BTB,65,JIM BEAM BRANDS,SINGLE BARREL BOURBON WHISKIES,750,6,2025-10,2025-10,1,204,10710
926313,THE CLOVER BARREL STRENGTH STRAIGHT TENNESSEE BUY THE BARREL,384,PIEDMONT DISTILLERS INC,SINGLE BARREL BOURBON WHISKIES,750,6,2022-08,2022-08,1,204,12237.96
919116,JIM BEAM SINGLE BARREL BUY THE BARREL,65.0,JIM BEAM BRANDS,SINGLE BARREL BOURBON WHISKIES,750,6,2018-08,2018-08,1,204,5940.48
903757,REBEL YELL BOURBON,434,LUXCO-ST LOUIS,STRAIGHT BOURBON WHISKIES,750,12,2012-02,2013-03,9,204,2445.96
926782,SOOH WOODY CREEK DISTILLERS COLORADO STRAIGHT BOURBON,684,WOODY CREEK DISTILLERS LLC,STRAIGHT BOURBON WHISKIES,750,6,2024-08,2026-04,12,201,7537.5
16186,J.W. DANT 100 PRF BOND BOURBON,259,HEAVEN HILL BRANDS,BOTTLED IN BOND BOURBON,750,12,2012-01,2013-07,6,201,2248.95
21220,RED STATE BOURBON,259,HEAVEN HILL BRANDS,STRAIGHT BOURBON WHISKIES,750,12,2012-01,2012-11,11,198,2352.24
21242,1792 SWEET WHEAT BOURBON,55.0,SAZERAC NORTH AMERICA,STRAIGHT BOURBON WHISKIES,750,6,2021-01,2021-01,1,197,5614.5
922404,HA BERNHEIM ORIGINAL WHEAT BARREL PROOF,259,HEAVEN HILL BRANDS,STRAIGHT BOURBON WHISKIES,750,3,2023-10,2025-05,6,193,10076.25
904811,HEAVEN HILL OLD STYLE(GREEN LABEL),259,HEAVEN HILL BRANDS,STRAIGHT BOURBON WHISKIES,750,12,2012-05,2016-06,8,192,1742.64
916631,TUMBLIN DICE BOURBON SINGLE BARREL BARREL PROOF 6YR,118,AMERICAN SPIRITS EXCHANGE,STRAIGHT BOURBON WHISKIES,750,6,2022-06,2023-03,2,192,9619.2
917916,ELIJAH CRAIG 9YR BARREL PROGRAM #5122667 -2666,259,HEAVEN HILL BRANDS,STRAIGHT BOURBON WHISKIES,750,12,2017-05,2017-05,1,192,4312.32
976135,PENELOPE ARCHITECT BOURBON - PRIVATE BARREL INTENSE STAVE BU,434,LUXCO INC,STRAIGHT BOURBON WHISKIES,750,6,2024-12,2024-12,1,192,10080
997101,KINGS COUNTY DISTILLERY PEATED BOURBON,511,KINGS COUNTY DISTILLERY,STRAIGHT BOURBON WHISKIES,750,6,2019-10,2026-01,22,192,10172.58
903275,JEFFERSON'S RESERVE ST BBN WHISKEY,91,CASTLE BRANDS,STRAIGHT BOURBON WHISKIES,750,6,2012-06,2014-05,14,186,7860.36
18636,HOLLADAY SOFT RED WHEAT RICKHOUSE PROOF,300,MCCORMICK DISTILLING CO.,STRAIGHT BOURBON WHISKIES,750,6,2025-07,2026-04,10,186,10462.5
17899,E G BOOZ KENTUCKY STRAIGHT BOURBON WHISKEY,368,PARK STREET IMPORTS,STRAIGHT BOURBON WHISKIES,750,6,2024-06,2025-07,11,186,6867.12
919413,LAWS FOUR GRAIN BOURBON BARREL SELECT BARREL BUY,539,GARGOYLE ENTERPRISES / LAWS WHISKEY HOUSE,STRAIGHT BOURBON WHISKIES,750,6,2023-04,2023-04,1,186,11997
918515,HARD TRUTH SWEET MASH BOURBON AMBURANA FINISHED SINGLE BARRE,873,HARD TRUTH DISTILLING COMPANY LLC,SINGLE BARREL BOURBON WHISKIES,750,6,2026-03,2026-03,1,186,9765
918680,HOLLADAY SOFT RED WHEAT ONE BARREL MID-STATES BUY THE BARREL,300,MCCORMICK DISTILLING CO.,STRAIGHT BOURBON WHISKIES,750,6,2024-11,2024-11,1,186,11160
976614,EZRA BROOKS STAVE FINISH COLLECTION SWEET SUGAR CINNAMON BUY,434,LUXCO INC,STRAIGHT BOURBON WHISKIES,750,6,2024-11,2024-11,1,186,8370
919461,HA LUX ROW FOUR GRAIN DOUBLE BARREL,434,LUXCO INC,STRAIGHT BOURBON WHISKIES,750,6,2025-03,2025-11,3,185,8325
22618,OLD 48 BOURBON,645,ROCKY TOP INVESTMENTS / ROCK RIVER DISTILLATION,STRAIGHT BOURBON WHISKIES,750,12,2025-10,2026-04,7,185,9712.5
922086,HA W L WELLER 2025 BOURBON,421,SAZERAC COMPANY  INC,STRAIGHT BOURBON WHISKIES,750,3,2024-12,2025-12,2,183,20587.5
918419,SOOH REMUS REPEAL RESERVE BOURBON III,368,PARK STREET IMPORTS,STRAIGHT BOURBON WHISKIES,750,6,2020-01,2020-05,5,182,11831.82
20166,OLD CHARTER 8 BOURBON,421,SAZERAC COMPANY  INC,STRAIGHT BOURBON WHISKIES,750,12,2024-01,2024-07,7,182,2457
21319,RCLR STRAIGHT BOURBON WHISKEY,895,"BLUE MERANTI, LLC/HELMSMAN IMPORTS",STRAIGHT BOURBON WHISKIES,750,6,2025-09,2025-10,2,180,13500
926592,GEORGE DICKEL 9YR BARREL,260.0,DIAGEO AMERICAS,SINGLE BARREL BOURBON WHISKIES,750,12,2021-04,2021-04,1,180,6748.2
985686,OAK & EDEN SPIRE SELECT BOURBON AMERICAN OAK BUY THE BARREL,642,"JAMES JOSEPH SANCTIFIED SPIRITS, LLC / OAK&EDEN",STRAIGHT BOURBON WHISKIES,750,6,2022-08,2022-12,2,180,8100
926930,HA THE CLOVER STRAIGHT BOURBON,384.0,PIEDMONT DISTILLERS INC,SINGLE BARREL BOURBON WHISKIES,750,6,2021-02,2023-04,4,180,7191
917918,ELIJAH CRAIG 8YR BARREL PROGRAM #5253888 -2665,259,HEAVEN HILL BRANDS,STRAIGHT BOURBON WHISKIES,750,12,2017-05,2017-05,1,180,4042.8
901110,JESSE JAMES BOURBON,294,JESSE JAMES DISTILLING COMPANY,STRAIGHT BOURBON WHISKIES,750,12,2012-03,2012-05,3,180,2570.4
902500,ELIJAH CRAIG 18YR SINGLE BARREL HA,259,HEAVEN HILL BRANDS,SINGLE BARREL BOURBON WHISKIES,750,3,2012-02,2020-02,5,180,14134.5
921206,LIMITED EDITION REBEL YELL STRAIGHT KENTUCKY BOURBON,434,LUXCO-ST LOUIS,STRAIGHT BOURBON WHISKIES,750,12,2016-08,2016-12,2,180,2295
20384,OLD FORESTER 1924 WHISKEY ROW SERIES,85,BROWN FORMAN CORP.,STRAIGHT BOURBON WHISKIES,750,6,2024-01,2024-02,2,180,16241.4
926239,HA JACK DANIEL'S SINGLE BARREL RYE BARREL PROOF,85.0,BROWN FORMAN CORP.,SINGLE BARREL BOURBON WHISKIES,750,6,2021-02,2021-02,1,180,8773.2
16725,BARRELL BOURBON BATCH 037,305,MHW LTD,STRAIGHT BOURBON WHISKIES,750,6,2025-07,2026-04,10,179,10740
922096,WILD TURKEY FORGIVEN HA,461,CAMPARI(SKYY),STRAIGHT BOURBON WHISKIES,750,6,2013-09,2015-01,5,178,7342.5
20656,OLD HICKORY WHITE LABEL STRAIGHT BOURBON WHISKEY,231,RS LIPMAN COMPANY LLC,STRAIGHT BOURBON WHISKIES,750,6,2017-04,2018-08,16,176,7500
16599,ANGELS ENVY BOTTLED IN BOND,35,BACARDI USA INC,BOTTLED IN BOND BOURBON,750,6,2025-09,2025-09,1,175,8531.25
20497,THE KENTUCKY SERIES BY OLD LOUISVILLE WHISKEY CO.,937,OLD LOUISVILLE WHISKEY CO. LLC,STRAIGHT BOURBON WHISKIES,750,6,2026-03,2026-04,2,175,7875
901465,EVAN WILLIAMS SB  BARREL PROGAM,259,HEAVEN HILL BRANDS,SINGLE BARREL BOURBON WHISKIES,750,6,2014-05,2014-05,1,174,3720.12
19953,CHARTER FRENCH OAK,421,SAZERAC COMPANY  INC,STRAIGHT BOURBON WHISKIES,750,6,2024-04,2024-04,1,174,9135
918385,FREY RANCH FARM STRENGTH STRAIGHT BOURBON WHISKEY UNCUT,368,PARK STREET IMPORTS,STRAIGHT BOURBON WHISKIES,750,6,2025-10,2026-04,6,174,10195.92
917337,CHICKEN COCK RESERVE CASK GN,368,PARK STREET IMPORTS,SINGLE BARREL BOURBON WHISKIES,750,6,2023-11,2023-11,1,174,18096
916444,EH TAYLOR JR SAZERAC BARREL SELECT BUY THE BARREL,421,SAZERAC COMPANY  INC,STRAIGHT BOURBON WHISKIES,750,6,2024-06,2024-06,1,174,3393
927251,BALCONES TEXAS POT STILL BOURBON,469.0,DAVOS BRANDS LLC,STRAIGHT BOURBON WHISKIES,750,6,2020-11,2021-05,7,174,3915
927946,WYOMING WHISKEY DOUBLE CASK BOURBON,266,EDRINGTON GROUP USA LLC,STRAIGHT BOURBON WHISKIES,750,6,2021-02,2024-07,13,174,8639.88
917566,DAVID NICHOLSON 1843,434,LUXCO INC,STRAIGHT BOURBON WHISKIES,750,12,2016-09,2023-06,2,174,4545
21312,BROOK HILL 6Y KENTUCKY BOURBON - BELIZE,895,"BLUE MERANTI, LLC/HELMSMAN IMPORTS",STRAIGHT BOURBON WHISKIES,750,3,2025-09,2025-09,1,171,25650
991552,STELLUM SINGLE BARREL BOURBON BUY THE BARREL,305,MHW LTD,STRAIGHT BOURBON WHISKIES,750,12,2022-04,2022-04,1,171,6156
903490,OLD RIP VAN WINKLE 15YR(PAPPY) HA,421,"SAZERAC CO., INC.",STRAIGHT BOURBON WHISKIES,750,3,2012-10,2025-12,11,171,13105.02
992001,BULLEIT SINGLE BARREL FAREWAY FLEUR DR,260,DIAGEO AMERICAS,SINGLE BARREL BOURBON WHISKIES,750,12,2020-07,2020-07,1,168,7558.32
922257,HA WOODFORD RESERVE STRAIGHT WHEAT,85,BROWN FORMAN CORP.,STRAIGHT BOURBON WHISKIES,750,6,2020-11,2026-03,4,168,5696.4
919123,JEPPSONS BOURBON SINGLE BARREL,641,CH DISTILLERY / 773 LLC,SINGLE BARREL BOURBON WHISKIES,750,12,2022-06,2022-06,1,168,6930
927797,AMADOR BOURBON DOUBLE BARREL,478.0,SUTTER HOME WINERY INC / TRINCHERO FAMILY ESTATES,STRAIGHT BOURBON WHISKIES,750,6,2016-08,2022-05,19,168,6721.68
921233,HA ORPHAN BARREL RHETORIC 24YR,260.0,DIAGEO AMERICAS,STRAIGHT BOURBON WHISKIES,750,6,2018-04,2018-05,2,168,16380
925752,HIGH WEST BARREL SELECT BOURBON WHISKEYS FINISHED IN OLOROSO,115,CONSTELLATION BRANDS INC,STRAIGHT BOURBON WHISKIES,750,6,2025-04,2025-04,1,168,8820
18790,I.W. HARPER 15YR,260,DIAGEO AMERICAS,STRAIGHT BOURBON WHISKIES,750,6,2015-06,2017-06,7,167,8767.5
18638,BP BEN HOLLADAY ONE BARREL,300,MCCORMICK DISTILLING CO.,SINGLE BARREL BOURBON WHISKIES,750,6,2023-10,2023-10,1,166,9960
101942,MAKERS MARK WITH SUMMER WHEAT CUPS,65,JIM BEAM BRANDS,STRAIGHT BOURBON WHISKIES,750,6,2023-06,2023-06,1,165,4455
926334,HA JACK DANIELS SINGLE BARREL BARREL PROOF COY HILL,85,BROWN FORMAN CORP.,SINGLE BARREL BOURBON WHISKIES,750,6,2022-01,2022-03,3,164,8610
19065,BP JEFFERSONS OCEAN WHEATED BOURBON BARREL,370,PERNOD RICARD USA,STRAIGHT BOURBON WHISKIES,750,6,2023-05,2025-09,2,164,11063.44
76642,BLOOD OATH PACT 10,434,LUXCO INC,STRAIGHT BOURBON WHISKIES,750,3,2024-04,2024-04,1,163,15892.5
986937,TRAIL'S END BOURBON WHISKEY HA,971,"HOOD RIVER DISTILLERS, INC.",STRAIGHT BOURBON WHISKIES,750,6,2016-05,2021-11,8,162,5995.62
926814,STEEPLE RIDGE BOURBON,325.0,LONELY OAK DISTILLERY,STRAIGHT BOURBON WHISKIES,750,6,2019-08,2019-09,2,162,5467.5
924544,HA PARKERS HERITAGE COLLECTION 19TH EDITION,259,HEAVEN HILL BRANDS,STRAIGHT BOURBON WHISKIES,750,3,2026-01,2026-01,1,162,21870
21689,2XO GEM OF KENTUCKY 2024 RELEASE,772,INTERCONTINENTAL PACKAGING COMPANY/PRESTIGE BEVERAGE GROUP,SINGLE BARREL BOURBON WHISKIES,750,6,2024-09,2024-10,2,160,24000
918326,ORPHAN BARREL FORGED OAK HA,260,DIAGEO AMERICAS,STRAIGHT BOURBON WHISKIES,750,6,2015-06,2016-04,3,157,8240.93
922069,WHISTLEPIG PIGGYBACK BOURBON SINGLE BARREL BUY THE BARREL,214,GOAMERICAGO BEVERAGES LLC / WHISTLEPIG,SINGLE BARREL BOURBON WHISKIES,750,6,2025-08,2025-08,1,156,7020
18377,FOUR ROSES LIMITED EDITION 2025,830,KIRIN BEER & SPIRITS OF AMERICA INC / FOUR ROSES DISTILLERY,STRAIGHT BOURBON WHISKIES,750,6,2025-10,2025-10,1,156,31201.56
925793,HOME BAKED WHISKEY BUY THE BARREL,566,"FOUNDRY DISTILLING COMPANY, LLC",SINGLE BARREL BOURBON WHISKIES,750,6,2024-01,2024-01,1,156,7098
27461,BRECKENRIDGE BOURBON,79,BRECKENRIDGE DISTILLERY,STRAIGHT BOURBON WHISKIES,750,6,2012-11,2013-09,10,156,6201
902732,OLD CHARTER 8YR KY STR BOURBON HA,421,"SAZERAC CO., INC.",STRAIGHT BOURBON WHISKIES,750,12,2012-06,2014-04,6,156,1862.64
19236,BP KNOB CREEK SINGLE BARREL,65,JIM BEAM BRANDS,STRAIGHT BOURBON WHISKIES,750,6,2023-04,2023-04,1,155,5812.5
926804,HA REDEMPTION HIGH RYE 10YR BARREL PROOF,978,W J DEUTSCH & SONS LTD,STRAIGHT BOURBON WHISKIES,750,6,2021-01,2026-01,11,155,11607
921053,HA PENELOPE AMERICAN LIGHT WHISKEY 17 YEAR,434,LUXCO INC,STRAIGHT BOURBON WHISKIES,750,6,2025-07,2025-08,2,150,11250
921662,REDWOOD EMPIRE HAYSTACK NEEDLE 8YR BOURBON BTB,926,"GRATON SPIRITS COMPANY, LLC / PURPLE BRANDS",STRAIGHT BOURBON WHISKIES,750,6,2025-12,2025-12,1,150,13500
918414,HA REMUS REPEAL RESERVE BOURBON WHISKEY,368,PARK STREET IMPORTS,STRAIGHT BOURBON WHISKIES,750,6,2017-12,2017-12,1,150,9000
986255,HA WIDOW JANE DECADENCE,259,HEAVEN HILL BRANDS,STRAIGHT BOURBON WHISKIES,750,6,2023-10,2024-02,2,150,11250
985623,DRIFTLESS GLEN PORT FINISHED BOURBON BUY THE BARREL,232,DRIFTLESS GLEN DISTILLERY,STRAIGHT BOURBON WHISKIES,750,6,2022-12,2024-10,2,150,7914
919441,HA LITTLE BOOK THE INFINITE,65,JIM BEAM BRANDS,STRAIGHT BOURBON WHISKIES,750,6,2024-12,2025-12,3,150,22500
926929,HA THE CLOVER TN STRAIGHT 10YR BOURBON,384.0,PIEDMONT DISTILLERS INC,SINGLE BARREL BOURBON WHISKIES,750,6,2021-07,2021-07,1,150,8395.5
919872,HA MICHTERS US*1 TOASTED BARREL FINISHED BOURBON,287,CHATHAM IMPORTS INC,STRAIGHT BOURBON WHISKIES,750,3,2018-11,2024-12,3,150,15785.85
921605,HA EH TAYLOR FOUR GRAIN,421.0,SAZERAC COMPANY  INC,STRAIGHT BOURBON WHISKIES,750,6,2017-08,2019-11,4,150,7875
991589,EH TAYLOR JR SINGLE BARREL BUY THE BARREL,421,SAZERAC COMPANY  INC,SINGLE BARREL BOURBON WHISKIES,750,6,2021-12,2021-12,1,150,7501.5
918460,HAIR OF THE DOG,306,MISSISSIPPI RIVER DISTILLING COMPANY LLC,STRAIGHT BOURBON WHISKIES,750,6,2023-01,2023-01,1,150,6030
921046,PENELOPE PROJECT X WHITE & RUBY DOUBLE PORT FINISH BTB,434,LUXCO INC,STRAIGHT BOURBON WHISKIES,750,6,2025-11,2025-11,1,150,7875
922099,WILD TURKEY MASTER'S KEEP HA,461,CAMPARI(SKYY),STRAIGHT BOURBON WHISKIES,750,6,2015-10,2016-01,4,149,16762.5
76297,BUCKHORN PEACH,421,SAZERAC COMPANY  INC,STRAIGHT BOURBON WHISKIES,750,12,2025-04,2026-04,10,149,1676.25
976287,HA LUX ROW SMALL BATCH PX SHERRY FINISH,434,LUXCO INC,STRAIGHT BOURBON WHISKIES,750,6,2025-03,2025-03,1,149,6705
921234,HA ORPHAN BARREL RHETORIC 25YR,260.0,DIAGEO AMERICAS,STRAIGHT BOURBON WHISKIES,750,6,2018-12,2019-01,2,147,15433.53
986570,HA JOSEPH MAGNUS CIGAR BLEND BOURBON,755,WINESOURCE INTERNATIONAL INC.,STRAIGHT BOURBON WHISKIES,750,6,2022-08,2022-10,2,145,21802.2
920316,HA OLD EZRA 7YR 101PRF,434.0,LUXCO INC,STRAIGHT BOURBON WHISKIES,750,12,2016-02,2017-01,4,144,2072.16
921052,PENELOPE PROJECT X MAPLE BRULEE BTB,434,LUXCO INC,SINGLE BARREL BOURBON WHISKIES,750,6,2025-09,2025-09,1,144,7560
921916,VIRGIN BOURBON 101,259,HEAVEN HILL BRANDS,STRAIGHT BOURBON WHISKIES,750,12,2022-07,2026-03,7,144,1620
904510,FOUR ROSES SMALL BATCH,184,FOUR ROSES DISTILLERY,STRAIGHT BOURBON WHISKIES,750,6,2012-01,2013-12,16,144,3913.92
921553,STELLUM BLACK BOURBON,305,MHW LTD,STRAIGHT BOURBON WHISKIES,750,12,2022-08,2023-01,5,144,11737.44
22349,WOODINVILLE STRAIGHT BOURBON 6 YO,420,MOET HENNESSY USA,STRAIGHT BOURBON WHISKIES,750,6,2026-04,2026-04,1,143,4290
921102,PUNCHERS CHANCE SINGLE BARREL,305,MHW LTD,STRAIGHT BOURBON WHISKIES,750,6,2021-12,2021-12,1,138,5914.68
25141,MR. PEABODY SMALL BATCH BOURBON WHISKEY,663,"DUMBASS WHISKEY, LLC",STRAIGHT BOURBON WHISKIES,750,12,2022-10,2023-04,7,135,2185.65
916860,BLOOD OATH HA,434,LUXCO-ST LOUIS,STRAIGHT BOURBON WHISKIES,750,3,2015-07,2015-07,1,135,10935
16862,BLOOD OATH PACT NO. 2,434,LUXCO-ST LOUIS,STRAIGHT BOURBON WHISKIES,750,3,2016-05,2016-06,2,135,10935
21600,EH TAYLOR JR BARREL PROOF,421.0,SAZERAC COMPANY  INC,STRAIGHT BOURBON WHISKIES,750,6,2020-10,2020-10,1,133,7581
17107,BUZZARDS ROOST CHAR #1 STRAIGHT BOURBON WHISKEY,825,BUZZARDS ROOST SPIRITS LLC,STRAIGHT BOURBON WHISKIES,750,6,2023-11,2025-07,18,133,7497.21
922296,HA WHISTLEPIG FARMSTOCK RYE BEYOND BONDED BOURBON,214,GOAMERICAGO BEVERAGES LLC / WHISTLEPIG,STRAIGHT BOURBON WHISKIES,750,6,2021-08,2024-11,4,133,10702.5
919120,JOHN B STETSON,313.0,VISION WINE & SPIRIT LLC,STRAIGHT BOURBON WHISKIES,750,12,2018-08,2019-01,4,132,1978.68
989772,STRANAHAN'S DIAMOND PEAK,395,PROXIMO,STRAIGHT BOURBON WHISKIES,750,6,2016-07,2025-05,12,132,6831
925861,STARLIGHT DISTILLERY HUNGARIAN OAK DOUBLE OAKED BOURBON WHIS,963,"HUBER ORCHARDS, INC.",SINGLE BARREL BOURBON WHISKIES,750,6,2025-01,2025-01,1,132,6732
927479,CODY ROAD BOURBON BUY THE BARREL,306,MISSISSIPPI RIVER DISTIL,BOTTLED IN BOND BOURBON,750,6,2021-11,2021-11,1,132,3793.68
927677,CODY ROAD SINGLE BARREL BOURBON PICK,306.0,MISSISSIPPI RIVER DISTIL,BOTTLED IN BOND BOURBON,750,6,2020-12,2020-12,1,132,4950
918380,HA FOUR ROSES SMALL BATCH 2022 LIMITED EDITION,184,FOUR ROSES DISTILLERY,STRAIGHT BOURBON WHISKIES,750,6,2022-12,2022-12,1,132,18481.32
994853,TRAVERSE CITY WHISKEY CO. BARREL PROOF BOURBON,428,"TRAVERSE CITY WHISKEY CO / TCWC, LLC",STRAIGHT BOURBON WHISKIES,750,6,2017-10,2023-09,12,132,8019
925485,HA WIDOW JANE THE VAULTS,259,HEAVEN HILL BRANDS,STRAIGHT BOURBON WHISKIES,750,6,2023-10,2025-12,3,132,24750
902982,OLD FITZGERALD 100PRF BONDED BBN-DNO,259,HEAVEN HILL BRANDS,BOTTLED IN BOND BOURBON,750,12,2013-03,2014-01,4,132,1469.16
916484,HA OLD FITZGERALD 9  YR  BIB  DECANTER  SPRING 2025,259,HEAVEN HILL BRANDS,BOTTLED IN BOND BOURBON,750,3,2025-07,2025-08,2,132,12870
904807,HEAVEN HILL OLD STYLE GREEN 90,259,HEAVEN HILL BRANDS,STRAIGHT BOURBON WHISKIES,750,12,2012-03,2013-11,6,132,913.44
926092,MAGEES MALT WHISKEY,566,"FOUNDRY DISTILLING COMPANY, LLC",SINGLE BARREL BOURBON WHISKIES,750,6,2022-02,2023-04,2,131,3733.5
17108,BUZZARDS ROOST TOASTED AMERICAN OAK STRAIGHT BOURBON,825,BUZZARDS ROOST SPIRITS LLC,STRAIGHT BOURBON WHISKIES,750,6,2023-11,2025-07,17,131,8449.5
21571,STARLIGHT DISTILLERY TOASTED BARREL BOURBON,963,"HUBER ORCHARDS, INC.",STRAIGHT BOURBON WHISKIES,750,6,2025-05,2025-05,1,130,6435
86020,CODY ROAD EXPERIMENTAL  PINOT NOIR BARREL FINISH,306,MISSISSIPPI RIVER DISTILLING COMPANY LLC,STRAIGHT BOURBON WHISKIES,750,6,2023-05,2023-05,1,130,3705
22335,BP YELLOWSTONE HP 7YR SINGLE BARREL 115PF,434,LUXCO INC,SINGLE BARREL BOURBON WHISKIES,750,6,2025-09,2025-09,1,130,6825
18997,JEFFERSONS RESERVE PRITCHARD HILL CASK,370,PERNOD RICARD USA,STRAIGHT BOURBON WHISKIES,750,6,2025-10,2026-04,7,126,7558.74
926260,HOUNDSTOOTH FOUR GRAIN BOURBON,566,"FOUNDRY DISTILLING COMPANY, LLC",SINGLE BARREL BOURBON WHISKIES,750,6,2021-05,2021-05,1,126,3591
925860,STARLIGHT DISTILLERY AMERICAN OAK DOUBLE OAKED BOURBON WHISK,963,"HUBER ORCHARDS, INC.",SINGLE BARREL BOURBON WHISKIES,750,6,2025-01,2025-01,1,126,6426
27251,BALCONES TEXAS POT STILL BOURBON,469,DAVOS BRANDS LLC,STRAIGHT BOURBON WHISKIES,750,6,2021-05,2021-05,1,126,2835
20304,OLD ELK 8 YEAR WHEATED BOURBON,536,OLD ELK DISTILLERIES LLC,STRAIGHT BOURBON WHISKIES,750,6,2023-09,2023-09,1,125,9375
21273,BP REMUS BOURBON 6YR SINGLE BARREL,434,LUXCO INC,SINGLE BARREL BOURBON WHISKIES,750,6,2025-10,2025-10,1,123,5535
22336,BP YELLOWSTONE HP 7YR SINGLE BARREL 109PF,434,LUXCO INC,SINGLE BARREL BOURBON WHISKIES,750,6,2025-09,2025-09,1,121,6352.5
985992,TRAILS END 8Y APPLE BRANDY SINGLE BARREL BUY THE BARREL,971,HOOD RIVER DISTILLERS,SINGLE BARREL BOURBON WHISKIES,750,12,2024-07,2024-07,1,120,5400
904526,FOUR ROSES SINGLE BARREL,184,FOUR ROSES DISTILLERY,STRAIGHT BOURBON WHISKIES,750,6,2012-11,2014-07,11,120,4043.52
976717,OAK PARK RESERVE,566,"FOUNDRY DISTILLING COMPANY, LLC",SINGLE BARREL BOURBON WHISKIES,750,6,2023-10,2024-01,2,120,1468.8
999929,KOVAL SINGLE BARREL BOURBON WHISKEY BUY THE BARREL,187,KOVAL DISTILLERY,SINGLE BARREL BOURBON WHISKIES,750,6,2022-03,2022-03,1,120,5071.2
928093,STRANAHANS SHERRY CASK,395,PROXIMO,STRAIGHT BOURBON WHISKIES,750,6,2020-11,2024-11,16,120,7200
918381,HA FOUR ROSES 135TH ANNIVERSARY LIMITED ED. SMALL BATCH 2023,830,KIRIN BEER & SPIRITS OF AMERICA INC / FOUR ROSES DISTILLERY,STRAIGHT BOURBON WHISKIES,750,6,2023-12,2023-12,1,120,18450
917517,COOPERS CRAFT KENTUCKY STRAIGHT BOURBON WHISKEY,85,BROWN FORMAN CORP.,STRAIGHT BOURBON WHISKIES,750,6,2021-04,2022-06,5,120,2338.8
918421,HA REMUS REPEAL RESERVE BOURBON II,368.0,PARK STREET IMPORTS,STRAIGHT BOURBON WHISKIES,750,6,2020-11,2021-01,2,120,7768.8
916591,HA HARD TRUTH AMERICAN ODD SMB BIB,873,HARD TRUTH DISTILLING COMPANY LLC,BOTTLED IN BOND BOURBON,750,6,2025-08,2025-08,1,120,6300
985681,OAK & EDEN SPIRE SELECT WHEAT FRENCH OAK PORT BUY THE BARREL,642,"JAMES JOSEPH SANCTIFIED SPIRITS, LLC / OAK&EDEN",STRAIGHT BOURBON WHISKIES,750,6,2022-08,2022-08,1,120,5850
985682,OAK & EDEN SPIRE SELECT WHEAT AMERICAN OAK PORT,642,"JAMES JOSEPH SANCTIFIED SPIRITS, LLC / OAK&EDEN",STRAIGHT BOURBON WHISKIES,750,6,2023-02,2023-02,1,120,5850
917917,ELIJAH CRAIG 9YR BARREL PROGRAM #5122668 -2513,259,HEAVEN HILL BRANDS,STRAIGHT BOURBON WHISKIES,750,12,2017-05,2017-05,1,120,2695.2
967293,ENVY BLEND 2UR,246,LOUISVILLE DISTILLING CO,STRAIGHT BOURBON WHISKIES,750,6,2015-03,2015-03,1,120,4410
916186,J. W. DANT 100 PRF BOND BOURBON,259,HEAVEN HILL BRANDS,BOTTLED IN BOND BOURBON,750,12,2013-12,2015-11,8,120,1431.6
976200,OAK & EDEN SPIRE SELECT 4 GRAIN AMERICAN OAK OLC -BARREL BUY,642,"JAMES JOSEPH SANCTIFIED SPIRITS, LLC / OAK&EDEN",STRAIGHT BOURBON WHISKIES,750,6,2023-05,2023-05,1,120,5850
916254,HA BEN HOLLADAY 6YR MO BOURBON,300,MCCORMICK DISTILLING CO.,BOTTLED IN BOND BOURBON,750,6,2022-11,2022-11,1,120,5400
985685,OAK & EDEN SPIRE SELECT BOURBON FRENCH OAK BUY THE BARREL,642,"JAMES JOSEPH SANCTIFIED SPIRITS, LLC / OAK&EDEN",STRAIGHT BOURBON WHISKIES,750,6,2022-08,2022-08,1,120,5400
916492,HA WILDERNESS TRAIL BIB KENTUCKY BOURBON 6YR,608,WILDERNESS TRAIL DISTILLERY,BOTTLED IN BOND BOURBON,750,6,2020-07,2022-07,8,120,6660
76563,CODY ROAD EXPERIMENTAL CRAWFORD BARREL,306,MISSISSIPPI RIVER DISTILLING COMPANY LLC,STRAIGHT BOURBON WHISKIES,750,6,2023-12,2023-12,1,120,3448.8
919017,JEFFERSON'S OCEAN,91,CASTLE BRANDS,STRAIGHT BOURBON WHISKIES,750,6,2015-06,2016-06,6,120,7648.8
926337,JOURNEYMAN DISTILLERY FEATHEBONE BBN CSK SP BUY THE BARREL,421,SAZERAC COMPANY  INC,STRAIGHT BOURBON WHISKIES,750,6,2023-05,2023-05,1,120,1950
921551,STELLUM CASK STRENGTH BOURBON,305,MHW LTD,STRAIGHT BOURBON WHISKIES,750,12,2022-08,2023-06,4,120,3721.2
926924,DOUGLAS & TODD BOURBON WHISKEY,380,PHILLIPS BEVERAGE,STRAIGHT BOURBON WHISKIES,750,6,2020-08,2023-07,9,120,4201.2
27654,WHITE WATER WHISKEY,206,PANTHER DISTILLERY,STRAIGHT BOURBON WHISKIES,750,6,2013-12,2015-02,12,119,1994.44
903639,HA OLD RIP VAN WINKLE 20YR (PAPPY),421,SAZERAC COMPANY  INC,STRAIGHT BOURBON WHISKIES,750,3,2012-04,2025-12,11,117,16540.17
926699,DUKE DOUBLE BARREL RYE FOUNDER�S RESERVE,368,PARK STREET IMPORTS,SINGLE BARREL BOURBON WHISKIES,750,6,2021-07,2024-04,10,114,9556.14
921224,HA REDEMPTION BOURBON BARREL PROOF 9YR,978,W J DEUTSCH & SONS LTD,STRAIGHT BOURBON WHISKIES,750,6,2021-01,2026-01,10,114,8532.72
919954,HA CHARTER FINEST OAK,421,SAZERAC COMPANY  INC,STRAIGHT BOURBON WHISKIES,750,6,2026-01,2026-01,1,114,6840
918416,HA GEORGE T STAGG 2024,421,SAZERAC COMPANY  INC,SINGLE BARREL BOURBON WHISKIES,750,3,2024-12,2025-12,2,114,12825
16380,OLD FITZGERALD BIB 10 YR DECANTER,259,HEAVEN HILL BRANDS,BOTTLED IN BOND BOURBON,750,3,2023-08,2023-08,1,113,11865
919456,ORPHAN BARREL LOST PROPHET HA,260,DIAGEO AMERICAS,STRAIGHT BOURBON WHISKIES,750,6,2015-02,2015-04,2,113,11016.37
22177,RUSSELLS RESERVE 15YR,619,CAMPARI AMERICA,STRAIGHT BOURBON WHISKIES,750,6,2024-06,2024-06,1,111,20812.5
925736,HA HEAVEN HILL HERITAGE COLLECTION 19 YEAR WHEAT WHISKEY,259,HEAVEN HILL BRANDS,STRAIGHT BOURBON WHISKIES,750,3,2025-03,2025-04,2,111,24975
21677,2XO SNEAKER HEAD,772,INTERCONTINENTAL PACKAGING COMPANY/PRESTIGE BEVERAGE GROUP,STRAIGHT BOURBON WHISKIES,750,6,2024-09,2024-09,1,111,8325
903764,HA EAGLE RARE 17YR 2020,421,SAZERAC COMPANY  INC,STRAIGHT BOURBON WHISKIES,750,3,2012-10,2023-12,9,109,8182.08
926378,JOURNEYMAN DISTILLERY FEATHERBONE BOURBON,421,SAZERAC COMPANY  INC,STRAIGHT BOURBON WHISKIES,750,6,2022-05,2024-01,9,108,3904.2
921505,SMOKE WAGON STRAIGHT BOURBON WHISKEY,870,NEVADA DISTILLING COMPANY LLC,STRAIGHT BOURBON WHISKIES,750,12,2024-10,2025-09,5,108,3238.92
917184,CALUMET FARM 12YR,492,WESTERN SPIRITS BEVERAGE,BOTTLED IN BOND BOURBON,750,6,2020-09,2021-11,9,108,8119.44
918790,HA I.W. HARPER 15 YEAR,260,DIAGEO AMERICAS,STRAIGHT BOURBON WHISKIES,750,6,2025-08,2026-04,3,108,8098.92
906061,WILLETT POT STILL RESERVE HA,496,WILLETT DISTILLERY,STRAIGHT BOURBON WHISKIES,750,6,2014-06,2014-06,1,108,3673.08
924986,STARLIGHT DISTILLERY BOURBON WHISKEY FINISHED IN CHAMPAGNE R,963,"HUBER ORCHARDS, INC.",SINGLE BARREL BOURBON WHISKIES,750,6,2025-12,2025-12,1,108,5994
26215,BALCONES LINEAGE SINGLE MALT,260,DIAGEO AMERICAS,STRAIGHT BOURBON WHISKIES,750,6,2024-11,2026-01,14,106,3213.92
921282,HA REMUS GATSBY 2025,434,LUXCO INC,STRAIGHT BOURBON WHISKIES,750,3,2025-11,2026-04,2,105,19687.5
699,WOODFORD RESERVE W/GLASS,85.0,BROWN FORMAN CORP.,STRAIGHT BOURBON WHISKIES,750,6,2019-09,2019-09,1,104,3508.96
25734,BP HORSE SOLDIER PRIVATE BARREL BOURBON,205,E & J GALLO WINERY,SINGLE BARREL BOURBON WHISKIES,750,6,2024-12,2024-12,1,103,9270
924514,IOWA DISTILLING COMPANY BOURBON CUSTOM LABEL,154,DUNKEL CORPORATION / IOWA DISTILLING,STRAIGHT BOURBON WHISKIES,750,6,2025-09,2025-09,1,102,2601
21432,STONESTREET FOUNDERS EDITION KENTUCKY STRAIGHT BOURBON WHISK,993,"JACKSON FAMILY ENTERPRISES, INC.",STRAIGHT BOURBON WHISKIES,750,6,2025-10,2026-04,6,102,4072.5
924576,HA LITTLE BOOK CHAPTER 6: TO THE FINISH,65,JIM BEAM BRANDS,STRAIGHT BOURBON WHISKIES,750,6,2022-12,2022-12,1,102,9562.5
919242,HA KNOB CREEK 25TH ANNIVERSARY,65,JIM BEAM BRANDS,STRAIGHT BOURBON WHISKIES,750,6,2017-05,2018-01,5,100,11810
27664,MINNESOTA 14,206,PANTHER DISTILLERY,STRAIGHT BOURBON WHISKIES,750,6,2014-05,2015-09,15,100,2676
18284,FILIBUSTER DUAL CASK BOURBON,244.0,DILAWRI BARRELS LLC,STRAIGHT BOURBON WHISKIES,750,6,2016-11,2017-05,6,100,3450
916308,RIEGERS BOTTLED IN BOND STRAIGHT BOURBON,564,JACOB RIEGER & COMPANY LLC,BOTTLED IN BOND BOURBON,750,6,2023-07,2024-10,4,96,4607.04
904805,HEAVEN HILL OLD STYLE GREEN 6YR,259,HEAVEN HILL BRANDS,STRAIGHT BOURBON WHISKIES,750,12,2012-02,2013-11,6,96,785.28
101142,LARCENY  VAP W/GLASS AND FLASK,259,HEAVEN HILL BRANDS,STRAIGHT BOURBON WHISKIES,750,6,2021-09,2021-09,1,96,2016
22069,WHISTLEPIG PIGGYBACK BOURBON LEGENDS SERIES: BARSTOOL SPORTS,214,GOAMERICAGO BEVERAGES LLC / WHISTLEPIG,STRAIGHT BOURBON WHISKIES,750,6,2023-11,2023-11,1,96,3600
915542,BUSHMILLS RED BUSH IRISH WHISKEY,395,PROXIMO,STRAIGHT BOURBON WHISKIES,750,12,2020-04,2023-03,8,96,2034
926568,RESILIENT BOURBON WHISKEY (BARREL STRENGTH),118,AMERICAN SPIRITS EXCHANGE,STRAIGHT BOURBON WHISKIES,750,6,2019-11,2023-01,8,96,9492.96
916502,AMERICAN BORN BOURBON WHISKEY,342.0,DV SPIRITS LLC,STRAIGHT BOURBON WHISKIES,750,12,2019-07,2020-09,7,96,1800
994849,TRAVERSE CITY WHISKEY CO. XXX STRAIGHT BOURBON,428,"TRAVERSE CITY WHISKEY CO / TCWC, LLC",STRAIGHT BOURBON WHISKIES,750,6,2017-10,2022-09,10,96,2784
17058,BROWNE FAMILY SPIRITS STRAIGHT BOURBON WHISKEY,984,PRECEPT BRANDS LLC,STRAIGHT BOURBON WHISKIES,750,6,2025-09,2026-04,7,92,3105
19917,NELSON BROS. WHISKEY COGNAC CASK,115,CONSTELLATION BRANDS INC,STRAIGHT BOURBON WHISKIES,750,6,2023-11,2023-11,1,91,6142.5
973539,SAVAGE & COOKE CUSTOM SINGLE BARREL BOURBON BUY THE BARREL,606,SAVAGE & COOKE / SANTA CROCE LLC,SINGLE BARREL BOURBON WHISKIES,750,6,2023-12,2023-12,1,90,3645
906066,FEW BOURBON HA,374,PARK STREET IMPORTS-FEW SPIRITS,STRAIGHT BOURBON WHISKIES,750,6,2014-08,2014-08,1,90,3623.4
921188,HA RABBIT HOLE MIZUNARA,370,PERNOD RICARD USA,STRAIGHT BOURBON WHISKIES,750,1,2024-05,2024-09,4,90,101204.1
928383,HA OLD FITZGERALD BIB 11 YR OLD DECANTER  FALL 2025 RELEASE,259,HEAVEN HILL BRANDS,STRAIGHT BOURBON WHISKIES,750,3,2026-02,2026-02,1,90,10800
921232,1792 PORT FINISH BOURBON HA,55,SAZERAC NORTH AMERICA,STRAIGHT BOURBON WHISKIES,750,6,2015-12,2015-12,1,90,2835
926045,COMING HOME,578,S&B FARMS DISTILLERY,SINGLE BARREL BOURBON WHISKIES,750,6,2022-11,2026-03,6,90,3819.9
903279,JEFFERSON'S BOURBON SMALL BATCH,91,CASTLE BRANDS,STRAIGHT BOURBON WHISKIES,750,6,2012-11,2014-03,8,90,2024.22
917633,HA DAVIESS COUNTY MEDIUM TOAST,434,LUXCO INC,STRAIGHT BOURBON WHISKIES,750,6,2023-09,2023-09,1,89,3337.5
16577,BAKERS HIGH RYE BOURBON,65,JIM BEAM BRANDS,STRAIGHT BOURBON WHISKIES,750,6,2025-08,2026-03,8,88,4950
18286,FILIBUSTER DUAL CASK BOURBON,244,DILAWRI BARRELS LLC,STRAIGHT BOURBON WHISKIES,750,6,2017-09,2018-07,11,88,3036
903484,OLD FORESTER BONDED 100PRF BOURBON,85,BROWN-FORMAN CORPORATION,STRAIGHT BOURBON WHISKIES,750,12,2013-10,2015-02,6,84,1317.96
901185,YAHARA BAY AMERICAN WHISKEY,885,"YAHARA BAY DISTILLERS, INC",STRAIGHT BOURBON WHISKIES,750,3,2012-04,2016-06,23,84,2711.28
917096,BUCK BOURBON 8 YEAR,198,FRANK-LIN DISTILLERS PRODUCTS LTD.,STRAIGHT BOURBON WHISKIES,750,6,2014-05,2016-08,8,84,1890
919913,HA NELSON BROS. WHISKEY MOURVEDRE CASK,115,CONSTELLATION BRANDS INC,STRAIGHT BOURBON WHISKIES,750,6,2024-01,2024-02,2,84,5670
985995,PENELOPE ARCHITECT BOURBON FRENCH OAK STAVES,434,LUXCO INC,STRAIGHT BOURBON WHISKIES,750,6,2023-10,2023-12,2,84,4725
85683,BP OAK & EDEN SPIRE SELECT WHEAT AMERICAN OAK,642,"JAMES JOSEPH SANCTIFIED SPIRITS, LLC / OAK&EDEN",STRAIGHT BOURBON WHISKIES,750,6,2023-05,2023-05,1,82,3690
16381,OLD FITZGERALD 8 YR BIB DECANTER,259,HEAVEN HILL BRANDS,BOTTLED IN BOND BOURBON,750,3,2024-01,2024-02,2,82,6355.82
18787,FANGED PURSUIT-ORPHAN BARREL 17YR,260,DIAGEO AMERICAS,STRAIGHT BOURBON WHISKIES,750,6,2025-01,2025-01,1,80,11999.2
27804,BURNSIDE BOURBON,234.0,EASTSIDE DISTILLING,STRAIGHT BOURBON WHISKIES,750,6,2016-10,2017-04,7,79,1926.02
921186,RABBIT HOLE HEIGOLD RYE BOURBON,370.0,PERNOD RICARD USA,STRAIGHT BOURBON WHISKIES,750,6,2020-05,2021-07,8,78,3509.22
916698,BARRELL BOURBON BATCH 030,305,MHW LTD,STRAIGHT BOURBON WHISKIES,750,6,2021-12,2023-02,4,78,5616
916715,BARREL BOURBON VANTAGE,305,MHW LTD,STRAIGHT BOURBON WHISKIES,750,6,2022-11,2024-02,9,78,5398.38
925724,HA PARKERS HERITAGE COLLECTION 18TH EDITION,259,HEAVEN HILL BRANDS,STRAIGHT BOURBON WHISKIES,750,3,2024-10,2024-10,1,78,9945
991342,HA OLD FORESTER BIRTHDAY BOURBON 2021,85,BROWN FORMAN CORP.,STRAIGHT BOURBON WHISKIES,750,6,2021-11,2021-11,1,78,8775
101768,LONGBRANCH WITH 2 ROCK GLASSES,619,CAMPARI AMERICA,STRAIGHT BOURBON WHISKIES,750,6,2023-08,2023-09,2,76,2451
17104,BLUE RUN REFLECTION 95 PROOF BOURBON,368,PARK STREET IMPORTS,STRAIGHT BOURBON WHISKIES,750,6,2026-03,2026-04,2,76,6459.24
921268,HA REMUS GATSBY RESERVE 2024,434,LUXCO INC,STRAIGHT BOURBON WHISKIES,750,3,2024-10,2025-04,3,75,14062.5
922179,HA RUSSELLS RESERVE 13 YEAR OLD,619,CAMPARI AMERICA,STRAIGHT BOURBON WHISKIES,750,6,2025-09,2025-09,1,73,8760
27757,FEW SPIRITS BOURBON WHISKEY,368,PARK STREET IMPORTS,STRAIGHT BOURBON WHISKIES,750,6,2021-10,2022-04,3,72,2556.72
986938,WOODFORD RESERVE MASTERS COLLECTION PINOT NOIR HA,85,BROWN-FORMAN CORPORATION,STRAIGHT BOURBON WHISKIES,750,4,2014-11,2014-11,1,72,5373.36
916713,BARRELL BOURBON BATCH 035,305,MHW LTD,STRAIGHT BOURBON WHISKIES,750,6,2024-02,2024-04,3,72,6119.28
918286,FILIBUSTER STRAIGHT BOURBON,244,FILIBUSTER BARRELS LLC,STRAIGHT BOURBON WHISKIES,750,6,2021-04,2023-07,6,72,2610.72
917062,BRADSHAW BOURBON,118,AMERICAN SPIRITS EXCHANGE,STRAIGHT BOURBON WHISKIES,750,6,2021-08,2021-09,2,72,2520.72
916377,HA OLD FITZGERALD 17 YR BIB DECANTER,259,HEAVEN HILL BRANDS,BOTTLED IN BOND BOURBON,750,3,2022-04,2022-09,2,72,10800
902086,HILLROCK ESTATE SOLERA STR. BOURBON WHY.,204,HILLROCK ESTATE DISTILLERY LLC,STRAIGHT BOURBON WHISKIES,750,6,2014-04,2016-04,10,72,7470.72
922254,HA WOODFORD RESERVE BATCH PROOF,85,BROWN FORMAN CORP.,STRAIGHT BOURBON WHISKIES,750,6,2019-07,2021-07,3,72,7017.12
978195,GOLD BAR BLACK BOURBON DOUBLE CASKED,368,PARK STREET IMPORTS,STRAIGHT BOURBON WHISKIES,750,6,2022-04,2024-01,6,72,2988.72
918379,HA FOUR ROSES SMALL BATCH 2021 LIMITED EDITION,184,FOUR ROSES DISTILLERY,STRAIGHT BOURBON WHISKIES,750,6,2021-10,2021-10,1,72,9540.72
917210,CENTURY FARMS STRAIGHT BOURBON WHISKEY,594,"AMERICAN HERITAGE DISTILLERS, LLC / CENTURY FARMS DISTILLERY",STRAIGHT BOURBON WHISKIES,750,6,2023-01,2023-10,4,72,1080
27806,BURNSIDE OREGON OAKED BOURBON,234.0,EASTSIDE DISTILLING,STRAIGHT BOURBON WHISKIES,750,6,2016-10,2017-04,7,72,2700
925887,STEEPLE RIDGE CASK STRENGTH 4 GRAIN BOURBON,325,LONELY OAK DISTILLERY,STRAIGHT BOURBON WHISKIES,750,6,2025-12,2025-12,1,72,3240
976280,DARK ARTS WHISKEY HOUSE - BOURBON WITH FRENCH OAK CREME BRUL,844,DARK ARTS WHISKEY HOUSE LLC,STRAIGHT BOURBON WHISKIES,750,6,2024-11,2024-11,1,72,6300
917334,CHICKEN COCK KENTUCKY STRAIGHT BOURBON,368.0,PARK STREET IMPORTS,SINGLE BARREL BOURBON WHISKIES,750,6,2021-04,2021-07,3,72,4032
976176,DRIFTLESS GLEN BOURBON DE NARANJA,232,DRIFTLESS GLEN DISTILLERY,STRAIGHT BOURBON WHISKIES,750,6,2024-05,2026-03,2,66,4290.66
902900,OLD FITZGERALD 12YR VERY SPECIAL(DNO),259,HEAVEN HILL BRANDS,STRAIGHT BOURBON WHISKIES,750,6,2012-06,2013-07,5,66,1898.16
905824,HA ORPHAN BARREL FORAGERS KEEP 26YR,260,DIAGEO AMERICAS,STRAIGHT BOURBON WHISKIES,750,6,2019-06,2019-06,1,66,19799.34
927948,WYOMING WHISKEY OUTRYDER STRAIGHT AMERICAN WHISKEY,266,EDRINGTON GROUP USA LLC,STRAIGHT BOURBON WHISKIES,750,6,2019-02,2025-11,8,66,3839.94
986175,TRAVERSE CITY WHISKEY CO. BARREL PROOF CHERRY BOURBON,428,"TRAVERSE CITY WHISKEY CO / TCWC, LLC",STRAIGHT BOURBON WHISKIES,750,6,2023-10,2025-01,4,66,4455
917680,DUKE GRAND CRU RSV BOURBON WHISKEY,368,PARK STREET IMPORTS,SINGLE BARREL BOURBON WHISKIES,750,6,2021-10,2022-11,5,66,5588.16
16382,OLD FITZGERALD  10 YR  DECANTER,259,HEAVEN HILL BRANDS,STRAIGHT BOURBON WHISKIES,750,3,2024-07,2024-07,1,65,6825
16601,HIGH WEST BOTTLED IN BOND,115,CONSTELLATION BRANDS INC,BOTTLED IN BOND BOURBON,750,6,2025-09,2025-09,1,62,3255
101819,RABBIT HOLE 2PK W/ CAVEHILL AND HEIGOLD,370,PERNOD RICARD USA,STRAIGHT BOURBON WHISKIES,750,12,2023-09,2023-09,1,62,1394.38
916896,HA BLACKLAND PRAIRIE GOLD BOURBON,363,PATERNO IMPORTS LTD / TERLATO WINES INTERNATIONAL,STRAIGHT BOURBON WHISKIES,750,6,2025-07,2025-07,1,61,5032.5
918374,HA FOUR ROSES SMALL BATCH 2019 LE,184,FOUR ROSES DISTILLERY,STRAIGHT BOURBON WHISKIES,750,6,2020-01,2020-02,2,60,7304.4
918531,HA HEAVEN HILL HERITAGE COLLECTION THIRD EDITION,259,HEAVEN HILL BRANDS,STRAIGHT BOURBON WHISKIES,750,3,2024-05,2024-05,1,60,13500
916674,BARRELL BOURBON NEW YEAR 2019,305.0,MHW LTD,STRAIGHT BOURBON WHISKIES,750,6,2018-12,2019-01,2,60,7560
21257,REMUS REPEAL RESERVE BOURBON VIII,434,LUXCO INC,STRAIGHT BOURBON WHISKIES,750,6,2024-08,2024-08,1,60,5401.2
916804,HA BARRELL 12 YEAR BOURBON FINISHED IN TOASTED AMERICAN OAK,305,MHW LTD,STRAIGHT BOURBON WHISKIES,750,3,2026-04,2026-04,1,60,7380
918378,HA FOUR ROSES SMALL BATCH 2020 LIMITED EDITION,184.0,FOUR ROSES DISTILLERY,STRAIGHT BOURBON WHISKIES,750,6,2020-12,2020-12,1,60,7950.6
925642,HA REDWOOD EMPIRE SCREAMING TITAN,926,"GRATON SPIRITS COMPANY, LLC / PURPLE BRANDS",STRAIGHT BOURBON WHISKIES,750,6,2024-07,2024-07,1,60,4050
916910,HA BOOKERS 30TH ANNIVERSARY,65.0,JIM BEAM BRANDS,STRAIGHT BOURBON WHISKIES,750,6,2019-01,2019-02,2,60,9000
902389,MATTINGLY & MOORE BOURBON,259,HEAVEN HILL BRANDS,STRAIGHT BOURBON WHISKIES,750,12,2012-02,2012-06,2,60,329.4
926222,WRIGHT & BROWN BOURBON WHISKEY,644.0,DOGTOWN DISTILLING / WRIGHT & BROWN DISTILLING CO,STRAIGHT BOURBON WHISKIES,750,12,2020-11,2021-08,4,60,2985.6
922399,BODALEN BOURBON,689,"FAR NORTH SPIRITS, INC.",STRAIGHT BOURBON WHISKIES,750,6,2023-04,2025-08,7,60,2700
917943,HA ELMER T LEE 100TH,421,SAZERAC COMPANY  INC,STRAIGHT BOURBON WHISKIES,750,6,2020-01,2020-01,1,60,4500
921057,HA PENELOPE ESTATE COLLECTION,434,LUXCO INC,SINGLE BARREL BOURBON WHISKIES,750,3,2024-12,2024-12,1,60,4050
910862,HA ORPHAN BARREL ENTRAPMENT,260,DIAGEO AMERICAS,STRAIGHT BOURBON WHISKIES,750,6,2017-12,2017-12,1,60,6750
916242,HA REDWOOD GRIZZLY BEAST BOTTLE IN BOUND BOURBON BATCH 3,926,"GRATON SPIRITS COMPANY, LLC / PURPLE BRANDS",STRAIGHT BOURBON WHISKIES,750,6,2024-04,2024-04,1,60,3348
985683,OAK & EDEN SPIRE SELECT WHEAT AMERICAN OAK BUY THE BARREL,642,"JAMES JOSEPH SANCTIFIED SPIRITS, LLC / OAK&EDEN",STRAIGHT BOURBON WHISKIES,750,6,2022-12,2022-12,1,60,2700
21255,REDWOOD EMPIRE DEVILS TOWER HIGH RYE BOURBON,926,"GRATON SPIRITS COMPANY, LLC / PURPLE BRANDS",STRAIGHT BOURBON WHISKIES,750,6,2026-02,2026-02,1,60,3150
916722,HA BARRELL NEW YEAR BOURBON 2025,305,MHW LTD,STRAIGHT BOURBON WHISKIES,750,6,2025-01,2025-01,1,60,4152.6
926262,1900 WHISKEY,566.0,"FOUNDRY DISTILLING COMPANY, LLC",SINGLE BARREL BOURBON WHISKIES,750,6,2021-04,2021-04,1,60,1710
921592,HA EH TAYLOR JR WAREHOUSE C,421,SAZERAC COMPANY  INC,STRAIGHT BOURBON WHISKIES,750,6,2021-11,2021-11,1,60,3150
978190,TRAVERSE CITY WHISKEY CO LAKESIDE PEACH,428,"TRAVERSE CITY WHISKEY CO / TCWC, LLC",STRAIGHT BOURBON WHISKIES,750,6,2022-12,2025-03,9,60,1740
22327,WYOMING WHISKEY BUFFALO BILL CODY,266,EDRINGTON GROUP USA LLC,STRAIGHT BOURBON WHISKIES,750,6,2025-10,2025-10,1,60,3594
916245,HA PAUL JOHN CHRISTMAS 2022,421,SAZERAC COMPANY  INC,STRAIGHT BOURBON WHISKIES,750,6,2022-09,2022-09,1,59,3623.19
902924,BERNHEIM ORIGINAL WHEAT WHISKEY DNO,259,HEAVEN HILL BRANDS,STRAIGHT BOURBON WHISKIES,750,3,2012-02,2014-04,9,57,1973.34
918530,HA HEAVEN HILL HERITAGE COLLECTION,259,HEAVEN HILL BRANDS,STRAIGHT BOURBON WHISKIES,750,3,2022-04,2022-04,1,57,11756.25
911074,HA MISTER SAM TRIBUTE WHISKEY,421,SAZERAC COMPANY  INC,STRAIGHT BOURBON WHISKIES,750,1,2019-05,2025-10,5,57,11625
16496,477 DISTILLING SINGLE BARREL STRAIGHT BOURBON,979,5507 DISTILLING LLC/477 DISTILLING,STRAIGHT BOURBON WHISKIES,750,6,2025-08,2026-04,8,56,1764
22194,WIDOW JANE SINGLE BATCH 10 YR SELECT,259,HEAVEN HILL BRANDS,STRAIGHT BOURBON WHISKIES,750,6,2024-04,2024-04,1,56,4200
919040,JIM BEAM DISTILLER'S MASTERPIECE HA,65,JIM BEAM BRANDS,STRAIGHT BOURBON WHISKIES,750,2,2014-12,2016-01,3,56,8818.32
916630,TUMBLIN DICE BOURBON SINGLE BARREL BARREL PROOF,118,AMERICAN SPIRITS EXCHANGE,STRAIGHT BOURBON WHISKIES,750,6,2021-06,2023-03,7,54,2705.4
999921,BOOT HILL DISTILLERY BOURBON WHISKEY,556,BOOT HILL DISTILLERY LLC,STRAIGHT BOURBON WHISKIES,750,6,2021-07,2023-05,7,54,2227.5
974727,CASEY JONES KENTUCKY STRAIGHT BOURBON,569,STILLWORKS LLC,STRAIGHT BOURBON WHISKIES,750,6,2021-04,2022-11,7,54,1525.08
916690,BARREL BOURBON BATCH 24,305.0,MHW LTD,STRAIGHT BOURBON WHISKIES,750,6,2020-10,2021-02,3,54,3531.06
985996,DEVILS RIVER AGAVE BOURBON,421,SAZERAC COMPANY  INC,STRAIGHT BOURBON WHISKIES,750,6,2023-10,2024-10,5,54,1336.5
918412,GEORGE REMUS STRAIGHT BOURBON,368.0,LUXCO INC,STRAIGHT BOURBON WHISKIES,750,6,2020-12,2021-05,4,54,1794.96
946072,BARREL CRAFT SPIRITS BOURBON,305,MHW LTD,SINGLE BARREL BOURBON WHISKIES,750,3,2021-10,2023-11,7,54,10384.2
921269,RIEGER STRAIGHT BOURBON WHISKEY,564,JACOB RIEGER & COMPANY LLC,STRAIGHT BOURBON WHISKIES,750,6,2024-10,2025-07,5,54,1336.5
924578,HA LITTLE BOOK CHAPTER 8,65,JIM BEAM BRANDS,STRAIGHT BOURBON WHISKIES,750,6,2024-11,2024-11,1,54,5062.5
903066,HANCOCK RESERVE BOURBON,421,"SAZERAC CO., INC.",STRAIGHT BOURBON WHISKIES,750,6,2012-01,2015-04,7,54,2365.2
926834,LEADSLINGERS THIN BLUE LINE,100,AIKO IMPORTERS INC,STRAIGHT BOURBON WHISKIES,750,6,2020-07,2022-05,3,54,1539
900367,JACK DANIEL'S SINGLE BARREL BARREL PROOF,85,BROWN-FORMAN CORPORATION,BOTTLED IN BOND BOURBON,750,6,2016-01,2016-08,4,54,2630.88
902479,HA BLOOD OATH TRILOGY III,434,LUXCO INC,STRAIGHT BOURBON WHISKIES,750,1,2024-09,2024-09,1,52,31207.8
16340,PAUL JOHN CHRISTMAS 2023,421,SAZERAC COMPANY  INC,STRAIGHT BOURBON WHISKIES,750,6,2024-01,2024-02,2,49,3307.5
926354,H.DERINGER GIFT BOX,100,AIKO IMPORTERS INC,STRAIGHT BOURBON WHISKIES,750,4,2024-01,2024-02,2,48,4860
902937,OLD EZRA 7YR STR BOURBON,434,LUXCO-ST LOUIS,STRAIGHT BOURBON WHISKIES,750,12,2012-12,2014-01,4,48,519.84
924579,HA LITTLE BOOK CHAPTER 9,65,JIM BEAM BRANDS,STRAIGHT BOURBON WHISKIES,750,6,2025-09,2025-09,1,48,4500
926673,SPIRITS OF THE APOCALYPSE THE WALKING DEAD BOURBON,260.0,DIAGEO AMERICAS,STRAIGHT BOURBON WHISKIES,750,12,2020-10,2020-12,2,48,1259.52
926855,TOMS TOWN DOUBLE OAKED BOURBON,690,TOM'S TOWN DISTILLING CO,STRAIGHT BOURBON WHISKIES,750,6,2021-05,2022-04,5,48,1634.4
20165,OLD CHARTER 8 BOURBON PET,421,SAZERAC COMPANY  INC,STRAIGHT BOURBON WHISKIES,750,12,2023-06,2023-06,1,48,648
916379,HA OLD FITZGERALD 19YR DECANTER,259,HEAVEN HILL BRANDS,BOTTLED IN BOND BOURBON,750,3,2023-01,2023-01,1,48,8640
985631,CHICKEN COCK CHANTICLEER COGNAC FINISH BOURBON,368,PARK STREET IMPORTS,STRAIGHT BOURBON WHISKIES,750,6,2023-04,2023-08,5,48,13440.12
27718,PIKE STREET,206,PANTHER DISTILLERY,STRAIGHT BOURBON WHISKIES,750,6,2014-10,2015-12,11,48,1776.48
917211,CENTURY FARMS BOURBON WHISKEY - VP,594,"AMERICAN HERITAGE DISTILLERS, LLC / CENTURY FARMS DISTILLERY",STRAIGHT BOURBON WHISKIES,750,12,2025-01,2025-06,3,48,504
916623,DEADWOOD BOURBON,118,AMERICAN SPIRITS EXCHANGE,STRAIGHT BOURBON WHISKIES,750,12,2022-10,2023-04,3,48,930.24
927539,PRICHARD'S DOUBLE CHOCOLATE BOURBON,969,AVENIU BRANDS,STRAIGHT BOURBON WHISKIES,750,6,2012-12,2013-11,5,48,2245.92
920256,OLD CROW RESERVE,65,JIM BEAM BRANDS,STRAIGHT BOURBON WHISKIES,750,12,2014-04,2014-09,2,48,453.12
926333,801 BOURBON WHISKEY,566.0,"FOUNDRY DISTILLING COMPANY, LLC",SINGLE BARREL BOURBON WHISKIES,750,6,2021-07,2021-07,1,48,1440
976281,DARK ARTS WHISKEY HOUSE - FINISHED IN A CALVADOS CASK,844,DARK ARTS WHISKEY HOUSE LLC,SINGLE BARREL BOURBON WHISKIES,750,6,2025-04,2025-04,1,46,7475
927096,HA SAZERAC RYE 18YR 2024,421,SAZERAC COMPANY  INC,STRAIGHT BOURBON WHISKIES,750,3,2024-12,2025-12,2,45,5062.5
917756,HA EAGLE RARE 17 2025 BOURBON,421,SAZERAC COMPANY  INC,STRAIGHT BOURBON WHISKIES,750,3,2024-12,2025-12,2,45,5062.5
923654,HA BARRELL 18 YEAR WHISKEY FINISHED IN CABERNET SAUVIGNON AN,305,MHW LTD,STRAIGHT BOURBON WHISKIES,750,3,2026-04,2026-04,1,45,6918.75
921259,HA REMUS GATSBY 2023,434,LUXCO INC,STRAIGHT BOURBON WHISKIES,750,3,2023-11,2023-11,1,45,8438.85
16841,BLANTON GOLD BOURBON,421,SAZERAC COMPANY  INC,STRAIGHT BOURBON WHISKIES,750,6,2020-07,2020-07,1,45,4050
922250,HA YELLOWSTONE LIMITED EDITION 2017,434,LUXCO INC,STRAIGHT BOURBON WHISKIES,750,3,2017-11,2017-11,1,45,3442.5
921260,HA REMUS GATSBY RESERVE,434,LUXCO INC,STRAIGHT BOURBON WHISKIES,750,3,2022-11,2022-11,1,45,8439.75
927223,PARKERS HC PROMISE OF HOPE,259,HEAVEN HILL BRANDS,STRAIGHT BOURBON WHISKIES,750,3,2013-09,2013-12,3,45,3330
928196,HA PARKERS HERITAGE COLLECTION #12,259,HEAVEN HILL BRANDS,STRAIGHT BOURBON WHISKIES,750,3,2018-10,2018-10,1,45,3014.55
26354,H DERINGER  GIFT PACK,100,AIKO IMPORTERS INC,STRAIGHT BOURBON WHISKIES,750,4,2023-09,2023-09,1,44,4059
27861,BALCONES 1 TEXAS SINGLE MALT,260,DIAGEO AMERICAS,STRAIGHT BOURBON WHISKIES,750,6,2024-11,2026-01,8,44,3079.56
916629,TUMBLIN DICE BOURBON,118,AMERICAN SPIRITS EXCHANGE,STRAIGHT BOURBON WHISKIES,750,6,2022-02,2023-03,4,42,1522.92
917190,CALUMET FARM 8YR,492,WESTERN SPIRITS BEVERAGE,BOTTLED IN BOND BOURBON,750,6,2021-05,2021-11,4,42,1578.36
921616,THE REPRESENTATIVE BARREL PROOF BOURBON,118,AMERICAN SPIRITS EXCHANGE,STRAIGHT BOURBON WHISKIES,750,6,2022-06,2024-04,5,42,1867.5
920369,OLD FORESTER 1870 WHISKY ROW SERIES,85,BROWN FORMAN CORP.,STRAIGHT BOURBON WHISKIES,750,6,2015-10,2017-07,5,42,1417.08
916158,OREGON SPIRIT BOTTLED IN BOND BOURBON,336,MAVERICK SPIRIT LLC / OREGON SPIRIT DISTILLERS,BOTTLED IN BOND BOURBON,750,6,2022-01,2023-07,5,42,2608.2
916266,FOUR GRAIN STRAIGHT BOURBON BOTTLED IN BOND,539,GARGOYLE ENTERPRISES / LAWS WHISKEY HOUSE,STRAIGHT BOURBON WHISKIES,750,6,2020-07,2023-05,4,42,2709
919045,HA JEFFERSONS RESERVE OLD RUM CASK,370,PERNOD RICARD USA,STRAIGHT BOURBON WHISKIES,750,6,2024-06,2024-07,2,42,2046.24
916384,HA OLD FITZGERALD BIB 11YR OLD FALL 24 DECANTER,259,HEAVEN HILL BRANDS,BOTTLED IN BOND BOURBON,750,3,2025-02,2025-02,1,42,4882.5
921040,PINE BLUFFS DISTILLING STRAIGHT BOURBON WHISKEY WHEAT,805,WMC-PBD LLC/ PINE BLUFFS DISTILLING,STRAIGHT BOURBON WHISKIES,750,6,2022-10,2023-05,4,42,1575
76615,BP EZRA BROOKS STAVE FINISH COLLECTION,434,LUXCO INC,STRAIGHT BOURBON WHISKIES,750,6,2024-06,2024-06,1,40,1800
76619,BP REBEL STAVE FINISH COLLECTION,434,LUXCO INC,STRAIGHT BOURBON WHISKIES,750,6,2024-06,2024-06,1,39,1755
922231,WOODFORD RESERVE MC STRAIGHT,85,BROWN-FORMAN CORPORATION,STRAIGHT BOURBON WHISKIES,750,4,2013-12,2014-03,3,36,2686.68
920156,OLD BLOWHARD HA,260,DIAGEO AMERICAS,STRAIGHT BOURBON WHISKIES,750,6,2014-03,2014-03,1,36,4049.64
922230,WOODFORD RESERVE MC CLASSIC,85,BROWN-FORMAN CORPORATION,STRAIGHT BOURBON WHISKIES,750,4,2013-12,2014-01,2,36,2686.68
972427,BENCHMARK BROWN SUGAR,421.0,SAZERAC COMPANY  INC,STRAIGHT BOURBON WHISKIES,750,12,2019-07,2019-09,2,36,216
906060,NOAH'S MILL HA,496,WILLETT DISTILLERY,STRAIGHT BOURBON WHISKIES,750,6,2014-06,2014-06,1,36,1481.4
919141,KAPAHI BOURBON WHISKY,816,"LBD COFFEE, LLC",STRAIGHT BOURBON WHISKIES,750,6,2022-11,2023-03,5,36,1836
916196,JIM BEAM BONDED,65.0,JIM BEAM BRANDS,BOTTLED IN BOND BOURBON,750,12,2017-11,2018-04,3,36,821.88
922065,PENNSYLVANIA WAPSIE VALLEY BOURBON,835,"PITTSBURGH SPIRITS, LLC",STRAIGHT BOURBON WHISKIES,750,6,2023-04,2023-04,1,36,2160
926956,PRICHARD'S SINGLE MALT WHISKEY,969,AVENIU BRANDS,STRAIGHT BOURBON WHISKIES,750,12,2012-12,2013-03,3,36,1403.64
20256,OLD CROW RESERVE,65,JIM BEAM BRANDS,STRAIGHT BOURBON WHISKIES,750,12,2012-01,2013-02,3,36,339.84
910582,CABIN FEVER MAPLE FLAVORED WHISKY,260,DIAGEO AMERICAS,STRAIGHT BOURBON WHISKIES,750,12,2014-03,2016-01,3,36,539.64
916660,BARRELL BOURBON CASK STRENGTH,305.0,MHW LTD,STRAIGHT BOURBON WHISKIES,750,6,2016-08,2016-12,3,36,2475
917266,OLD CHARTER 101 HA,421,"SAZERAC CO., INC.",STRAIGHT BOURBON WHISKIES,750,12,2013-04,2013-11,3,36,561.24
991175,LOST REPUBLIC STRAIGHT BOURBON WHISKEY,638.0,DC BEVERAGE LLC,STRAIGHT BOURBON WHISKIES,750,12,2020-06,2023-06,3,36,1296
926730,JACK DANIELS 4YR RYE SINGLE BARREL,85,BROWN FORMAN CORP.,SINGLE BARREL BOURBON WHISKIES,750,6,2021-06,2025-03,5,36,1526.34
919241,HA KNOB CREEK 2001 #5,65.0,JIM BEAM BRANDS,STRAIGHT BOURBON WHISKIES,750,6,2017-01,2017-01,1,36,3684.6
17836,EARLY TIMES BOURBON 354,85,BROWN-FORMAN CORPORATION,STRAIGHT BOURBON WHISKIES,750,12,2012-03,2013-06,3,36,510.84
992044,BROKEN BELL BOURBON WHISKY,380.0,PHILLIPS BEVERAGE,STRAIGHT BOURBON WHISKIES,750,12,2016-12,2018-02,3,36,683.28
997878,BEER BARREL BOURBON,317,"NEW HOLLAND BREWING COMPANY, LLC",BOTTLED IN BOND BOURBON,750,6,2017-02,2020-02,4,36,1079.64
927310,PRICHARD'S LINCOLN COUNTY LIGHTNING,969,AVENIU BRANDS,STRAIGHT BOURBON WHISKIES,750,6,2012-12,2013-02,2,36,561.24
919032,JIM BEAM JACOB'S GHOST,65.0,JIM BEAM BRANDS,STRAIGHT BOURBON WHISKIES,750,12,2016-03,2016-04,2,36,765.36
78199,TOWN BRANCH MAPLE BARREL STOUT FINISHED BOURBON,916,ALLTECH BEVERAGE DIVISION LLC,STRAIGHT BOURBON WHISKIES,750,6,2024-02,2024-02,1,35,1837.5
86353,WOODS THROUGH THE WOODS STRAIGHT BOURBON,394,BLACK ROCK SPIRITS,STRAIGHT BOURBON WHISKIES,750,6,2026-04,2026-04,1,32,1596.16
102529,MAKERS MARK W/ WATER BOTTLE VAP,65,JIM BEAM BRANDS,STRAIGHT BOURBON WHISKIES,750,6,2025-03,2025-03,1,31,837
994852,TRAVERSE CITY WHISKEY CO. PORT BARREL FINISHED BOURBON,428.0,TRAVERSE CITY WHISKEY CO,STRAIGHT BOURBON WHISKIES,750,6,2017-10,2018-11,3,30,974.7
985552,KOVAL BOURBON,187,KOVAL DISTILLERY,SINGLE BARREL BOURBON WHISKIES,750,6,2015-06,2016-02,3,30,1215
907695,MIDDLE WEST SPIRITS MICHELONE RESERVE BOURBON,625,MIDDLE WEST SPIRITS,STRAIGHT BOURBON WHISKIES,750,6,2020-07,2023-12,4,30,1192.5
990506,JACK DANIEL'S MASTERS DISTILLERS 3,85,BROWN-FORMAN CORPORATION,BOTTLED IN BOND BOURBON,750,12,2016-01,2016-01,1,30,768.3
921603,E.H. TAYLOR SEASONED WOOD HA,421,"SAZERAC CO., INC.",STRAIGHT BOURBON WHISKIES,750,6,2016-04,2016-05,2,30,1575
926274,JACOBS PARDON SMALL BATCH WHISKEY #1,357.0,PALM BAY INTERNATIONAL,SINGLE BARREL BOURBON WHISKIES,750,6,2020-12,2025-04,5,30,2137.5
921042,PINE BLUFFS DISTILLING STRAIGHT BOURBON RYE,805,WMC-PBD LLC/ PINE BLUFFS DISTILLING,STRAIGHT BOURBON WHISKIES,750,6,2022-10,2023-05,3,30,1125
926567,HA JACK DANIELS SINGLE BARREL ERIC CHURCH,85.0,BROWN FORMAN CORP.,SINGLE BARREL BOURBON WHISKIES,750,6,2020-08,2020-09,2,30,1349.1
916667,BARRELL BOURBON BATCH 015,305.0,MHW LTD,STRAIGHT BOURBON WHISKIES,750,6,2018-03,2019-01,3,30,2070
990621,HA BOURBON SMALL BATCH MULTI-PACK,65.0,JIM BEAM BRANDS,STRAIGHT BOURBON WHISKIES,750,3,2018-11,2018-11,1,30,4500
922390,HA PARKERS HERITAGE COLLECTION 16TH EDITION DBL BARREL BLEND,259,HEAVEN HILL BRANDS,STRAIGHT BOURBON WHISKIES,750,3,2023-01,2023-01,1,30,3937.5
927228,HA PARKERS HERITAGE COLLECTION 11TH EDITION DISCO,259,HEAVEN HILL BRANDS,SINGLE BARREL BOURBON WHISKIES,750,3,2017-11,2017-11,1,30,3120.3
916582,HA BAKERS 13YR,65.0,JIM BEAM BRANDS,STRAIGHT BOURBON WHISKIES,750,6,2019-10,2019-11,2,30,2250
916456,RESERVOIR BOURBON WHISKEY,,RESERVOIR DISTILLERY,SINGLE BARREL BOURBON WHISKIES,750,6,2016-10,2016-10,1,30,2025
925848,DRIFTLESS GLEN AMERICAN SINGLE MALT,232,DRIFTLESS GLEN DISTILLERY,STRAIGHT BOURBON WHISKIES,750,6,2024-05,2024-05,1,30,1800
917900,HA EH TAYLOR 18YR MARRIAGE,421.0,SAZERAC COMPANY  INC,STRAIGHT BOURBON WHISKIES,750,6,2020-09,2020-09,1,30,1575
921210,REBEL YELL SMALL BATCH RESERVE,434,LUXCO-ST LOUIS,STRAIGHT BOURBON WHISKIES,750,6,2015-07,2024-04,3,30,715.68
916039,PAUL JOHN NIRVANA WHISKY,421,SAZERAC COMPANY  INC,STRAIGHT BOURBON WHISKIES,750,6,2025-03,2025-10,3,30,900
921024,PEERLESS SMALL BATCH KENTUCKY STRAIGHT BOURBON WHISKEY,899,"KENTUCKY PEERLESS DISTILLING COMPANY, LLC",STRAIGHT BOURBON WHISKIES,750,6,2023-04,2023-04,1,30,1912.5
927952,STRAIGHT EDGE BOURBON WHISKEY,631.0,"SPLINTER GROUP NAPA, LLC",STRAIGHT BOURBON WHISKIES,750,6,2021-01,2021-09,4,30,1297.5
916580,HA BAKERS BOURBON 7YR,65,JIM BEAM BRANDS,STRAIGHT BOURBON WHISKIES,750,6,2021-06,2021-06,1,30,1350
922273,HA WOODFORD RESERVE BATCH PROOF 118PRF,85,BROWN FORMAN CORP.,STRAIGHT BOURBON WHISKIES,750,6,2022-08,2022-08,1,30,2925
919316,HA KENTUCKY OWL BOURBON BATCH #9,277,STOLI GROUP,STRAIGHT BOURBON WHISKIES,750,6,2020-01,2020-01,1,30,6749.7
924475,KINGS COUNTY BLENDED BOURBON,511,KINGS COUNTY DISTILLERY,STRAIGHT BOURBON WHISKIES,750,6,2023-01,2023-03,2,30,1463.1
986201,PUNCHERS CHANCE THE D12TANCE 12YR,305,MHW LTD,STRAIGHT BOURBON WHISKIES,750,6,2022-01,2022-04,3,30,2775.3
19325,KENTUCKY OWL MAIGHSTIR,277,STOLI GROUP,STRAIGHT BOURBON WHISKIES,750,6,2023-11,2023-11,1,28,2835
102389,HEAVEN HILL 7 YR BIB HOLIDAY VAP,259,HEAVEN HILL BRANDS,BOTTLED IN BOND BOURBON,750,6,2024-09,2024-09,1,28,1050
902478,HA REMUS REPEAL RESERVE TRILOGY 2024,434,LUXCO INC,STRAIGHT BOURBON WHISKIES,750,1,2024-09,2024-09,1,25,15003.75
919976,HA OFC BOURBON 1995,421,SAZERAC COMPANY  INC,STRAIGHT BOURBON WHISKIES,750,1,2019-03,2021-04,3,25,46245
921543,SMOKE WAGON CHRISTMAS STRAIGHT,460,SHAW-ROSS INTERNATIONAL,STRAIGHT BOURBON WHISKIES,750,12,2025-10,2025-10,1,24,612
918372,HA FOUR ROSES 130TH ANNIVERSARY LE SMALL BATCH 2018,184,FOUR ROSES DISTILLERY,STRAIGHT BOURBON WHISKIES,750,6,2018-10,2018-10,1,24,3180.24
22988,BRECKENRIDGE BOURBON(DO NOT USE),79,BRECKENRIDGE DISTILLERY,STRAIGHT BOURBON WHISKIES,750,6,2012-08,2012-09,2,24,954
922366,ZACKARIAH HARRIS,55,SAZERAC NORTH AMERICA,STRAIGHT BOURBON WHISKIES,750,12,2014-02,2019-03,2,24,234
925567,OREGON SPIRIT DISTILLERS STRAIGHT AMERICAN BOURBON,336,MAVERICK SPIRIT LLC / OREGON SPIRIT DISTILLERS,STRAIGHT BOURBON WHISKIES,750,6,2023-04,2023-07,3,24,1049.76
985675,PUNCHERS CHANCE LEFT CROSS,305,MHW LTD,STRAIGHT BOURBON WHISKIES,750,6,2023-04,2023-07,3,24,2689.68
927222,PARKERS HERITAGE ORIGINAL BATCH #8 HA,259,HEAVEN HILL BRANDS,STRAIGHT BOURBON WHISKIES,750,3,2015-01,2015-04,2,24,1776.24
927589,RED RIVER TEXAS BOURBON,460,SHAW-ROSS INTERNATIONAL,STRAIGHT BOURBON WHISKIES,750,6,2020-05,2020-08,4,24,846
920118,O.H. INGRAM RIVER AGED STRAIGHT BOURBON WHISKEY,231,RS LIPMAN COMPANY LLC,STRAIGHT BOURBON WHISKIES,750,6,2023-05,2023-06,2,24,1542.24
925474,COALESENCE,566,"FOUNDRY DISTILLING COMPANY, LLC",SINGLE BARREL BOURBON WHISKIES,750,6,2021-11,2021-11,1,24,684
976224,DARK ARTS WHISKEY HOUSE TOASTED JAPANESE MIZUNARA OAK STAVES,844,DARK ARTS WHISKEY HOUSE LLC,SINGLE BARREL BOURBON WHISKIES,750,6,2024-11,2026-04,4,24,2100
916426,CALUMET FARM BOTTLED IN BOND BOURBON,492,WESTERN SPIRITS BEVERAGE,BOTTLED IN BOND BOURBON,750,6,2025-04,2025-09,2,24,1804.32
919379,LOST LANTERN 2022 SINGLE CASK #1 SMOOTH AMBLER WEST VIRGINIA,368,PARK STREET IMPORTS,STRAIGHT BOURBON WHISKIES,750,12,2022-08,2022-10,2,24,1656
916203,HA KAIYO PX SHERI WHISKY,421,SAZERAC COMPANY  INC,STRAIGHT BOURBON WHISKIES,750,6,2025-10,2025-10,1,24,2579.76
921554,STELLUM BOURBON THE EQUINOX BLEND #1,305,MHW LTD,STRAIGHT BOURBON WHISKIES,750,12,2022-11,2022-12,2,24,1845.84
922391,HA BORCHETTA BOURBON,633,TENN SOUTH DISTILLERY / BIG MACHINE DISTILLERY,STRAIGHT BOURBON WHISKIES,750,6,2022-12,2022-12,1,24,6000.24
916686,BARRELL BOURBON NEW YEAR 2020,305,MHW LTD,STRAIGHT BOURBON WHISKIES,750,6,2019-12,2021-08,3,24,1728
19015,JEREMIAH WEED BLENDED BOURBON,260,DIAGEO AMERICAS,STRAIGHT BOURBON WHISKIES,750,12,2013-02,2013-04,2,24,321.12
918369,HA FOUR ROSES 2017 SMALL BATCH LIMITED EDITION DISCO,184,FOUR ROSES DISTILLERY,STRAIGHT BOURBON WHISKIES,750,6,2018-01,2018-01,1,24,3180.24
919101,JIM BEAM REPEAL BATCH,65,JIM BEAM BRANDS,STRAIGHT BOURBON WHISKIES,750,12,2020-05,2022-04,2,24,387
917644,DEVILS RIVER BOURBON,421,SAZERAC COMPANY  INC,STRAIGHT BOURBON WHISKIES,750,6,2022-06,2024-08,4,24,572.4
916661,BARRELL BOURBON BATCH 013,305,MHW LTD,STRAIGHT BOURBON WHISKIES,750,6,2017-11,2018-01,2,24,1656
901569,ELIJAH CRAIG FULL BARREL PROGRAM 12YR,259,HEAVEN HILL BRANDS,STRAIGHT BOURBON WHISKIES,750,12,2013-09,2013-09,1,24,482.88
921258,RESILIENT BOURBON BOTTLED IN BOND,118,AMERICAN SPIRITS EXCHANGE,STRAIGHT BOURBON WHISKIES,750,6,2022-06,2022-09,2,24,1122.24
916663,BARRELL BOURBON BATCH 014,305,MHW LTD,STRAIGHT BOURBON WHISKIES,750,6,2018-01,2018-03,2,24,1656
916835,BIRD DOG 10YR,492,WESTERN SPIRITS BEVERAGE,STRAIGHT BOURBON WHISKIES,750,6,2019-05,2020-06,4,24,1263.36
910992,HA WILD TURKEY MASTERS KEEP BIB 17YR,619,CAMPARI AMERICA,BOTTLED IN BOND BOURBON,750,6,2020-07,2020-07,1,24,3600
19040,JIM BEAM DISTILLER'S MASTERPEICE,65.0,JIM BEAM BRANDS,STRAIGHT BOURBON WHISKIES,750,2,2016-11,2017-04,3,22,3462.14
916373,HA OLD FITZGERALD 11YR BIB DECANTER,259,HEAVEN HILL BRANDS,BOTTLED IN BOND BOURBON,750,3,2021-10,2021-10,1,21,1732.5
916375,HA OLD FITZGERALD 14YR DECANTER,259,HEAVEN HILL BRANDS,BOTTLED IN BOND BOURBON,750,3,2020-11,2020-11,1,21,2205
916374,OLD FITZGERALD BIB 13YR DECANTER,259,HEAVEN HILL BRANDS,BOTTLED IN BOND BOURBON,750,3,2019-05,2019-06,2,21,2037.21
917185,CALUMET FARM 18 YO BOURBON DECANTER,492,WESTERN SPIRITS BEVERAGE,STRAIGHT BOURBON WHISKIES,750,3,2025-05,2025-09,4,21,7894.53
100210,CLYDE MAYS DUALPACK,305.0,MHW LTD,STRAIGHT BOURBON WHISKIES,750,6,2020-09,2020-09,1,19,570
926412,HA PARKER'S HERITAGE COLLECTION 14TH EDITION HEAVY CHAR,259,HEAVEN HILL BRANDS,STRAIGHT BOURBON WHISKIES,750,3,2020-11,2020-11,1,19,1710
901831,SMOOTH AMBLER OLD SCOUT,463,THE COUNTRY VINTNER,STRAIGHT BOURBON WHISKIES,750,6,2014-03,2014-11,3,18,658.8
994786,ROCK TOWN ARKANSAS BOURBON WHISKEY,523,ROCK TOWN DISTILLERY,STRAIGHT BOURBON WHISKIES,750,6,2017-09,2017-11,2,18,531.18
918362,FOUR ROSES 2015 LIMITED EDITION SMALL BATCH,184,FOUR ROSES DISTILLERY,STRAIGHT BOURBON WHISKIES,750,6,2016-05,2016-05,1,18,1287.18
917022,JOHN J BOWMAN STR. BBN.WHY. HA,421,"SAZERAC CO., INC.",STRAIGHT BOURBON WHISKIES,750,6,2014-05,2014-12,3,18,421.2
926574,HA HORSE SOLDIER COMMANDERS SELECT VII BOURBON,205,E & J GALLO WINERY,STRAIGHT BOURBON WHISKIES,750,6,2024-11,2026-02,2,18,8032.5
902454,CALUMET FARM CERAMIC DECANTER,492,WESTERN SPIRITS BEVERAGE,STRAIGHT BOURBON WHISKIES,750,3,2025-04,2025-09,5,18,4060.08
926138,MINGLEWOOD BOURBON,685.0,"MINGLEWOOD DISTILLING COMPANY, LLC",STRAIGHT BOURBON WHISKIES,750,6,2021-04,2021-04,1,18,611.64
927106,HA OLD RIP VAN WINKLE RESERVE RYE 13YR (PAPPY),421,SAZERAC COMPANY  INC,STRAIGHT BOURBON WHISKIES,750,3,2022-12,2022-12,1,18,1620
918301,FIRESIDE SINGLE BARREL CASK STRENGTH,426,MILE HIGH SPIRITS LLC,SINGLE BARREL BOURBON WHISKIES,750,6,2021-07,2022-08,2,18,891
997102,KINGS COUNTY DISTILLERY SINGLE MALT WHISKEY,511.0,KINGS COUNTY DISTILLERY,STRAIGHT BOURBON WHISKIES,750,6,2020-10,2022-01,3,18,922.68
917178,CALUMET FARM SINGLE RACK 10YR,492,WESTERN SPIRITS BEVERAGE,BOTTLED IN BOND BOURBON,750,6,2019-07,2020-04,2,18,1439.64
921025,PEERLESS HIGH RYE KENTUCKY STRAIGHT BOURBON WHISKEY,899,"KENTUCKY PEERLESS DISTILLING COMPANY, LLC",STRAIGHT BOURBON WHISKIES,750,6,2023-07,2024-06,2,18,2160
922536,HA WYOMING WHISKEY NATIONAL PARKS NO 3,266,EDRINGTON GROUP USA LLC,STRAIGHT BOURBON WHISKIES,750,6,2025-12,2025-12,1,18,1078.2
918672,"HUDSON BRIGHT LIGHTS, BIG BOURBON",240,WILLIAM GRANT & SONS INC,STRAIGHT BOURBON WHISKIES,750,6,2024-10,2024-10,1,18,540
921682,TOMMYROTTER STRAIGHT BOURBON WHISKEY,357,PALM BAY INTERNATIONAL,STRAIGHT BOURBON WHISKIES,750,6,2020-12,2023-12,2,18,746.82
927363,DRY FLY BOURBON 101,907,DRY FLY DISTILLING,STRAIGHT BOURBON WHISKIES,750,6,2023-05,2024-05,2,18,540
900612,HA OLD FORESTER BIRTHDAY BOURBON 2020,85.0,BROWN FORMAN CORP.,STRAIGHT BOURBON WHISKIES,750,6,2020-10,2020-10,1,18,1754.46
918370,HA FOUR ROSES AL YOUNGS 50TH ANNIVERSARY DISCO,184,FOUR ROSES DISTILLERY,STRAIGHT BOURBON WHISKIES,750,6,2017-09,2017-10,2,18,2385.18
994414,VAN BRUNT STILLHOUSE BOURBON,555.0,VAN BRUNT STILLHOUSE,STRAIGHT BOURBON WHISKIES,750,6,2018-03,2021-06,3,18,940.68
976222,DARK ARTS WHISKEY HOUSE OLOROSO SHERRY BOURBON,844,DARK ARTS WHISKEY HOUSE LLC,SINGLE BARREL BOURBON WHISKIES,750,6,2024-11,2026-04,3,18,1575
987978,WIDOW JANE STRAIGHT BOURBON,368,PARK STREET IMPORTS,SINGLE BARREL BOURBON WHISKIES,750,6,2016-12,2020-11,2,18,1107
916688,BARRELL BOURBON BATCH 022,305,MHW LTD,STRAIGHT BOURBON WHISKIES,750,6,2020-01,2020-03,3,18,1296
916371,OLD FITZGERALD 15YR BIB DECANTER,259,HEAVEN HILL BRANDS,BOTTLED IN BOND BOURBON,750,3,2020-02,2020-02,1,18,2025
916711,BARREL BOURBON BATCH 033,305,MHW LTD,STRAIGHT BOURBON WHISKIES,750,6,2022-11,2022-12,2,18,1177.02
919140,JW KELLY OLD MILFORD SINGLE BARREL SELECT DOUBLE OAK,602.0,KEEPERS QUEST INC,SINGLE BARREL BOURBON WHISKIES,750,6,2020-10,2020-10,1,18,898.92
927879,HA PARKERS HERITAGE 24YR BOTTLED IN BOND DISCO,259.0,HEAVEN HILL BRANDS,BOTTLED IN BOND BOURBON,750,3,2017-01,2017-01,1,18,3575.34
901202,BREAKING AND ENTERING,448,"ST. GEORGE SPIRIT, INC",STRAIGHT BOURBON WHISKIES,750,6,2013-02,2014-03,3,18,566.82
18362,FOUR ROSES SB LIMITED EDITION 2013,184,FOUR ROSES DISTILLERY,SINGLE BARREL BOURBON WHISKIES,750,6,2012-06,2012-10,2,18,1166.22
917673,HA DOUBLE EAGLE VERY RARE,421,SAZERAC COMPANY  INC,STRAIGHT BOURBON WHISKIES,750,1,2020-03,2025-04,5,17,34500
100148,JACK DANIELS SINGLE BARREL W/SNIFTER GLASS,85.0,BROWN FORMAN CORP.,SINGLE BARREL BOURBON WHISKIES,750,6,2019-09,2019-09,1,16,662.24
21025,PEERLESS HIGH RYE BOURBON,899,"KENTUCKY PEERLESS DISTILLING COMPANY, LLC",STRAIGHT BOURBON WHISKIES,750,6,2026-01,2026-04,4,15,1800
926285,HA PARKERS HERITAGE COLLECTION 15TH EDITION HEAVY CHAR WHEAT,259,HEAVEN HILL BRANDS,STRAIGHT BOURBON WHISKIES,750,3,2021-10,2021-10,1,15,1575
918394,HA GARRISON BROTHERS COWBOY STRAIGHT BOURBON - 2023 RELEASE,917,"LONE STAR DISTILLERY, LLC/GARRISON BROTHERS DISTILLERY",STRAIGHT BOURBON WHISKIES,750,3,2024-01,2024-02,2,15,3225.15
916701,HA BARRELL CRAFT SPIRITS GOLD LABEL BOURBON,305,MHW LTD,STRAIGHT BOURBON WHISKIES,750,3,2022-06,2022-06,1,15,6367.5
976288,DEXTER THREE WOOD STRAIGHT BOURBON WHISKEY,368,PARK STREET IMPORTS,STRAIGHT BOURBON WHISKIES,750,12,2025-01,2025-01,1,12,472.56
918888,WATERSHED OHIO STRAIGHT BOURBON WHISKEY,368,PARK STREET IMPORTS,STRAIGHT BOURBON WHISKIES,750,12,2022-03,2022-03,1,12,1000.68
916267,HENRY ROAD MALT WHISKEY BOTTLED IN BOND,539,GARGOYLE ENTERPRISES / LAWS WHISKEY HOUSE,BOTTLED IN BOND BOURBON,750,6,2021-06,2021-06,1,12,774
916680,BARRELL BOURBON BATCH 019,305,MHW LTD,STRAIGHT BOURBON WHISKIES,750,6,2019-06,2019-08,2,12,864
916908,BOOKER'S 25TH ANNIVERSARY EDITION HA,65,JIM BEAM BRANDS,STRAIGHT BOURBON WHISKIES,750,6,2014-03,2014-04,2,12,944.88
916689,BARRELL BOURBON BATCH 023 DNO,305,MHW LTD,STRAIGHT BOURBON WHISKIES,750,6,2020-04,2020-05,2,12,864
627251,BALCONES TEXAS POT STILL BOURBON,469,DAVOS BRANDS LLC,STRAIGHT BOURBON WHISKIES,750,6,2021-06,2021-06,1,12,270
917020,HA BOWMAN BROTHER BOURBON,421.0,SAZERAC COMPANY  INC,STRAIGHT BOURBON WHISKIES,750,6,2016-12,2016-12,1,12,270
910980,JEREMIAH WEED BLENDED BOURBON,260,DIAGEO AMERICAS,STRAIGHT BOURBON WHISKIES,750,12,2013-10,2013-10,1,12,161.16
919076,JIM BEAM 7YR,65,JIM BEAM BRANDS,STRAIGHT BOURBON WHISKIES,750,12,2015-05,2015-05,1,12,255.12
925630,BLOODY BUTCHER BOURBON,368,PARK STREET IMPORTS,BOTTLED IN BOND BOURBON,750,6,2024-01,2024-03,2,12,882
903712,VIRGINIA GENTLEMAN 80PRF,421,"SAZERAC CO., INC.",STRAIGHT BOURBON WHISKIES,750,12,2012-03,2012-03,1,12,109.44
918782,I BOURBON,118,AMERICAN SPIRITS EXCHANGE,STRAIGHT BOURBON WHISKIES,750,6,2023-05,2023-07,2,12,540
920656,OLD HICKORY WHITE LABEL STRAIGHT BOURBON WHISKEY,231,RS LIPMAN COMPANY LLC,STRAIGHT BOURBON WHISKIES,750,6,2021-03,2021-06,2,12,450
919137,JUDGE RICHARD SINGLE BARREL STRAIGHT BOURBON WHISKY,960,JUDGE RICHARD DISTILLERY,SINGLE BARREL BOURBON WHISKIES,750,6,2026-02,2026-02,1,12,450
902453,OLD CHARTER 10YR BOURBON,421,"SAZERAC CO., INC.",STRAIGHT BOURBON WHISKIES,750,12,2012-05,2012-05,1,12,148.56
16536,ANCIENT ANCIENT AGE KY STR BOURBON,421,"SAZERAC CO., INC.",STRAIGHT BOURBON WHISKIES,750,12,2012-08,2012-08,1,12,138.36
919368,KENTUCKY 10 SMALL BATCH WHEATED BOURBON,368,PARK STREET IMPORTS,STRAIGHT BOURBON WHISKIES,750,6,2025-09,2025-09,1,12,345.12
926390,BROUGH BROTHERS BOURBON,890,VICTORY GLOBAL LLC / BROUGH BROTHERS DISTILLERY,STRAIGHT BOURBON WHISKIES,750,6,2021-11,2021-11,1,12,277.44
922544,END OF DAYS SURVIVORS CUT BOURBON,893,"EOD DISTILLERY, LLC",STRAIGHT BOURBON WHISKIES,750,6,2023-10,2024-05,2,12,630
916619,BANKERS CLUB BOURBON RESERVE 5YR,297,LAIRD & COMPANY,STRAIGHT BOURBON WHISKIES,750,6,2023-04,2025-08,2,12,227.88
976750,TRAVERSE CITY WHISKEY CO. FINISHING SERIES PORT BARREL,428,"TRAVERSE CITY WHISKEY CO / TCWC, LLC",STRAIGHT BOURBON WHISKIES,750,6,2023-10,2023-10,1,12,630
918364,FOUR ROSES 2013 LIMITED EDITION SMALL BATCH,184,FOUR ROSES DISTILLERY,SINGLE BARREL BOURBON WHISKIES,750,6,2013-12,2013-12,1,12,777.48
918365,FOUR ROSES 2014 LIMITED EDITION SMALL BATCH HA,184,FOUR ROSES DISTILLERY,STRAIGHT BOURBON WHISKIES,750,6,2015-01,2015-01,1,12,816.12
927786,BREAKER BOURBON WHISKY,363.0,PATERNO IMPORTS LTD / TERLATO WINES INTERNATIONAL,SINGLE BARREL BOURBON WHISKIES,750,6,2021-02,2021-03,2,12,448.08
917259,CHARLES GOODNIGHT TEXAS STRAIGHT BOURBON,869,"FOLEY FAMILY WINES, INC.",STRAIGHT BOURBON WHISKIES,750,6,2025-03,2025-05,2,12,720
904809,PHILLIPS UNION WHISKEY,380,PHILLIPS BEVERAGE COMPANY,STRAIGHT BOURBON WHISKIES,750,6,2012-01,2012-01,1,12,257.4
904233,PHILLIPS UNION CHERRY FLAVORED WHISKEY,380,PHILLIPS BEVERAGE COMPANY,STRAIGHT BOURBON WHISKIES,750,6,2012-09,2015-02,2,12,257.4
919412,FOUR GRAIN STRAIGHT BOURBON WHISKEY CASK STRENGTH,539.0,GARGOYLE ENTERPRISES / LAWS WHISKEY HOUSE,STRAIGHT BOURBON WHISKIES,750,6,2021-10,2021-10,1,12,831.6
915171,HA WHISTLEPIG THE BADONKADONK SINGLE MALT 25,214,GOAMERICAGO BEVERAGES LLC / WHISTLEPIG,STRAIGHT BOURBON WHISKIES,750,1,2024-09,2026-01,2,12,17991
917177,CALUMET FARM 17 YO BOURBON DECANTER,492,WESTERN SPIRITS BEVERAGE,STRAIGHT BOURBON WHISKIES,750,3,2025-04,2025-07,3,12,3608.88
928129,ROCK CREEK BOURBON,512,ONE EIGHT DISTILLING LLC,STRAIGHT BOURBON WHISKIES,750,6,2017-10,2017-11,2,12,497.88
916700,LOST LANTERN SINGLE CASK #2: CEDAR RIDGE IOWA STRAIGHT BBN,368.0,PARK STREET IMPORTS,STRAIGHT BOURBON WHISKIES,750,12,2021-02,2021-02,1,12,870.12
986434,TRAVERSE CITY WHISKEY CO. MICHIGAN APPLE BOURBON,428,"TRAVERSE CITY WHISKEY CO / TCWC, LLC",STRAIGHT BOURBON WHISKIES,750,6,2023-09,2023-10,2,12,348
986252,DEVILS RIVER COFFEE BOURBON,421,SAZERAC COMPANY  INC,STRAIGHT BOURBON WHISKIES,750,6,2024-11,2025-11,2,12,297
917079,BULL RUN DISTILLERY 15 YEAR BOURBON,699.0,BULL RUN DISTILLERY LLC,STRAIGHT BOURBON WHISKIES,750,12,2021-07,2021-07,1,12,139.56
987045,DUAL BARREL BOURBON - VANILLA BARREL,554,HERITAGE DISTILLING COMPANY,STRAIGHT BOURBON WHISKIES,750,12,2020-01,2020-01,1,12,315
974782,JACK DANIEL'S WINTER JACK,85,BROWN-FORMAN CORPORATION,BOTTLED IN BOND BOURBON,750,12,2016-04,2016-04,1,12,186.12
986962,DUAL BARREL BOURBON - ORANGE BARRELS,554,HERITAGE DISTILLING COMPANY,STRAIGHT BOURBON WHISKIES,750,12,2020-01,2020-01,1,12,315
904732,MICHTER'S US*1 SMALL BATCH BOURBON,287,"CHATHAM IMPORTS,INC",STRAIGHT BOURBON WHISKIES,750,6,2013-04,2013-04,1,12,422.16
61706,JEFFERSONS THE MANHATTAN BARREL FINISH,370,PERNOD RICARD USA,STRAIGHT BOURBON WHISKIES,750,6,2023-05,2023-05,1,12,269.88
917181,CALUMET FARM SINGLE RACK BLACK CENTENNIAL BOURBON,492,WESTERN SPIRITS BEVERAGE,STRAIGHT BOURBON WHISKIES,750,6,2025-04,2025-04,1,12,902.16
925091,HA EH TAYLOR STRAIGHT RYE BARREL,421,SAZERAC COMPANY  INC,STRAIGHT BOURBON WHISKIES,750,6,2024-11,2024-11,1,12,675
976751,TRAVERSE CITY WHISKEY CO. FINISHING SERIES HIGH RYEPX SHERRY,428,"TRAVERSE CITY WHISKEY CO / TCWC, LLC",STRAIGHT BOURBON WHISKIES,750,6,2023-10,2023-10,1,12,630
919442,LOST LANTERN 2022 SINGLE CASK 13 CEDAR RIDGE IOWA 5YR,368,PARK STREET IMPORTS,STRAIGHT BOURBON WHISKIES,750,12,2022-11,2022-11,1,12,1026
922378,BARREL CRAFT SPIRITS GRAY LABEL DOVETAIL,305,MHW LTD,STRAIGHT BOURBON WHISKIES,750,3,2022-11,2023-06,3,12,2400
919943,LOST LANTERN 2023 SINGLE CASK #13 NEW RIFF KENTUCKY STRAIGHT,368,PARK STREET IMPORTS,STRAIGHT BOURBON WHISKIES,750,12,2023-12,2023-12,1,12,918
918726,QUALITY HOUSE OLD STYLE BOURBON,259,HEAVEN HILL BRANDS,STRAIGHT BOURBON WHISKIES,750,12,2022-10,2022-10,1,12,126
86210,REDEMPTION STRAIGHT BOURBON COGNAC CASK FINISH,978,W J DEUTSCH & SONS LTD,STRAIGHT BOURBON WHISKIES,750,6,2024-03,2024-03,1,12,717.12
904677,HIRSCH STRAIGHT BOURBON SMALL BATCH,391,ANCHOR DISTILLING (PREISS IMPORTS),STRAIGHT BOURBON WHISKIES,750,1,2012-05,2014-02,2,7,231
18627,HIGH WEST CASK STRENGTH WHISKEY,115,CONSTELLATION BRANDS INC,STRAIGHT BOURBON WHISKIES,750,6,2023-06,2023-06,1,6,315
19012,JEFFERSON'S PRESIDENTIAL SELECT 18YR,91,CASTLE BRANDS,STRAIGHT BOURBON WHISKIES,750,6,2012-06,2012-06,1,6,420.96
922187,VILLAGE BOURBON,804,SC DISTILLATION LLC / VILLAGE GARAGE DISTILLERY,STRAIGHT BOURBON WHISKIES,750,6,2022-09,2022-09,1,6,270
902208,PAPPY VAN WINKLE FR 23YR HA,421,"SAZERAC CO., INC.",STRAIGHT BOURBON WHISKIES,750,3,2012-04,2012-10,2,6,1171.44
921601,EH TAYLOR CURED OAK HA,421,"SAZERAC CO., INC.",STRAIGHT BOURBON WHISKIES,750,6,2015-06,2015-06,1,6,315
916669,BARRELL BOURBON 2018 NEW YEAR EDITION,305,MHW LTD,STRAIGHT BOURBON WHISKIES,750,6,2018-01,2018-01,1,6,432
918663,HUDSON FOUR GRAIN BOURBON,240.0,WILLIAM GRANT & SONS INC,STRAIGHT BOURBON WHISKIES,750,6,2018-05,2018-05,1,6,234
927263,UNTITLED WHISKEY NO. 3 DISCO,512,ONE EIGHT DISTILLING LLC,STRAIGHT BOURBON WHISKIES,750,6,2017-08,2017-08,1,6,306
916693,BARRELL BOURBON BATCH 026,305,MHW LTD,STRAIGHT BOURBON WHISKIES,750,6,2021-12,2021-12,1,6,432
916697,BARRELL BOURBON BATCH 029,305,MHW LTD,STRAIGHT BOURBON WHISKIES,750,6,2021-10,2021-10,1,6,432
927264,UNTITLED WHISKEY NO. 9 DISCO,512,ONE EIGHT DISTILLING LLC,STRAIGHT BOURBON WHISKIES,750,6,2017-08,2017-08,1,6,427.5
987895,FEATHERBONE BOURBON,191,JOURNEYMAN DISTILLERY LLC,STRAIGHT BOURBON WHISKIES,750,6,2015-06,2015-06,1,6,213.06
918265,15 STARS PRIVATE STOCK 8 AND 15YR,878,"15 STARS, LLC",STRAIGHT BOURBON WHISKIES,750,6,2024-12,2024-12,1,6,747
922325,WHISKEY JYPSI TRIBUTE DOUBLE BARREL,368,PARK STREET IMPORTS,STRAIGHT BOURBON WHISKIES,750,6,2026-03,2026-03,1,6,211.5
976148,15 STARS TRIPLE CASK BATCH II,878,"15 STARS, LLC",STRAIGHT BOURBON WHISKIES,750,6,2025-05,2025-05,1,6,954
916672,BARRELL BOURBON BATCH 017,305.0,MHW LTD,STRAIGHT BOURBON WHISKIES,750,6,2019-02,2019-02,1,6,432
917630,DAVIESS COUNTY STRAIGHT BOURBON WHISKEY,434,LUXCO INC,STRAIGHT BOURBON WHISKIES,750,6,2023-05,2023-05,1,6,202.5
926566,RESILIENT BOURBON WHISKEY,118.0,AMERICAN SPIRITS EXCHANGE,STRAIGHT BOURBON WHISKIES,750,6,2019-10,2019-10,1,6,456.06
918628,HIGH WEST CASK COLLECTION WHISKEY,115,CONSTELLATION BRANDS INC,STRAIGHT BOURBON WHISKIES,750,6,2026-01,2026-01,1,6,315
915981,BEARDED LADY BOURBON,118.0,AMERICAN SPIRITS EXCHANGE,STRAIGHT BOURBON WHISKIES,750,6,2016-10,2016-10,1,6,137.16
918617,HIRSCH THE BIVOUAC BOURBON,391,HOTALING & CO,STRAIGHT BOURBON WHISKIES,750,6,2023-04,2023-04,1,6,252
916681,BARRELL BOURBON BATCH 020,305.0,MHW LTD,STRAIGHT BOURBON WHISKIES,750,6,2019-08,2019-08,1,6,432
922394,CASEY JONES DISTILLERY SMALL BATCH BOURBON,569,STILLWORKS LLC,STRAIGHT BOURBON WHISKIES,750,6,2022-11,2022-11,1,6,172.56
985669,CASEY JONES DISTILLERY KENTUCKY STRAIGHT WHEATED BOURBON,569,STILLWORKS LLC,SINGLE BARREL BOURBON WHISKIES,750,6,2022-11,2022-11,1,6,202.5
917948,EASY RIDER BOURBON,971.0,HOOD RIVER DISTILLERS,STRAIGHT BOURBON WHISKIES,750,6,2021-07,2021-07,1,6,224.94
920676,OLD MEDLEY 12YR,198,FRANK-LIN DISTILLERS PRODUCTS LTD.,STRAIGHT BOURBON WHISKIES,750,6,2015-03,2015-03,1,6,226.56
918328,FOUR BRANCHES BOURBON FOUNDERS BLEND,368,PARK STREET IMPORTS,STRAIGHT BOURBON WHISKIES,750,6,2025-01,2025-01,1,6,397.8
994112,BLACK DIRT BOURBON,220,BLACK DIRT DISTILLERY,STRAIGHT BOURBON WHISKIES,750,6,2017-11,2017-11,1,6,202.5
919436,LEXINGTON BOURBON,492,WESTERN SPIRITS BEVERAGE,BOTTLED IN BOND BOURBON,750,6,2020-04,2020-04,1,6,178.56
926351,CHUCKANUT BAY DISTILLERY BOURBON,694,CHUCKANUT BAY DISTILLERY,STRAIGHT BOURBON WHISKIES,750,6,2021-05,2021-05,1,6,206.1
922492,BIB & TUCKER DOUBLE CHAR BOURBON,978,W J DEUTSCH & SONS LTD,STRAIGHT BOURBON WHISKIES,750,6,2023-07,2023-07,1,6,255.06
925703,DUNAMIS INTERSTELLAR BOURBON,853,DUNAMIS PREMIUM SPIRITS LLC,STRAIGHT BOURBON WHISKIES,750,6,2024-07,2024-07,1,6,298.44
916914,BOONDOCKS 6YR KENTUCKY STRAIGHT BOURBON WHISKY,832,ROYAL WINE CORPORATION,STRAIGHT BOURBON WHISKIES,750,6,2025-08,2025-08,1,6,251.94
997873,LONE WHISKER 12 YEAR OLD BOURBON,643.0,COUP DE FOUDRE LLC,STRAIGHT BOURBON WHISKIES,750,6,2020-09,2020-09,1,6,1035
926670,HEAVENS DOOR STRAIGHT BOURBON REVIVAL WHISKEY,368,PARK STREET IMPORTS,STRAIGHT BOURBON WHISKIES,750,6,2025-12,2025-12,1,6,180
916712,BARREL BOURBON BATCH 034,305,MHW LTD,STRAIGHT BOURBON WHISKIES,750,6,2023-06,2023-06,1,6,405
926013,TINCUP FOURTEENER,395,PROXIMO,STRAIGHT BOURBON WHISKIES,750,6,2024-06,2024-06,1,6,315
986210,REDEMPTION STRAIGHT BOURBON COGNAC CASK FINISH,978,W J DEUTSCH & SONS LTD,STRAIGHT BOURBON WHISKIES,750,6,2023-06,2023-06,1,6,358.56
926791,TIM SMITH SOUTHERN RESERVE RYE,208,PROST BEVERAGE COMPANY,STRAIGHT BOURBON WHISKIES,750,6,2019-07,2019-07,1,6,144
910560,TIM SMITH SOUTHERN RESERVE BOURBON,208,PROST BEVERAGE COMPANY,SINGLE BARREL BOURBON WHISKIES,750,6,2019-07,2019-07,1,6,144
916480,HILLROCK DOUBLE CASK BOURBON - BOTTLED IN BOND,204,HILLROCK ESTATE DISTILLERY,BOTTLED IN BOND BOURBON,750,6,2024-11,2024-11,1,6,513
917925,ELIJAH CRAIG 23YR HA,259,HEAVEN HILL BRANDS,STRAIGHT BOURBON WHISKIES,750,3,2015-09,2015-09,1,6,899.82
928283,YELLOW ROSE OUTLAW BOURBON,368,PARK STREET IMPORTS,STRAIGHT BOURBON WHISKIES,750,6,2025-04,2025-04,1,6,269.94
917105,BUZZARDS ROOST TOASTED FRENCH OAK BOURBON,825,BUZZARDS ROOST SPIRITS LLC,STRAIGHT BOURBON WHISKIES,750,6,2023-01,2023-01,1,6,367.5
919909,NELSON BROS. WHISKEY RESERVE BOURBON,115,CONSTELLATION BRANDS INC,STRAIGHT BOURBON WHISKIES,750,6,2025-04,2025-04,1,6,270
977121,REBEL YELL CHERRY BOURBON,434,LUXCO-ST LOUIS,STRAIGHT BOURBON WHISKIES,750,6,2014-08,2014-08,1,6,120
924921,FIELD & SOUND BOTTLED IN BOND BOURBON,934,LONG ISLAND SPIRITS INC.,BOTTLED IN BOND BOURBON,750,6,2023-12,2023-12,1,6,297
922173,RUSSELL'S RESERVE 1998 HA,461,CAMPARI(SKYY),STRAIGHT BOURBON WHISKIES,750,3,2015-11,2015-11,1,6,1125
986536,DAVIESS COUNTY KSBW CAB FINISH,434,LUXCO INC,STRAIGHT BOURBON WHISKIES,750,6,2023-05,2023-05,1,6,225
902733,WILD TURKEY RUSSELLS RESERVE SINGLE BARREL,461,CAMPARI(SKYY),SINGLE BARREL BOURBON WHISKIES,750,6,2015-11,2015-11,1,6,256.5
902021,JOHNNY DRUM PRIVATE STOCK KSBW HA,496,WILLETT DISTILLERY,STRAIGHT BOURBON WHISKIES,750,6,2014-06,2014-06,1,6,159.3
916221,HA FILIBUSTER BOTTLED IN BOND,244,FILIBUSTER BARRELS LLC,BOTTLED IN BOND BOURBON,750,6,2023-09,2023-09,1,6,390.06
918997,JEFFERSONS RESERVE PRITCHARD HILL CABERNET CASK FINISH DISCO,91,CASTLE BRANDS,STRAIGHT BOURBON WHISKIES,750,6,2017-12,2017-12,1,6,315.72
976291,HA RABBIT HOLE ADOURRA,370,PERNOD RICARD USA,STRAIGHT BOURBON WHISKIES,750,1,2025-05,2025-06,2,6,4048.2
928064,GRAND TETON CATAMOUNT STRAIGHT BOURBON WHISKEY,398,GRAND TETON DISTILLERY,SINGLE BARREL BOURBON WHISKIES,750,6,2021-06,2021-06,1,6,198
917632,DAVIESS COUNTY KSBW FRENCH OAK FINISHED,434,LUXCO INC,STRAIGHT BOURBON WHISKIES,750,6,2023-05,2023-05,1,6,225
919981,HA OFC BOURBON 2006,421,SAZERAC COMPANY  INC,STRAIGHT BOURBON WHISKIES,750,1,2025-07,2025-08,2,5,9375
919878,HA MICHTERS 20YR BOURBON,287,CHATHAM IMPORTS INC,STRAIGHT BOURBON WHISKIES,750,1,2023-01,2026-01,3,4,3450
927368,CEDAR RIDGE BARREL PROOF BOURBON,125,"CEDAR RIDGE VINEYARDS,LLC",SINGLE BARREL BOURBON WHISKIES,750,1,2014-10,2015-11,2,4,34800
21162,BP RABBIT HOLE CAVEHILL BARREL,370,PERNOD RICARD USA,SINGLE BARREL BOURBON WHISKIES,750,6,2024-12,2024-12,1,4,179.88
27849,CEDAR RIDGE RESERVE BOURBON,125.0,CEDAR RIDGE VINEYARDS LL,STRAIGHT BOURBON WHISKIES,750,6,2016-11,2016-12,2,3,450
1016,GLENLIVET 12YR W/2 GLASSES,370,PERNOD RICARD USA,STRAIGHT BOURBON WHISKIES,750,6,2022-03,2022-03,1,3,121.41
916862,BLOOD OATH PACT NO. 2,434,LUXCO-ST LOUIS,STRAIGHT BOURBON WHISKIES,750,3,2016-08,2016-08,1,3,243
921030,HA OLD RIP VAN WINKLE 23YR (PAPPY),421.0,SAZERAC COMPANY  INC,STRAIGHT BOURBON WHISKIES,750,3,2016-11,2016-11,1,3,607.5
21169,BP RABBIT HOLE HEIGOLD BOURBON WHISKEY BARREL,370,PERNOD RICARD USA,SINGLE BARREL BOURBON WHISKIES,750,6,2024-12,2024-12,1,3,224.88
987088,CEDAR RIDGE BARREL PROOF BOURBON BARREL,125,"CEDAR RIDGE VINEYARDS,LLC",SINGLE BARREL BOURBON WHISKIES,750,1,2015-10,2016-02,2,2,17400
102024,CLYDE MAYS DEGA VAP,305,MHW LTD,STRAIGHT BOURBON WHISKIES,750,6,2023-09,2023-09,1,2,73.98
16727,BARRELL BOURBON NEW YEAR 2026,305,MHW LTD,STRAIGHT BOURBON WHISKIES,750,6,2025-10,2025-10,1,2,120
919879,HA MICHTERS 25 YR BOURBON,287,CHATHAM IMPORTS INC,STRAIGHT BOURBON WHISKIES,750,1,2024-01,2024-01,1,1,1125
987089,CEDAR RIDGE BARREL PROOF BOURBON BARREL #2552,125,"CEDAR RIDGE VINEYARDS,LLC",SINGLE BARREL BOURBON WHISKIES,750,1,2015-10,2015-10,1,1,8700
927849,CEDAR RIDGE RESERVE BOURBON PRIVATE CASK DNO,125.0,CEDAR RIDGE VINEYARDS LL,STRAIGHT BOURBON WHISKIES,750,1,2016-10,2016-10,1,1,11520
26916,JAILERS TENNESSEE WHISKEY,962.0,DUGGAN'S DISTILLERS PRODUCTS CORP,BOTTLED IN BOND BOURBON,750,6,2016-03,2016-03,1,1,23.07
100100,KNOB CREEK & KNOB CREEK RYE 375ML CO-PACK,65.0,JIM BEAM BRANDS,STRAIGHT BOURBON WHISKIES,750,6,2016-12,2016-12,1,1,141.66
