product_id,item_number,score,gate,month,state_bottle_retail_median,state_bottle_retail_min,state_bottle_retail_max,state_bottle_cost_median,bottles_sold,sale_dollars,n_stores,item_description,vendor_name,bottle_volume_ml,pack,permit_no,brand_name,fanciful_name,price_per_750ml
P000003,903757,100.0,vendor,2012-02,11.99,11.99,11.99,7.99,36,431.64,3,REBEL YELL BOURBON,LUXCO-ST LOUIS,750,12,DSP-MO-16,REBEL YELL,,11.99
P000003,903757,100.0,vendor,2012-03,11.99,11.99,11.99,7.99,12,143.88,1,REBEL YELL BOURBON,LUXCO-ST LOUIS,750,12,DSP-MO-16,REBEL YELL,,11.99
P000003,903757,100.0,vendor,2012-06,11.99,11.99,11.99,7.99,12,143.88,1,REBEL YELL BOURBON,LUXCO-ST LOUIS,750,12,DSP-MO-16,REBEL YELL,,11.99
P000003,903757,100.0,vendor,2012-07,11.99,11.99,11.99,7.99,36,431.64,3,REBEL YELL BOURBON,LUXCO-ST LOUIS,750,12,DSP-MO-16,REBEL YELL,,11.99
P000003,903757,100.0,vendor,2012-11,11.99,11.99,11.99,7.99,36,431.64,3,REBEL YELL BOURBON,LUXCO-ST LOUIS,750,12,DSP-MO-16,REBEL YELL,,11.99
P000003,903757,100.0,vendor,2012-12,11.99,11.99,11.99,7.99,24,287.76,2,REBEL YELL BOURBON,LUXCO-ST LOUIS,750,12,DSP-MO-16,REBEL YELL,,11.99
P000003,903757,100.0,vendor,2013-01,11.99,11.99,11.99,7.99,12,143.88,1,REBEL YELL BOURBON,LUXCO-ST LOUIS,750,12,DSP-MO-16,REBEL YELL,,11.99
P000003,903757,100.0,vendor,2013-02,11.99,11.99,11.99,7.99,12,143.88,1,REBEL YELL BOURBON,LUXCO-ST LOUIS,750,12,DSP-MO-16,REBEL YELL,,11.99
P000003,903757,100.0,vendor,2013-03,11.99,11.99,11.99,7.99,24,287.76,2,REBEL YELL BOURBON,LUXCO-ST LOUIS,750,12,DSP-MO-16,REBEL YELL,,11.99
P000008,19226,100.0,vendor,2012-01,29.24,29.24,29.24,19.49,371,10848.04,75,KNOB CREEK,JIM BEAM BRANDS,750,6,DSP-KY-230,KNOB CREEK,,29.24
P000008,19226,100.0,vendor,2012-02,29.24,29.24,29.24,19.49,473,13830.52,70,KNOB CREEK,JIM BEAM BRANDS,750,6,DSP-KY-230,KNOB CREEK,,29.24
P000008,19226,100.0,vendor,2012-03,29.24,29.24,29.24,19.49,531,15526.44,92,KNOB CREEK,JIM BEAM BRANDS,750,6,DSP-KY-230,KNOB CREEK,,29.24
P000008,19226,100.0,vendor,2012-04,29.24,29.24,29.24,19.49,492,14386.08,78,KNOB CREEK,JIM BEAM BRANDS,750,6,DSP-KY-230,KNOB CREEK,,29.24
P000008,19226,100.0,vendor,2012-05,27.74,27.74,27.74,17.99,707,19612.18,109,KNOB CREEK,JIM BEAM BRANDS,750,6,DSP-KY-230,KNOB CREEK,,27.74
P000008,19226,100.0,vendor,2012-06,29.24,29.24,29.24,19.49,494,14444.56,90,KNOB CREEK,JIM BEAM BRANDS,750,6,DSP-KY-230,KNOB CREEK,,29.24
P000008,19226,100.0,vendor,2012-07,29.24,29.24,29.24,19.49,529,15467.96,90,KNOB CREEK,JIM BEAM BRANDS,750,6,DSP-KY-230,KNOB CREEK,,29.24
P000008,19226,100.0,vendor,2012-08,29.24,29.24,29.24,19.49,533,15584.92,78,KNOB CREEK,JIM BEAM BRANDS,750,6,DSP-KY-230,KNOB CREEK,,29.24
P000008,19226,100.0,vendor,2012-09,29.24,29.24,29.24,19.49,421,12310.04,73,KNOB CREEK,JIM BEAM BRANDS,750,6,DSP-KY-230,KNOB CREEK,,29.24
P000008,19226,100.0,vendor,2012-10,29.24,29.24,29.24,19.49,724,21169.76,101,KNOB CREEK,JIM BEAM BRANDS,750,6,DSP-KY-230,KNOB CREEK,,29.24
P000008,19226,100.0,vendor,2012-11,29.92,29.92,29.92,19.94,756,22619.52,95,KNOB CREEK,JIM BEAM BRANDS,750,6,DSP-KY-230,KNOB CREEK,,29.92
P000008,19226,100.0,vendor,2012-12,29.92,29.92,29.92,19.94,920,27526.4,143,KNOB CREEK,JIM BEAM BRANDS,750,6,DSP-KY-230,KNOB CREEK,,29.92
P000008,19226,100.0,vendor,2013-01,29.92,29.92,29.92,19.94,448,13404.16,72,KNOB CREEK,JIM BEAM BRANDS,750,6,DSP-KY-230,KNOB CREEK,,29.92
P000008,19226,100.0,vendor,2013-02,29.92,29.92,29.92,19.94,699,20914.08,74,KNOB CREEK,JIM BEAM BRANDS,750,6,DSP-KY-230,KNOB CREEK,,29.92
P000008,19226,100.0,vendor,2013-03,29.92,29.92,29.92,19.94,464,13882.88,83,KNOB CREEK,JIM BEAM BRANDS,750,6,DSP-KY-230,KNOB CREEK,,29.92
P000008,19226,100.0,vendor,2013-04,29.92,29.92,29.92,19.94,649,19418.08,85,KNOB CREEK,JIM BEAM BRANDS,750,6,DSP-KY-230,KNOB CREEK,,29.92
P000008,19226,100.0,vendor,2013-05,29.92,29.92,29.92,19.94,588,17592.96,93,KNOB CREEK,JIM BEAM BRANDS,750,6,DSP-KY-230,KNOB CREEK,,29.92
P000008,19226,100.0,vendor,2013-06,29.92,29.92,29.92,19.94,565,16904.8,95,KNOB CREEK,JIM BEAM BRANDS,750,6,DSP-KY-230,KNOB CREEK,,29.92
P000008,19226,100.0,vendor,2013-07,29.92,29.92,29.92,19.94,558,16695.36,90,KNOB CREEK,JIM BEAM BRANDS,750,6,DSP-KY-230,KNOB CREEK,,29.92
P000008,19226,100.0,vendor,2013-08,29.92,29.92,29.92,19.94,699,20914.08,85,KNOB CREEK,JIM BEAM BRANDS,750,6,DSP-KY-230,KNOB CREEK,,29.92
P000008,19226,100.0,vendor,2013-09,29.92,29.92,29.92,19.94,401,11997.92,69,KNOB CREEK,JIM BEAM BRANDS,750,6,DSP-KY-230,KNOB CREEK,,29.92
P000008,19226,100.0,vendor,2013-10,29.92,29.92,29.92,19.94,779,23307.68,87,KNOB CREEK,JIM BEAM BRANDS,750,6,DSP-KY-230,KNOB CREEK,,29.92
P000008,19226,100.0,vendor,2013-11,30.71,30.71,30.71,20.47,659,20237.89,109,KNOB CREEK,JIM BEAM BRANDS,750,6,DSP-KY-230,KNOB CREEK,,30.71
P000008,19226,100.0,vendor,2013-12,30.71,30.71,30.71,20.47,896,27516.16,128,KNOB CREEK,JIM BEAM BRANDS,750,6,DSP-KY-230,KNOB CREEK,,30.71
P000008,19226,100.0,vendor,2014-01,30.71,30.71,30.71,20.47,606,18610.26,72,KNOB CREEK,JIM BEAM BRANDS,750,6,DSP-KY-230,KNOB CREEK,,30.71
P000008,19226,100.0,vendor,2014-02,30.71,30.71,30.71,20.47,492,15109.32,77,KNOB CREEK,JIM BEAM BRANDS,750,6,DSP-KY-230,KNOB CREEK,,30.71
P000008,19226,100.0,vendor,2014-03,30.71,30.71,30.71,20.47,810,24875.1,81,KNOB CREEK,JIM BEAM BRANDS,750,6,DSP-KY-230,KNOB CREEK,,30.71
P000008,19226,100.0,vendor,2014-04,30.71,30.71,30.71,20.47,491,15078.61,72,KNOB CREEK,JIM BEAM BRANDS,750,6,DSP-KY-230,KNOB CREEK,,30.71
P000008,19226,100.0,vendor,2014-05,30.71,30.71,30.71,20.47,851,26134.21,108,KNOB CREEK,JIM BEAM BRANDS,750,6,DSP-KY-230,KNOB CREEK,,30.71
P000008,19226,100.0,vendor,2014-06,30.71,30.71,30.71,20.47,1275,39155.25,110,KNOB CREEK,JIM BEAM BRANDS,750,6,DSP-KY-230,KNOB CREEK,,30.71
P000008,19226,100.0,vendor,2014-07,30.71,30.71,30.71,20.47,464,14249.44,105,KNOB CREEK,JIM BEAM BRANDS,750,6,DSP-KY-230,KNOB CREEK,,30.71
P000008,19226,100.0,vendor,2014-08,30.71,30.71,30.71,20.47,642,19715.82,102,KNOB CREEK,JIM BEAM BRANDS,750,6,DSP-KY-230,KNOB CREEK,,30.71
P000008,19226,100.0,vendor,2014-09,30.71,30.71,30.71,20.47,852,26164.92,108,KNOB CREEK,JIM BEAM BRANDS,750,6,DSP-KY-230,KNOB CREEK,,30.71
P000008,19226,100.0,vendor,2014-10,30.71,30.71,30.71,20.47,756,23216.76,122,KNOB CREEK,JIM BEAM BRANDS,750,6,DSP-KY-230,KNOB CREEK,,30.71
P000008,19226,100.0,vendor,2014-11,30.71,30.71,30.71,20.47,1026,31508.46,99,KNOB CREEK,JIM BEAM BRANDS,750,6,DSP-KY-230,KNOB CREEK,,30.71
P000008,19226,100.0,vendor,2014-12,30.71,30.71,30.71,20.47,1292,39677.32,157,KNOB CREEK,JIM BEAM BRANDS,750,6,DSP-KY-230,KNOB CREEK,,30.71
P000008,19226,100.0,vendor,2015-01,30.71,30.71,30.71,20.47,790,24260.9,98,KNOB CREEK,JIM BEAM BRANDS,750,6,DSP-KY-230,KNOB CREEK,,30.71
P000008,19226,100.0,vendor,2015-02,31.49,31.49,31.49,20.99,842,26514.58,124,KNOB CREEK,JIM BEAM BRANDS,750,6,DSP-KY-230,KNOB CREEK,,31.49
P000008,19226,100.0,vendor,2015-03,31.49,31.49,31.49,20.99,923,29065.27,99,KNOB CREEK,JIM BEAM BRANDS,750,6,DSP-KY-230,KNOB CREEK,,31.49
P000008,19226,100.0,vendor,2015-04,31.49,31.49,31.49,20.99,594,18705.06,109,KNOB CREEK,JIM BEAM BRANDS,750,6,DSP-KY-230,KNOB CREEK,,31.49
P000008,19226,100.0,vendor,2015-05,31.49,31.49,31.49,20.99,1246,39236.54,133,KNOB CREEK,JIM BEAM BRANDS,750,6,DSP-KY-230,KNOB CREEK,,31.49
P000008,19226,100.0,vendor,2015-06,31.49,31.49,31.49,20.99,1496,47109.04,124,KNOB CREEK,JIM BEAM BRANDS,750,6,DSP-KY-230,KNOB CREEK,,31.49
P000008,19226,100.0,vendor,2015-07,31.49,31.49,31.49,20.99,459,14453.91,91,KNOB CREEK,JIM BEAM BRANDS,750,6,DSP-KY-230,KNOB CREEK,,31.49
P000008,19226,100.0,vendor,2015-08,31.49,31.49,31.49,20.99,637,20059.13,99,KNOB CREEK,JIM BEAM BRANDS,750,6,DSP-KY-230,KNOB CREEK,,31.49
P000008,19226,100.0,vendor,2015-09,31.49,31.49,31.49,20.99,842,26514.58,109,KNOB CREEK,JIM BEAM BRANDS,750,6,DSP-KY-230,KNOB CREEK,,31.49
P000008,19226,100.0,vendor,2015-10,31.49,31.49,31.49,20.99,676,21287.24,97,KNOB CREEK,JIM BEAM BRANDS,750,6,DSP-KY-230,KNOB CREEK,,31.49
P000008,19226,100.0,vendor,2015-11,29.49,29.49,29.49,18.99,1609,47449.41,131,KNOB CREEK,JIM BEAM BRANDS,750,6,DSP-KY-230,KNOB CREEK,,29.49
P000008,19226,100.0,vendor,2015-12,31.49,31.49,31.49,20.99,1341,42228.09,158,KNOB CREEK,JIM BEAM BRANDS,750,6,DSP-KY-230,KNOB CREEK,,31.49
P000008,19226,100.0,vendor,2016-01,31.49,31.49,31.49,20.99,664,20909.36,92,KNOB CREEK,JIM BEAM BRANDS,750,6,DSP-KY-230,KNOB CREEK,,31.49
P000008,19226,100.0,vendor,2016-02,33.06,33.06,33.06,22.04,764,25257.84,95,KNOB CREEK,JIM BEAM BRANDS,750,6,DSP-KY-230,KNOB CREEK,,33.06
P000008,19226,100.0,vendor,2016-03,33.06,33.06,33.06,22.04,1084,35837.04,115,KNOB CREEK,JIM BEAM BRANDS,750,6,DSP-KY-230,KNOB CREEK,,33.06
P000008,19226,100.0,vendor,2016-04,33.06,33.06,33.06,22.04,583,19273.98,103,KNOB CREEK,JIM BEAM BRANDS,750,6,DSP-KY-230,KNOB CREEK,,33.06
P000008,19226,100.0,vendor,2016-05,33.06,33.06,33.06,22.04,854,28233.24,124,KNOB CREEK,JIM BEAM BRANDS,750,6,DSP-KY-230,KNOB CREEK,,33.06
P000008,19226,100.0,vendor,2016-06,33.06,33.06,33.06,22.04,1148,37952.88,130,KNOB CREEK,JIM BEAM BRANDS,750,6,DSP-KY-230,KNOB CREEK,,33.06
P000008,19226,100.0,vendor,2016-07,33.06,33.06,33.06,22.04,519,17158.14,95,KNOB CREEK,JIM BEAM BRANDS,750,6,DSP-KY-230,KNOB CREEK,,33.06
P000008,19226,100.0,vendor,2016-08,33.06,33.06,33.06,22.04,3400,115114.92,109,KNOB CREEK,JIM BEAM BRANDS,750,6,DSP-KY-230,KNOB CREEK,,33.06
P000008,19226,100.0,vendor,2016-09,29.91,29.91,33.06,19.94,745,24795.0,115,KNOB CREEK,JIM BEAM BRANDS,750,6,DSP-KY-230,KNOB CREEK,,29.91
P000008,19226,100.0,vendor,2016-10,29.91,29.91,29.91,19.94,760,25125.6,103,KNOB CREEK,JIM BEAM BRANDS,750,6,DSP-KY-230,KNOB CREEK,,29.91
P000008,19226,100.0,vendor,2016-11,29.91,29.91,29.91,19.94,1064,35175.84,111,KNOB CREEK,JIM BEAM BRANDS,750,6,DSP-KY-230,KNOB CREEK,,29.91
P000008,19226,100.0,vendor,2016-12,29.91,29.91,29.91,19.94,1351,44664.06,153,KNOB CREEK,JIM BEAM BRANDS,750,6,DSP-KY-230,KNOB CREEK,,29.91
P000008,19226,100.0,vendor,2017-01,29.91,29.91,29.91,19.94,591,19538.46,88,KNOB CREEK,JIM BEAM BRANDS,750,6,DSP-KY-230,KNOB CREEK,,29.91
P000008,19226,100.0,vendor,2017-02,29.91,29.91,29.91,19.94,792,26183.52,96,KNOB CREEK,JIM BEAM BRANDS,750,6,DSP-KY-230,KNOB CREEK,,29.91
P000008,19226,100.0,vendor,2017-03,29.91,29.91,29.91,19.94,715,23637.9,83,KNOB CREEK,JIM BEAM BRANDS,750,6,DSP-KY-230,KNOB CREEK,,29.91
P000008,19226,100.0,vendor,2017-04,29.91,29.91,29.91,19.94,733,24232.98,82,KNOB CREEK,JIM BEAM BRANDS,750,6,DSP-KY-230,KNOB CREEK,,29.91
P000008,19226,100.0,vendor,2017-05,29.91,29.91,29.91,19.94,937,28025.67,128,KNOB CREEK,JIM BEAM BRANDS,750,6,DSP-KY-230,KNOB CREEK,,29.91
P000008,19226,100.0,vendor,2017-06,29.91,29.91,29.91,19.94,1117,33409.47,124,KNOB CREEK,JIM BEAM BRANDS,750,6,DSP-KY-230,KNOB CREEK,,29.91
P000008,19226,100.0,vendor,2017-07,29.91,29.91,29.91,19.94,801,23957.91,104,KNOB CREEK,JIM BEAM BRANDS,750,6,DSP-KY-230,KNOB CREEK,,29.91
P000008,19226,100.0,vendor,2017-08,29.91,29.91,29.91,19.94,1039,31076.49,118,KNOB CREEK,JIM BEAM BRANDS,750,6,DSP-KY-230,KNOB CREEK,,29.91
P000008,19226,100.0,vendor,2017-09,29.91,29.91,29.91,19.94,565,16899.15,93,KNOB CREEK,JIM BEAM BRANDS,750,6,DSP-KY-230,KNOB CREEK,,29.91
P000008,19226,100.0,vendor,2017-10,29.91,29.91,29.91,19.94,1313,39570.93,133,KNOB CREEK,JIM BEAM BRANDS,750,6,DSP-KY-230,KNOB CREEK,,29.91
P000008,19226,100.0,vendor,2017-11,29.91,29.91,29.91,19.94,1182,35353.62,128,KNOB CREEK,JIM BEAM BRANDS,750,6,DSP-KY-230,KNOB CREEK,,29.91
P000008,19226,100.0,vendor,2017-12,29.91,29.91,29.91,19.94,1702,50876.91,140,KNOB CREEK,JIM BEAM BRANDS,750,6,DSP-KY-230,KNOB CREEK,,29.91
P000008,19226,100.0,vendor,2018-01,29.91,29.91,29.91,19.94,637,19052.67,104,KNOB CREEK,JIM BEAM BRANDS,750,6,DSP-KY-230,KNOB CREEK,,29.91
P000008,19226,100.0,vendor,2018-02,29.91,29.91,29.91,19.94,826,24675.75,125,KNOB CREEK,JIM BEAM BRANDS,750,6,DSP-KY-230,KNOB CREEK,,29.91
P000008,19226,100.0,vendor,2018-03,29.91,29.91,29.91,19.94,1118,33439.38,130,KNOB CREEK,JIM BEAM BRANDS,750,6,DSP-KY-230,KNOB CREEK,,29.91
P000008,19226,100.0,vendor,2018-04,29.91,29.91,29.91,19.94,871,26051.61,127,KNOB CREEK,JIM BEAM BRANDS,750,6,DSP-KY-230,KNOB CREEK,,29.91
P000008,19226,100.0,vendor,2018-05,29.91,29.91,29.91,19.94,1084,32571.99,146,KNOB CREEK,JIM BEAM BRANDS,750,6,DSP-KY-230,KNOB CREEK,,29.91
P000008,19226,100.0,vendor,2018-06,29.91,29.91,29.91,19.94,1423,42561.93,118,KNOB CREEK,JIM BEAM BRANDS,750,6,DSP-KY-230,KNOB CREEK,,29.91
P000008,19226,100.0,vendor,2018-07,29.91,29.91,29.91,19.94,717,21445.47,106,KNOB CREEK,JIM BEAM BRANDS,750,6,DSP-KY-230,KNOB CREEK,,29.91
P000008,19226,100.0,vendor,2018-08,29.91,29.91,29.91,19.94,983,29401.53,132,KNOB CREEK,JIM BEAM BRANDS,750,6,DSP-KY-230,KNOB CREEK,,29.91
P000008,19226,100.0,vendor,2018-09,29.91,29.91,29.91,19.94,1731,51774.21,145,KNOB CREEK,JIM BEAM BRANDS,750,6,DSP-KY-230,KNOB CREEK,,29.91
P000008,19226,100.0,vendor,2018-10,30.0,30.0,30.0,20.0,1855,55483.05,139,KNOB CREEK,JIM BEAM BRANDS,750,6,DSP-KY-230,KNOB CREEK,,30.0
P000008,19226,100.0,vendor,2018-11,30.0,30.0,30.0,20.0,1611,48330.0,140,KNOB CREEK,JIM BEAM BRANDS,750,6,DSP-KY-230,KNOB CREEK,,30.0
P000008,19226,100.0,vendor,2018-12,30.0,30.0,30.0,20.0,1822,54660.0,161,KNOB CREEK,JIM BEAM BRANDS,750,6,DSP-KY-230,KNOB CREEK,,30.0
P000008,19226,100.0,vendor,2019-01,30.0,30.0,30.0,20.0,863,25890.0,99,KNOB CREEK,JIM BEAM BRANDS,750,6,DSP-KY-230,KNOB CREEK,,30.0
P000008,19226,100.0,vendor,2019-02,30.0,30.0,30.0,20.0,1268,38040.0,127,KNOB CREEK,JIM BEAM BRANDS,750,6,DSP-KY-230,KNOB CREEK,,30.0
P000008,19226,100.0,vendor,2019-03,30.0,30.0,30.0,20.0,874,26220.0,129,KNOB CREEK,JIM BEAM BRANDS,750,6,DSP-KY-230,KNOB CREEK,,30.0
P000008,19226,100.0,vendor,2019-04,30.0,30.0,30.0,20.0,816,24480.0,131,KNOB CREEK,JIM BEAM BRANDS,750,6,DSP-KY-230,KNOB CREEK,,30.0
P000008,19226,100.0,vendor,2019-05,30.0,30.0,30.0,20.0,1347,40410.0,163,KNOB CREEK,JIM BEAM BRANDS,750,6,DSP-KY-230,KNOB CREEK,,30.0
P000008,19226,100.0,vendor,2019-06,30.0,30.0,30.0,20.0,1237,37110.0,136,KNOB CREEK,JIM BEAM BRANDS,750,6,DSP-KY-230,KNOB CREEK,,30.0
P000008,19226,100.0,vendor,2019-07,30.0,30.0,30.0,20.0,1162,34860.0,129,KNOB CREEK,JIM BEAM BRANDS,750,6,DSP-KY-230,KNOB CREEK,,30.0
P000008,19226,100.0,vendor,2019-08,30.0,30.0,30.0,20.0,939,28170.0,140,KNOB CREEK,JIM BEAM BRANDS,750,6,DSP-KY-230,KNOB CREEK,,30.0
P000008,19226,100.0,vendor,2019-09,30.0,30.0,30.0,20.0,2120,63600.0,136,KNOB CREEK,JIM BEAM BRANDS,750,6,DSP-KY-230,KNOB CREEK,,30.0
P000008,19226,100.0,vendor,2019-10,30.0,30.0,30.0,20.0,1825,54750.0,165,KNOB CREEK,JIM BEAM BRANDS,750,6,DSP-KY-230,KNOB CREEK,,30.0
P000008,19226,100.0,vendor,2019-11,30.0,30.0,30.0,20.0,1090,32700.0,134,KNOB CREEK,JIM BEAM BRANDS,750,6,DSP-KY-230,KNOB CREEK,,30.0
P000008,19226,100.0,vendor,2019-12,30.0,30.0,30.0,20.0,2575,77250.0,216,KNOB CREEK,JIM BEAM BRANDS,750,6,DSP-KY-230,KNOB CREEK,,30.0
P000008,19226,100.0,vendor,2020-01,30.0,30.0,30.0,20.0,1391,41730.0,150,KNOB CREEK,JIM BEAM BRANDS,750,6,DSP-KY-230,KNOB CREEK,,30.0
P000008,19226,100.0,vendor,2020-02,30.0,30.0,30.0,20.0,993,29790.0,119,KNOB CREEK,JIM BEAM BRANDS,750,6,DSP-KY-230,KNOB CREEK,,30.0
P000008,19226,100.0,vendor,2020-03,30.0,30.0,30.0,20.0,1716,51480.0,162,KNOB CREEK,JIM BEAM BRANDS,750,6,DSP-KY-230,KNOB CREEK,,30.0
P000008,19226,100.0,vendor,2020-04,30.0,30.0,30.0,20.0,1306,39180.0,166,KNOB CREEK,JIM BEAM BRANDS,750,6,DSP-KY-230,KNOB CREEK,,30.0
P000008,19226,100.0,vendor,2020-05,30.0,30.0,30.0,20.0,2445,73350.0,189,KNOB CREEK,JIM BEAM BRANDS,750,6,DSP-KY-230,KNOB CREEK,,30.0
P000008,19226,100.0,vendor,2020-06,30.0,30.0,30.0,20.0,2101,63030.0,177,KNOB CREEK,JIM BEAM BRANDS,750,6,DSP-KY-230,KNOB CREEK,,30.0
P000008,19226,100.0,vendor,2020-07,30.0,30.0,30.0,20.0,1200,36000.0,133,KNOB CREEK,JIM BEAM BRANDS,750,6,DSP-KY-230,KNOB CREEK,,30.0
P000008,19226,100.0,vendor,2020-08,30.0,30.0,30.0,20.0,960,28800.0,112,KNOB CREEK,JIM BEAM BRANDS,750,6,DSP-KY-230,KNOB CREEK,,30.0
P000008,19226,100.0,vendor,2020-09,30.0,30.0,30.0,20.0,1447,43410.0,82,KNOB CREEK,JIM BEAM BRANDS,750,6,DSP-KY-230,KNOB CREEK,,30.0
P000008,19226,100.0,vendor,2020-10,30.0,30.0,30.0,20.0,942,28260.0,46,KNOB CREEK,JIM BEAM BRANDS,750,6,DSP-KY-230,KNOB CREEK,,30.0
P000008,19226,100.0,vendor,2020-11,30.0,30.0,30.0,20.0,1200,36000.0,159,KNOB CREEK,JIM BEAM BRANDS,750,6,DSP-KY-230,KNOB CREEK,,30.0
P000008,19226,100.0,vendor,2020-12,30.0,30.0,30.0,20.0,1752,52560.0,191,KNOB CREEK,JIM BEAM BRANDS,750,6,DSP-KY-230,KNOB CREEK,,30.0
P000008,19226,100.0,vendor,2021-01,30.0,30.0,30.0,20.0,1157,34710.0,139,KNOB CREEK,JIM BEAM BRANDS,750,6,DSP-KY-230,KNOB CREEK,,30.0
P000008,19226,100.0,vendor,2021-02,30.0,30.0,30.0,20.0,955,28650.0,114,KNOB CREEK,JIM BEAM BRANDS,750,6,DSP-KY-230,KNOB CREEK,,30.0
P000008,19226,100.0,vendor,2021-03,30.0,30.0,30.0,20.0,998,29940.0,133,KNOB CREEK,JIM BEAM BRANDS,750,6,DSP-KY-230,KNOB CREEK,,30.0
P000008,19226,100.0,vendor,2021-04,30.0,30.0,30.0,20.0,1023,30690.0,135,KNOB CREEK,JIM BEAM BRANDS,750,6,DSP-KY-230,KNOB CREEK,,30.0
P000008,19226,100.0,vendor,2021-05,30.0,30.0,30.0,20.0,1127,33810.0,159,KNOB CREEK,JIM BEAM BRANDS,750,6,DSP-KY-230,KNOB CREEK,,30.0
P000008,19226,100.0,vendor,2021-06,30.0,30.0,30.0,20.0,1166,34980.0,148,KNOB CREEK,JIM BEAM BRANDS,750,6,DSP-KY-230,KNOB CREEK,,30.0
P000008,19226,100.0,vendor,2021-07,30.0,30.0,30.0,20.0,1096,32880.0,161,KNOB CREEK,JIM BEAM BRANDS,750,6,DSP-KY-230,KNOB CREEK,,30.0
P000008,19226,100.0,vendor,2021-08,30.0,30.0,30.0,20.0,931,27930.0,146,KNOB CREEK,JIM BEAM BRANDS,750,6,DSP-KY-230,KNOB CREEK,,30.0
P000008,19226,100.0,vendor,2021-09,31.5,31.5,31.5,21.0,2836,85080.0,159,KNOB CREEK,JIM BEAM BRANDS,750,6,DSP-KY-230,KNOB CREEK,,31.5
P000008,19226,100.0,vendor,2021-10,31.5,31.5,31.5,21.0,1016,32004.0,156,KNOB CREEK,JIM BEAM BRANDS,750,6,DSP-KY-230,KNOB CREEK,,31.5
P000008,19226,100.0,vendor,2021-11,31.5,31.5,31.5,21.0,1340,42210.0,156,KNOB CREEK,JIM BEAM BRANDS,750,6,DSP-KY-230,KNOB CREEK,,31.5
P000008,19226,100.0,vendor,2021-12,31.5,31.5,31.5,21.0,2223,70024.5,214,KNOB CREEK,JIM BEAM BRANDS,750,6,DSP-KY-230,KNOB CREEK,,31.5
P000008,19226,100.0,vendor,2022-01,31.5,31.5,31.5,21.0,1304,41076.0,184,KNOB CREEK,JIM BEAM BRANDS,750,6,DSP-KY-230,KNOB CREEK,,31.5
P000008,19226,100.0,vendor,2022-02,31.5,31.5,31.5,21.0,1502,47313.0,183,KNOB CREEK,JIM BEAM BRANDS,750,6,DSP-KY-230,KNOB CREEK,,31.5
P000008,19226,100.0,vendor,2022-03,31.5,31.5,31.5,21.0,1359,42808.5,166,KNOB CREEK,JIM BEAM BRANDS,750,6,DSP-KY-230,KNOB CREEK,,31.5
P000008,19226,100.0,vendor,2022-04,31.5,31.5,31.5,21.0,1291,40666.5,168,KNOB CREEK,JIM BEAM BRANDS,750,6,DSP-KY-230,KNOB CREEK,,31.5
P000008,19226,100.0,vendor,2022-05,31.5,31.5,31.5,21.0,1204,37926.0,161,KNOB CREEK,JIM BEAM BRANDS,750,6,DSP-KY-230,KNOB CREEK,,31.5
P000008,19226,100.0,vendor,2022-06,31.5,31.5,31.5,21.0,1397,44005.5,176,KNOB CREEK,JIM BEAM BRANDS,750,6,DSP-KY-230,KNOB CREEK,,31.5
P000008,19226,100.0,vendor,2022-07,31.5,31.5,31.5,21.0,1032,32508.0,142,KNOB CREEK,JIM BEAM BRANDS,750,6,DSP-KY-230,KNOB CREEK,,31.5
P000008,19226,100.0,vendor,2022-08,31.5,31.5,31.5,21.0,1686,53109.0,219,KNOB CREEK,JIM BEAM BRANDS,750,6,DSP-KY-230,KNOB CREEK,,31.5
P000008,19226,100.0,vendor,2022-09,31.5,31.5,31.5,21.0,1365,42997.5,176,KNOB CREEK,JIM BEAM BRANDS,750,6,DSP-KY-230,KNOB CREEK,,31.5
P000008,19226,100.0,vendor,2022-10,31.5,31.5,31.5,21.0,1544,48636.0,192,KNOB CREEK,JIM BEAM BRANDS,750,6,DSP-KY-230,KNOB CREEK,,31.5
P000008,19226,100.0,vendor,2022-11,31.5,31.5,31.5,21.0,1982,62433.0,248,KNOB CREEK,JIM BEAM BRANDS,750,6,DSP-KY-230,KNOB CREEK,,31.5
P000008,19226,100.0,vendor,2022-12,31.5,31.5,31.5,21.0,2384,75096.0,257,KNOB CREEK,JIM BEAM BRANDS,750,6,DSP-KY-230,KNOB CREEK,,31.5
P000008,19226,100.0,vendor,2023-01,31.5,31.5,31.5,21.0,1331,41926.5,168,KNOB CREEK,JIM BEAM BRANDS,750,6,DSP-KY-230,KNOB CREEK,,31.5
P000008,19226,100.0,vendor,2023-02,31.5,31.5,31.5,21.0,1799,56668.5,205,KNOB CREEK,JIM BEAM BRANDS,750,6,DSP-KY-230,KNOB CREEK,,31.5
P000008,19226,100.0,vendor,2023-03,31.5,31.5,31.5,21.0,2020,63630.0,217,KNOB CREEK,JIM BEAM BRANDS,750,6,DSP-KY-230,KNOB CREEK,,31.5
P000008,19226,100.0,vendor,2023-04,31.5,31.5,31.5,21.0,575,18112.5,76,KNOB CREEK,JIM BEAM BRANDS,750,6,DSP-KY-230,KNOB CREEK,,31.5
P000008,19226,100.0,vendor,2023-06,31.5,31.5,31.5,21.0,2859,90058.5,325,KNOB CREEK,JIM BEAM BRANDS,750,6,DSP-KY-230,KNOB CREEK,,31.5
P000008,19226,100.0,vendor,2023-07,31.5,31.5,31.5,21.0,1254,39501.0,190,KNOB CREEK,JIM BEAM BRANDS,750,6,DSP-KY-230,KNOB CREEK,,31.5
P000008,19226,100.0,vendor,2023-08,31.5,31.5,31.5,21.0,1232,38808.0,202,KNOB CREEK,JIM BEAM BRANDS,750,6,DSP-KY-230,KNOB CREEK,,31.5
P000008,19226,100.0,vendor,2023-09,31.5,31.5,31.5,21.0,1360,42840.0,169,KNOB CREEK,JIM BEAM BRANDS,750,6,DSP-KY-230,KNOB CREEK,,31.5
P000008,19226,100.0,vendor,2023-10,31.5,31.5,31.5,21.0,1739,54778.5,174,KNOB CREEK,JIM BEAM BRANDS,750,6,DSP-KY-230,KNOB CREEK,,31.5
P000008,19226,100.0,vendor,2023-11,31.5,31.5,31.5,21.0,1929,60763.5,213,KNOB CREEK,JIM BEAM BRANDS,750,6,DSP-KY-230,KNOB CREEK,,31.5
P000008,19226,100.0,vendor,2023-12,31.5,31.5,31.5,21.0,1797,56605.5,252,KNOB CREEK,JIM BEAM BRANDS,750,6,DSP-KY-230,KNOB CREEK,,31.5
P000008,19226,100.0,vendor,2024-01,31.5,31.5,31.5,21.0,1403,44194.5,204,KNOB CREEK,JIM BEAM BRANDS,750,6,DSP-KY-230,KNOB CREEK,,31.5
P000008,19226,100.0,vendor,2024-02,31.5,31.5,31.5,21.0,1296,40824.0,166,KNOB CREEK,JIM BEAM BRANDS,750,6,DSP-KY-230,KNOB CREEK,,31.5
P000008,19226,100.0,vendor,2024-03,31.5,31.5,31.5,21.0,1646,51849.0,223,KNOB CREEK,JIM BEAM BRANDS,750,6,DSP-KY-230,KNOB CREEK,,31.5
P000008,19226,100.0,vendor,2024-04,31.5,31.5,31.5,21.0,1436,45234.0,181,KNOB CREEK,JIM BEAM BRANDS,750,6,DSP-KY-230,KNOB CREEK,,31.5
P000008,19226,100.0,vendor,2024-05,31.5,31.5,31.5,21.0,1431,45076.5,172,KNOB CREEK,JIM BEAM BRANDS,750,6,DSP-KY-230,KNOB CREEK,,31.5
P000008,19226,100.0,vendor,2024-06,31.5,31.5,31.5,21.0,2637,83065.5,230,KNOB CREEK,JIM BEAM BRANDS,750,6,DSP-KY-230,KNOB CREEK,,31.5
P000008,19226,100.0,vendor,2024-07,31.5,31.5,31.5,21.0,2082,65583.0,215,KNOB CREEK,JIM BEAM BRANDS,750,6,DSP-KY-230,KNOB CREEK,,31.5
P000008,19226,100.0,vendor,2024-08,31.5,31.5,31.5,21.0,1901,59881.5,169,KNOB CREEK,JIM BEAM BRANDS,750,6,DSP-KY-230,KNOB CREEK,,31.5
P000008,19226,100.0,vendor,2024-09,31.5,31.5,31.5,21.0,1725,54337.5,204,KNOB CREEK,JIM BEAM BRANDS,750,6,DSP-KY-230,KNOB CREEK,,31.5
P000008,19226,100.0,vendor,2024-10,31.5,31.5,31.5,21.0,2074,65331.0,175,KNOB CREEK,JIM BEAM BRANDS,750,6,DSP-KY-230,KNOB CREEK,,31.5
P000008,19226,100.0,vendor,2024-11,31.5,31.5,31.5,21.0,1117,35185.5,167,KNOB CREEK,JIM BEAM BRANDS,750,6,DSP-KY-230,KNOB CREEK,,31.5
P000008,19226,100.0,vendor,2024-12,31.5,31.5,31.5,21.0,2381,75001.5,229,KNOB CREEK,JIM BEAM BRANDS,750,6,DSP-KY-230,KNOB CREEK,,31.5
P000008,19226,100.0,vendor,2025-01,31.5,31.5,31.5,21.0,1508,47502.0,209,KNOB CREEK,JIM BEAM BRANDS,750,6,DSP-KY-230,KNOB CREEK,,31.5
P000008,19226,100.0,vendor,2025-02,31.5,31.5,31.5,21.0,1345,42367.5,152,KNOB CREEK,JIM BEAM BRANDS,750,6,DSP-KY-230,KNOB CREEK,,31.5
P000008,19226,100.0,vendor,2025-03,31.5,31.5,31.5,21.0,2172,68418.0,153,KNOB CREEK,JIM BEAM BRANDS,750,6,DSP-KY-230,KNOB CREEK,,31.5
P000008,19226,100.0,vendor,2025-04,31.5,31.5,31.5,21.0,1345,42367.5,196,KNOB CREEK,JIM BEAM BRANDS,750,6,DSP-KY-230,KNOB CREEK,,31.5
P000008,19226,100.0,vendor,2025-05,31.5,31.5,31.5,21.0,1364,42966.0,181,KNOB CREEK,JIM BEAM BRANDS,750,6,DSP-KY-230,KNOB CREEK,,31.5
P000008,19226,100.0,vendor,2025-06,31.5,31.5,31.5,21.0,2566,80829.0,169,KNOB CREEK,JIM BEAM BRANDS,750,6,DSP-KY-230,KNOB CREEK,,31.5
P000008,19226,100.0,vendor,2025-07,31.5,31.5,31.5,21.0,1353,42619.5,202,KNOB CREEK,JIM BEAM BRANDS,750,6,DSP-KY-230,KNOB CREEK,,31.5
P000008,19226,100.0,vendor,2025-08,31.5,31.5,31.5,21.0,1941,61141.5,173,KNOB CREEK,JIM BEAM BRANDS,750,6,DSP-KY-230,KNOB CREEK,,31.5
P000008,19226,100.0,vendor,2025-09,31.5,31.5,31.5,21.0,2453,77269.5,132,KNOB CREEK,JIM BEAM BRANDS,750,6,DSP-KY-230,KNOB CREEK,,31.5
P000008,19226,100.0,vendor,2025-10,31.5,31.5,31.5,21.0,1423,44824.5,172,KNOB CREEK,JIM BEAM BRANDS,750,6,DSP-KY-230,KNOB CREEK,,31.5
P000008,19226,100.0,vendor,2025-11,31.5,31.5,31.5,21.0,1431,45076.5,184,KNOB CREEK,JIM BEAM BRANDS,750,6,DSP-KY-230,KNOB CREEK,,31.5
P000008,19226,100.0,vendor,2025-12,31.5,31.5,31.5,21.0,2448,77112.0,234,KNOB CREEK,JIM BEAM BRANDS,750,6,DSP-KY-230,KNOB CREEK,,31.5
P000008,19226,100.0,vendor,2026-01,31.5,31.5,31.5,21.0,2117,66685.5,159,KNOB CREEK,JIM BEAM BRANDS,750,6,DSP-KY-230,KNOB CREEK,,31.5
P000008,19226,100.0,vendor,2026-02,31.5,31.5,31.5,21.0,1835,57802.5,156,KNOB CREEK,JIM BEAM BRANDS,750,6,DSP-KY-230,KNOB CREEK,,31.5
P000008,19226,100.0,vendor,2026-03,31.5,31.5,31.5,21.0,1618,50967.0,155,KNOB CREEK,JIM BEAM BRANDS,750,6,DSP-KY-230,KNOB CREEK,,31.5
P000008,19226,100.0,vendor,2026-04,31.5,31.5,31.5,21.0,1966,61929.0,177,KNOB CREEK,JIM BEAM BRANDS,750,6,DSP-KY-230,KNOB CREEK,,31.5
P000009,22215,100.0,vendor,2018-05,33.74,33.74,33.74,22.49,289,10122.0,32,WOODFORD RESERVE,BROWN FORMAN CORP.,750,12,DSP-KY-52,LABROT & GRAHAM,WOODFORD RESERVE,33.74
P000009,22215,100.0,vendor,2018-06,33.74,33.74,33.74,22.49,1873,63566.16,68,WOODFORD RESERVE,BROWN FORMAN CORP.,750,12,DSP-KY-52,LABROT & GRAHAM,WOODFORD RESERVE,33.74
P000009,22215,100.0,vendor,2018-07,33.74,33.74,33.74,22.49,1477,49833.98,71,WOODFORD RESERVE,BROWN FORMAN CORP.,750,12,DSP-KY-52,LABROT & GRAHAM,WOODFORD RESERVE,33.74
P000009,22215,100.0,vendor,2018-08,33.74,33.74,33.74,22.49,2129,71832.46,125,WOODFORD RESERVE,BROWN FORMAN CORP.,750,12,DSP-KY-52,LABROT & GRAHAM,WOODFORD RESERVE,33.74
P000009,22215,100.0,vendor,2018-09,33.74,33.74,33.74,22.49,1444,48720.56,120,WOODFORD RESERVE,BROWN FORMAN CORP.,750,12,DSP-KY-52,LABROT & GRAHAM,WOODFORD RESERVE,33.74
P000009,22215,100.0,vendor,2018-10,33.74,33.74,33.74,22.49,3755,126693.7,96,WOODFORD RESERVE,BROWN FORMAN CORP.,750,12,DSP-KY-52,LABROT & GRAHAM,WOODFORD RESERVE,33.74
P000009,22215,100.0,vendor,2018-11,33.74,33.74,33.74,22.49,2220,74902.8,149,WOODFORD RESERVE,BROWN FORMAN CORP.,750,12,DSP-KY-52,LABROT & GRAHAM,WOODFORD RESERVE,33.74
P000009,22215,100.0,vendor,2018-12,33.74,33.74,33.74,22.49,2713,91536.62,145,WOODFORD RESERVE,BROWN FORMAN CORP.,750,12,DSP-KY-52,LABROT & GRAHAM,WOODFORD RESERVE,33.74
P000009,22215,100.0,vendor,2019-01,33.74,33.74,33.74,22.49,1012,34144.88,119,WOODFORD RESERVE,BROWN FORMAN CORP.,750,12,DSP-KY-52,LABROT & GRAHAM,WOODFORD RESERVE,33.74
P000009,22215,100.0,vendor,2019-02,33.74,33.74,33.74,22.49,2527,85260.98,115,WOODFORD RESERVE,BROWN FORMAN CORP.,750,12,DSP-KY-52,LABROT & GRAHAM,WOODFORD RESERVE,33.74
P000009,22215,100.0,vendor,2019-03,33.74,33.74,33.74,22.49,1033,34853.42,107,WOODFORD RESERVE,BROWN FORMAN CORP.,750,12,DSP-KY-52,LABROT & GRAHAM,WOODFORD RESERVE,33.74
P000009,22215,100.0,vendor,2019-04,33.74,33.74,33.74,22.49,1226,41365.24,114,WOODFORD RESERVE,BROWN FORMAN CORP.,750,12,DSP-KY-52,LABROT & GRAHAM,WOODFORD RESERVE,33.74
P000009,22215,100.0,vendor,2019-05,33.74,33.74,33.74,22.49,1464,49395.36,143,WOODFORD RESERVE,BROWN FORMAN CORP.,750,12,DSP-KY-52,LABROT & GRAHAM,WOODFORD RESERVE,33.74
P000009,22215,100.0,vendor,2019-06,33.74,33.74,33.74,22.49,2415,81482.1,120,WOODFORD RESERVE,BROWN FORMAN CORP.,750,12,DSP-KY-52,LABROT & GRAHAM,WOODFORD RESERVE,33.74
P000009,22215,100.0,vendor,2019-07,33.74,33.74,33.74,22.49,1001,33773.74,102,WOODFORD RESERVE,BROWN FORMAN CORP.,750,12,DSP-KY-52,LABROT & GRAHAM,WOODFORD RESERVE,33.74
P000009,22215,100.0,vendor,2019-08,33.74,33.74,33.74,22.49,1488,50205.12,110,WOODFORD RESERVE,BROWN FORMAN CORP.,750,12,DSP-KY-52,LABROT & GRAHAM,WOODFORD RESERVE,33.74
P000009,22215,100.0,vendor,2019-09,33.74,33.74,33.74,22.49,1420,47910.8,112,WOODFORD RESERVE,BROWN FORMAN CORP.,750,12,DSP-KY-52,LABROT & GRAHAM,WOODFORD RESERVE,33.74
P000009,22215,100.0,vendor,2019-10,33.74,33.74,33.74,22.49,5673,191407.02,122,WOODFORD RESERVE,BROWN FORMAN CORP.,750,12,DSP-KY-52,LABROT & GRAHAM,WOODFORD RESERVE,33.74
P000009,22215,100.0,vendor,2019-11,33.74,33.74,33.74,22.49,2050,69167.0,116,WOODFORD RESERVE,BROWN FORMAN CORP.,750,12,DSP-KY-52,LABROT & GRAHAM,WOODFORD RESERVE,33.74
P000009,22215,100.0,vendor,2019-12,33.74,33.74,33.74,22.49,3582,120856.68,199,WOODFORD RESERVE,BROWN FORMAN CORP.,750,12,DSP-KY-52,LABROT & GRAHAM,WOODFORD RESERVE,33.74
P000009,22215,100.0,vendor,2020-01,33.74,33.74,33.74,22.49,1449,48889.26,136,WOODFORD RESERVE,BROWN FORMAN CORP.,750,12,DSP-KY-52,LABROT & GRAHAM,WOODFORD RESERVE,33.74
P000009,22215,100.0,vendor,2020-02,33.74,33.74,33.74,22.49,2012,67884.88,117,WOODFORD RESERVE,BROWN FORMAN CORP.,750,12,DSP-KY-52,LABROT & GRAHAM,WOODFORD RESERVE,33.74
P000009,22215,100.0,vendor,2020-03,33.74,33.74,33.74,22.49,2325,78445.5,137,WOODFORD RESERVE,BROWN FORMAN CORP.,750,12,DSP-KY-52,LABROT & GRAHAM,WOODFORD RESERVE,33.74
P000009,22215,100.0,vendor,2020-04,33.74,33.74,33.74,22.49,2321,78310.54,146,WOODFORD RESERVE,BROWN FORMAN CORP.,750,12,DSP-KY-52,LABROT & GRAHAM,WOODFORD RESERVE,33.74
P000009,22215,100.0,vendor,2020-05,33.74,33.74,33.74,22.49,1243,41938.82,129,WOODFORD RESERVE,BROWN FORMAN CORP.,750,12,DSP-KY-52,LABROT & GRAHAM,WOODFORD RESERVE,33.74
P000009,22215,100.0,vendor,2020-06,33.74,33.74,33.74,22.49,2979,100511.46,185,WOODFORD RESERVE,BROWN FORMAN CORP.,750,12,DSP-KY-52,LABROT & GRAHAM,WOODFORD RESERVE,33.74
P000009,22215,100.0,vendor,2020-07,33.74,33.74,33.74,22.49,1845,62250.3,142,WOODFORD RESERVE,BROWN FORMAN CORP.,750,12,DSP-KY-52,LABROT & GRAHAM,WOODFORD RESERVE,33.74
P000009,22215,100.0,vendor,2020-08,33.74,33.74,33.74,22.49,1879,63397.46,130,WOODFORD RESERVE,BROWN FORMAN CORP.,750,12,DSP-KY-52,LABROT & GRAHAM,WOODFORD RESERVE,33.74
P000009,22215,100.0,vendor,2020-09,33.74,33.74,33.74,22.49,4067,137220.58,173,WOODFORD RESERVE,BROWN FORMAN CORP.,750,12,DSP-KY-52,LABROT & GRAHAM,WOODFORD RESERVE,33.74
P000009,22215,100.0,vendor,2020-10,33.74,33.74,33.74,22.49,3317,111915.58,104,WOODFORD RESERVE,BROWN FORMAN CORP.,750,12,DSP-KY-52,LABROT & GRAHAM,WOODFORD RESERVE,33.74
P000009,22215,100.0,vendor,2020-11,33.74,33.74,33.74,22.49,2315,78108.1,153,WOODFORD RESERVE,BROWN FORMAN CORP.,750,12,DSP-KY-52,LABROT & GRAHAM,WOODFORD RESERVE,33.74
P000009,22215,100.0,vendor,2020-12,33.74,33.74,33.74,22.49,5211,175819.14,200,WOODFORD RESERVE,BROWN FORMAN CORP.,750,12,DSP-KY-52,LABROT & GRAHAM,WOODFORD RESERVE,33.74
P000009,22215,100.0,vendor,2021-01,33.74,33.74,33.74,22.49,1153,38902.22,120,WOODFORD RESERVE,BROWN FORMAN CORP.,750,12,DSP-KY-52,LABROT & GRAHAM,WOODFORD RESERVE,33.74
P000009,22215,100.0,vendor,2021-02,33.74,33.74,33.74,22.49,2835,95652.9,159,WOODFORD RESERVE,BROWN FORMAN CORP.,750,12,DSP-KY-52,LABROT & GRAHAM,WOODFORD RESERVE,33.74
P000009,22215,100.0,vendor,2021-03,33.74,33.74,33.74,22.49,3538,119372.12,201,WOODFORD RESERVE,BROWN FORMAN CORP.,750,12,DSP-KY-52,LABROT & GRAHAM,WOODFORD RESERVE,33.74
P000009,22215,100.0,vendor,2021-04,33.74,33.74,33.74,22.49,3144,106078.56,145,WOODFORD RESERVE,BROWN FORMAN CORP.,750,12,DSP-KY-52,LABROT & GRAHAM,WOODFORD RESERVE,33.74
P000009,22215,100.0,vendor,2021-05,33.74,33.74,33.74,22.49,1404,47370.96,153,WOODFORD RESERVE,BROWN FORMAN CORP.,750,12,DSP-KY-52,LABROT & GRAHAM,WOODFORD RESERVE,33.74
P000009,22215,100.0,vendor,2021-06,33.74,33.74,33.74,22.49,3764,126997.36,171,WOODFORD RESERVE,BROWN FORMAN CORP.,750,12,DSP-KY-52,LABROT & GRAHAM,WOODFORD RESERVE,33.74
P000009,22215,100.0,vendor,2021-07,33.74,33.74,33.74,22.49,2769,93426.06,139,WOODFORD RESERVE,BROWN FORMAN CORP.,750,12,DSP-KY-52,LABROT & GRAHAM,WOODFORD RESERVE,33.74
P000009,22215,100.0,vendor,2021-08,33.74,33.74,33.74,22.49,2771,93493.54,151,WOODFORD RESERVE,BROWN FORMAN CORP.,750,12,DSP-KY-52,LABROT & GRAHAM,WOODFORD RESERVE,33.74
P000009,22215,100.0,vendor,2021-09,33.74,33.74,33.74,22.49,3660,123488.4,161,WOODFORD RESERVE,BROWN FORMAN CORP.,750,12,DSP-KY-52,LABROT & GRAHAM,WOODFORD RESERVE,33.74
P000009,22215,100.0,vendor,2021-10,33.74,33.74,33.74,22.49,6242,210605.08,152,WOODFORD RESERVE,BROWN FORMAN CORP.,750,12,DSP-KY-52,LABROT & GRAHAM,WOODFORD RESERVE,33.74
P000009,22215,100.0,vendor,2021-11,33.74,33.74,33.74,22.49,2320,78276.8,115,WOODFORD RESERVE,BROWN FORMAN CORP.,750,12,DSP-KY-52,LABROT & GRAHAM,WOODFORD RESERVE,33.74
P000009,22215,100.0,vendor,2021-12,33.74,33.74,33.74,22.49,2400,80976.0,50,WOODFORD RESERVE,BROWN FORMAN CORP.,750,12,DSP-KY-52,LABROT & GRAHAM,WOODFORD RESERVE,33.74
P000009,22215,100.0,vendor,2022-01,33.74,33.74,33.74,22.49,3740,126187.6,258,WOODFORD RESERVE,BROWN FORMAN CORP.,750,12,DSP-KY-52,LABROT & GRAHAM,WOODFORD RESERVE,33.74
P000009,22215,100.0,vendor,2022-02,33.74,33.74,33.74,22.49,2453,82764.22,63,WOODFORD RESERVE,BROWN FORMAN CORP.,750,12,DSP-KY-52,LABROT & GRAHAM,WOODFORD RESERVE,33.74
P000009,22215,100.0,vendor,2022-03,33.74,33.74,33.74,22.49,3904,131720.96,181,WOODFORD RESERVE,BROWN FORMAN CORP.,750,12,DSP-KY-52,LABROT & GRAHAM,WOODFORD RESERVE,33.74
P000009,22215,100.0,vendor,2022-04,33.74,33.74,33.74,22.49,4597,155102.78,188,WOODFORD RESERVE,BROWN FORMAN CORP.,750,12,DSP-KY-52,LABROT & GRAHAM,WOODFORD RESERVE,33.74
P000009,22215,100.0,vendor,2022-05,33.74,33.74,33.74,22.49,2371,79997.54,185,WOODFORD RESERVE,BROWN FORMAN CORP.,750,12,DSP-KY-52,LABROT & GRAHAM,WOODFORD RESERVE,33.74
P000009,22215,100.0,vendor,2022-06,34.5,34.5,34.5,23.0,3944,133070.56,135,WOODFORD RESERVE,BROWN FORMAN CORP.,750,12,DSP-KY-52,LABROT & GRAHAM,WOODFORD RESERVE,34.5
P000009,22215,100.0,vendor,2022-07,34.5,34.5,34.5,23.0,2887,99601.5,153,WOODFORD RESERVE,BROWN FORMAN CORP.,750,12,DSP-KY-52,LABROT & GRAHAM,WOODFORD RESERVE,34.5
P000009,22215,100.0,vendor,2022-08,34.5,34.5,34.5,23.0,3415,117817.5,177,WOODFORD RESERVE,BROWN FORMAN CORP.,750,12,DSP-KY-52,LABROT & GRAHAM,WOODFORD RESERVE,34.5
P000009,22215,100.0,vendor,2022-09,34.5,34.5,34.5,23.0,3298,113781.0,160,WOODFORD RESERVE,BROWN FORMAN CORP.,750,12,DSP-KY-52,LABROT & GRAHAM,WOODFORD RESERVE,34.5
P000009,22215,100.0,vendor,2022-10,34.5,34.5,34.5,23.0,6181,213244.5,170,WOODFORD RESERVE,BROWN FORMAN CORP.,750,12,DSP-KY-52,LABROT & GRAHAM,WOODFORD RESERVE,34.5
P000009,22215,100.0,vendor,2022-11,34.5,34.5,34.5,23.0,1158,39951.0,89,WOODFORD RESERVE,BROWN FORMAN CORP.,750,12,DSP-KY-52,LABROT & GRAHAM,WOODFORD RESERVE,34.5
P000009,22215,100.0,vendor,2022-12,34.5,34.5,34.5,23.0,9829,339100.5,320,WOODFORD RESERVE,BROWN FORMAN CORP.,750,12,DSP-KY-52,LABROT & GRAHAM,WOODFORD RESERVE,34.5
P000009,22215,100.0,vendor,2023-01,34.5,34.5,34.5,23.0,1664,57408.0,164,WOODFORD RESERVE,BROWN FORMAN CORP.,750,12,DSP-KY-52,LABROT & GRAHAM,WOODFORD RESERVE,34.5
P000009,22215,100.0,vendor,2023-02,34.5,34.5,34.5,23.0,4592,158424.0,183,WOODFORD RESERVE,BROWN FORMAN CORP.,750,12,DSP-KY-52,LABROT & GRAHAM,WOODFORD RESERVE,34.5
P000009,22215,100.0,vendor,2023-03,34.5,34.5,34.5,23.0,3051,105259.5,159,WOODFORD RESERVE,BROWN FORMAN CORP.,750,12,DSP-KY-52,LABROT & GRAHAM,WOODFORD RESERVE,34.5
P000009,22215,100.0,vendor,2023-04,34.5,34.5,34.5,23.0,4389,151420.5,190,WOODFORD RESERVE,BROWN FORMAN CORP.,750,12,DSP-KY-52,LABROT & GRAHAM,WOODFORD RESERVE,34.5
P000009,22215,100.0,vendor,2023-05,35.25,35.25,35.25,23.5,2432,83904.0,201,WOODFORD RESERVE,BROWN FORMAN CORP.,750,12,DSP-KY-52,LABROT & GRAHAM,WOODFORD RESERVE,35.25
P000009,22215,100.0,vendor,2023-06,35.25,35.25,35.25,23.5,4039,142317.75,212,WOODFORD RESERVE,BROWN FORMAN CORP.,750,12,DSP-KY-52,LABROT & GRAHAM,WOODFORD RESERVE,35.25
P000009,22215,100.0,vendor,2023-07,35.25,35.25,35.25,23.5,2904,102366.0,162,WOODFORD RESERVE,BROWN FORMAN CORP.,750,12,DSP-KY-52,LABROT & GRAHAM,WOODFORD RESERVE,35.25
P000009,22215,100.0,vendor,2023-08,35.25,35.25,35.25,23.5,3893,137228.25,203,WOODFORD RESERVE,BROWN FORMAN CORP.,750,12,DSP-KY-52,LABROT & GRAHAM,WOODFORD RESERVE,35.25
P000009,22215,100.0,vendor,2023-09,35.25,35.25,35.25,23.5,1577,55589.25,148,WOODFORD RESERVE,BROWN FORMAN CORP.,750,12,DSP-KY-52,LABROT & GRAHAM,WOODFORD RESERVE,35.25
P000009,22215,100.0,vendor,2023-10,35.25,35.25,35.25,23.5,5328,187812.0,189,WOODFORD RESERVE,BROWN FORMAN CORP.,750,12,DSP-KY-52,LABROT & GRAHAM,WOODFORD RESERVE,35.25
P000009,22215,100.0,vendor,2023-11,35.25,35.25,35.25,23.5,2532,89253.0,209,WOODFORD RESERVE,BROWN FORMAN CORP.,750,12,DSP-KY-52,LABROT & GRAHAM,WOODFORD RESERVE,35.25
P000009,22215,100.0,vendor,2023-12,35.25,35.25,35.25,23.5,5540,195285.0,261,WOODFORD RESERVE,BROWN FORMAN CORP.,750,12,DSP-KY-52,LABROT & GRAHAM,WOODFORD RESERVE,35.25
P000009,22215,100.0,vendor,2024-01,35.25,35.25,35.25,23.5,3056,107724.0,216,WOODFORD RESERVE,BROWN FORMAN CORP.,750,12,DSP-KY-52,LABROT & GRAHAM,WOODFORD RESERVE,35.25
P000009,22215,100.0,vendor,2024-02,35.25,35.25,35.25,23.5,2465,86891.25,174,WOODFORD RESERVE,BROWN FORMAN CORP.,750,12,DSP-KY-52,LABROT & GRAHAM,WOODFORD RESERVE,35.25
P000009,22215,100.0,vendor,2024-03,35.25,35.25,35.25,23.5,3561,125525.25,190,WOODFORD RESERVE,BROWN FORMAN CORP.,750,12,DSP-KY-52,LABROT & GRAHAM,WOODFORD RESERVE,35.25
P000009,22215,100.0,vendor,2024-04,35.25,35.25,35.25,23.5,3482,122740.5,193,WOODFORD RESERVE,BROWN FORMAN CORP.,750,12,DSP-KY-52,LABROT & GRAHAM,WOODFORD RESERVE,35.25
P000009,22215,100.0,vendor,2024-05,36.08,36.08,36.08,24.05,2268,79947.0,175,WOODFORD RESERVE,BROWN FORMAN CORP.,750,12,DSP-KY-52,LABROT & GRAHAM,WOODFORD RESERVE,36.08
P000009,22215,100.0,vendor,2024-06,36.08,36.08,36.08,24.05,2547,91871.69,186,WOODFORD RESERVE,BROWN FORMAN CORP.,750,12,DSP-KY-52,LABROT & GRAHAM,WOODFORD RESERVE,36.08
P000009,22215,100.0,vendor,2024-07,36.08,36.08,36.08,24.05,3341,120543.28,178,WOODFORD RESERVE,BROWN FORMAN CORP.,750,12,DSP-KY-52,LABROT & GRAHAM,WOODFORD RESERVE,36.08
P000009,22215,100.0,vendor,2024-08,36.08,36.08,36.08,24.05,4180,150814.4,158,WOODFORD RESERVE,BROWN FORMAN CORP.,750,12,DSP-KY-52,LABROT & GRAHAM,WOODFORD RESERVE,36.08
P000009,22215,100.0,vendor,2024-09,36.08,36.08,36.08,24.05,2245,80999.6,167,WOODFORD RESERVE,BROWN FORMAN CORP.,750,12,DSP-KY-52,LABROT & GRAHAM,WOODFORD RESERVE,36.08
P000009,22215,100.0,vendor,2024-10,36.08,36.08,36.08,24.05,4004,144464.32,163,WOODFORD RESERVE,BROWN FORMAN CORP.,750,12,DSP-KY-52,LABROT & GRAHAM,WOODFORD RESERVE,36.08
P000009,22215,100.0,vendor,2024-11,36.08,36.08,36.08,24.05,4909,177116.72,288,WOODFORD RESERVE,BROWN FORMAN CORP.,750,12,DSP-KY-52,LABROT & GRAHAM,WOODFORD RESERVE,36.08
P000009,22215,100.0,vendor,2024-12,36.08,36.08,36.08,24.05,6275,226402.0,310,WOODFORD RESERVE,BROWN FORMAN CORP.,750,12,DSP-KY-52,LABROT & GRAHAM,WOODFORD RESERVE,36.08
P000009,22215,100.0,vendor,2025-01,36.08,36.08,36.08,24.05,2599,93771.92,203,WOODFORD RESERVE,BROWN FORMAN CORP.,750,12,DSP-KY-52,LABROT & GRAHAM,WOODFORD RESERVE,36.08
P000009,22215,100.0,vendor,2025-02,36.08,36.08,36.08,24.05,2486,89694.88,143,WOODFORD RESERVE,BROWN FORMAN CORP.,750,12,DSP-KY-52,LABROT & GRAHAM,WOODFORD RESERVE,36.08
P000009,22215,100.0,vendor,2025-03,36.08,36.08,36.08,24.05,1561,56320.88,129,WOODFORD RESERVE,BROWN FORMAN CORP.,750,12,DSP-KY-52,LABROT & GRAHAM,WOODFORD RESERVE,36.08
P000009,22215,100.0,vendor,2025-04,36.08,36.08,36.08,24.05,3990,143959.2,224,WOODFORD RESERVE,BROWN FORMAN CORP.,750,12,DSP-KY-52,LABROT & GRAHAM,WOODFORD RESERVE,36.08
P000009,22215,100.0,vendor,2025-05,36.08,36.08,36.08,24.05,2767,99833.36,200,WOODFORD RESERVE,BROWN FORMAN CORP.,750,12,DSP-KY-52,LABROT & GRAHAM,WOODFORD RESERVE,36.08
P000009,22215,100.0,vendor,2025-06,36.08,36.08,36.08,24.05,2896,104487.68,129,WOODFORD RESERVE,BROWN FORMAN CORP.,750,12,DSP-KY-52,LABROT & GRAHAM,WOODFORD RESERVE,36.08
P000009,22215,100.0,vendor,2025-07,36.65,36.65,36.65,24.43,2744,99003.52,225,WOODFORD RESERVE,BROWN FORMAN CORP.,750,12,DSP-KY-52,LABROT & GRAHAM,WOODFORD RESERVE,36.65
P000009,22215,100.0,vendor,2025-08,36.65,36.65,36.65,24.43,4143,151840.95,193,WOODFORD RESERVE,BROWN FORMAN CORP.,750,12,DSP-KY-52,LABROT & GRAHAM,WOODFORD RESERVE,36.65
P000009,22215,100.0,vendor,2025-09,36.65,36.65,36.65,24.43,1800,65970.0,155,WOODFORD RESERVE,BROWN FORMAN CORP.,750,12,DSP-KY-52,LABROT & GRAHAM,WOODFORD RESERVE,36.65
P000009,22215,100.0,vendor,2025-10,36.65,36.65,36.65,24.43,5362,196517.3,226,WOODFORD RESERVE,BROWN FORMAN CORP.,750,12,DSP-KY-52,LABROT & GRAHAM,WOODFORD RESERVE,36.65
P000009,22215,100.0,vendor,2025-11,36.65,36.65,36.65,24.43,3043,111525.95,209,WOODFORD RESERVE,BROWN FORMAN CORP.,750,12,DSP-KY-52,LABROT & GRAHAM,WOODFORD RESERVE,36.65
P000009,22215,100.0,vendor,2025-12,36.65,36.65,36.65,24.43,6339,232324.35,303,WOODFORD RESERVE,BROWN FORMAN CORP.,750,12,DSP-KY-52,LABROT & GRAHAM,WOODFORD RESERVE,36.65
P000009,22215,100.0,vendor,2026-01,36.65,36.65,36.65,24.43,2505,91808.25,177,WOODFORD RESERVE,BROWN FORMAN CORP.,750,12,DSP-KY-52,LABROT & GRAHAM,WOODFORD RESERVE,36.65
P000009,22215,100.0,vendor,2026-02,36.65,36.65,36.65,24.43,3539,129704.35,159,WOODFORD RESERVE,BROWN FORMAN CORP.,750,12,DSP-KY-52,LABROT & GRAHAM,WOODFORD RESERVE,36.65
P000009,22215,100.0,vendor,2026-03,36.65,36.65,36.65,24.43,2239,82059.35,162,WOODFORD RESERVE,BROWN FORMAN CORP.,750,12,DSP-KY-52,LABROT & GRAHAM,WOODFORD RESERVE,36.65
P000009,22215,100.0,vendor,2026-04,36.65,36.65,36.65,24.43,4945,181234.25,197,WOODFORD RESERVE,BROWN FORMAN CORP.,750,12,DSP-KY-52,LABROT & GRAHAM,WOODFORD RESERVE,36.65
P000009,22216,100.0,vendor,2012-01,29.24,29.24,29.24,19.5,319,9327.56,71,WOODFORD RESERVE BOURBON,BROWN-FORMAN CORPORATION,750,6,DSP-KY-52,LABROT & GRAHAM,WOODFORD RESERVE,29.24
P000009,22216,100.0,vendor,2012-02,27.74,27.74,27.74,18.0,334,9265.16,68,WOODFORD RESERVE BOURBON,BROWN-FORMAN CORPORATION,750,6,DSP-KY-52,LABROT & GRAHAM,WOODFORD RESERVE,27.74
P000009,22216,100.0,vendor,2012-03,29.24,29.24,29.24,19.5,421,12310.04,76,WOODFORD RESERVE BOURBON,BROWN-FORMAN CORPORATION,750,6,DSP-KY-52,LABROT & GRAHAM,WOODFORD RESERVE,29.24
P000009,22216,100.0,vendor,2012-04,27.74,27.74,27.74,18.0,452,12538.48,88,WOODFORD RESERVE BOURBON,BROWN-FORMAN CORPORATION,750,6,DSP-KY-52,LABROT & GRAHAM,WOODFORD RESERVE,27.74
P000009,22216,100.0,vendor,2012-05,30.0,30.0,30.0,20.0,348,10440.0,69,WOODFORD RESERVE BOURBON,BROWN-FORMAN CORPORATION,750,6,DSP-KY-52,LABROT & GRAHAM,WOODFORD RESERVE,30.0
P000009,22216,100.0,vendor,2012-06,30.0,30.0,30.0,20.0,332,9960.0,77,WOODFORD RESERVE BOURBON,BROWN-FORMAN CORPORATION,750,6,DSP-KY-52,LABROT & GRAHAM,WOODFORD RESERVE,30.0
P000009,22216,100.0,vendor,2012-07,30.0,30.0,30.0,20.0,300,9000.0,57,WOODFORD RESERVE BOURBON,BROWN-FORMAN CORPORATION,750,6,DSP-KY-52,LABROT & GRAHAM,WOODFORD RESERVE,30.0
P000009,22216,100.0,vendor,2012-08,30.0,30.0,30.0,20.0,342,10260.0,69,WOODFORD RESERVE BOURBON,BROWN-FORMAN CORPORATION,750,6,DSP-KY-52,LABROT & GRAHAM,WOODFORD RESERVE,30.0
P000009,22216,100.0,vendor,2012-09,30.0,30.0,30.0,20.0,297,8910.0,63,WOODFORD RESERVE BOURBON,BROWN-FORMAN CORPORATION,750,6,DSP-KY-52,LABROT & GRAHAM,WOODFORD RESERVE,30.0
P000009,22216,100.0,vendor,2012-10,30.0,30.0,30.0,20.0,607,18210.0,88,WOODFORD RESERVE BOURBON,BROWN-FORMAN CORPORATION,750,6,DSP-KY-52,LABROT & GRAHAM,WOODFORD RESERVE,30.0
P000009,22216,100.0,vendor,2012-11,30.0,30.0,30.0,20.0,465,13950.0,90,WOODFORD RESERVE BOURBON,BROWN-FORMAN CORPORATION,750,6,DSP-KY-52,LABROT & GRAHAM,WOODFORD RESERVE,30.0
P000009,22216,100.0,vendor,2012-12,30.0,30.0,30.0,20.0,939,28170.0,133,WOODFORD RESERVE BOURBON,BROWN-FORMAN CORPORATION,750,6,DSP-KY-52,LABROT & GRAHAM,WOODFORD RESERVE,30.0
P000009,22216,100.0,vendor,2013-01,30.0,30.0,30.0,20.0,278,8340.0,61,WOODFORD RESERVE BOURBON,BROWN-FORMAN CORPORATION,750,6,DSP-KY-52,LABROT & GRAHAM,WOODFORD RESERVE,30.0
P000009,22216,100.0,vendor,2013-02,30.0,30.0,30.0,20.0,350,10500.0,71,WOODFORD RESERVE BOURBON,BROWN-FORMAN CORPORATION,750,6,DSP-KY-52,LABROT & GRAHAM,WOODFORD RESERVE,30.0
P000009,22216,100.0,vendor,2013-03,30.0,30.0,30.0,20.0,413,12390.0,71,WOODFORD RESERVE BOURBON,BROWN-FORMAN CORPORATION,750,6,DSP-KY-52,LABROT & GRAHAM,WOODFORD RESERVE,30.0
P000009,22216,100.0,vendor,2013-04,30.0,30.0,30.0,20.0,842,25260.0,87,WOODFORD RESERVE BOURBON,BROWN-FORMAN CORPORATION,750,6,DSP-KY-52,LABROT & GRAHAM,WOODFORD RESERVE,30.0
P000009,22216,100.0,vendor,2013-05,30.75,30.75,30.75,20.5,410,12607.5,83,WOODFORD RESERVE BOURBON,BROWN-FORMAN CORPORATION,750,6,DSP-KY-52,LABROT & GRAHAM,WOODFORD RESERVE,30.75
P000009,22216,100.0,vendor,2013-06,30.75,30.75,30.75,20.5,394,12115.5,72,WOODFORD RESERVE BOURBON,BROWN-FORMAN CORPORATION,750,6,DSP-KY-52,LABROT & GRAHAM,WOODFORD RESERVE,30.75
P000009,22216,100.0,vendor,2013-07,30.75,30.75,30.75,20.5,395,12146.25,83,WOODFORD RESERVE BOURBON,BROWN-FORMAN CORPORATION,750,6,DSP-KY-52,LABROT & GRAHAM,WOODFORD RESERVE,30.75
P000009,22216,100.0,vendor,2013-08,30.75,30.75,30.75,20.5,769,23646.75,86,WOODFORD RESERVE BOURBON,BROWN-FORMAN CORPORATION,750,6,DSP-KY-52,LABROT & GRAHAM,WOODFORD RESERVE,30.75
P000009,22216,100.0,vendor,2013-09,30.75,30.75,30.75,20.5,497,15282.75,79,WOODFORD RESERVE BOURBON,BROWN-FORMAN CORPORATION,750,6,DSP-KY-52,LABROT & GRAHAM,WOODFORD RESERVE,30.75
P000009,22216,100.0,vendor,2013-10,30.75,30.75,30.75,20.5,1300,39975.0,97,WOODFORD RESERVE BOURBON,BROWN-FORMAN CORPORATION,750,6,DSP-KY-52,LABROT & GRAHAM,WOODFORD RESERVE,30.75
P000009,22216,100.0,vendor,2013-11,30.75,30.75,30.75,20.5,597,18357.75,86,WOODFORD RESERVE BOURBON,BROWN-FORMAN CORPORATION,750,6,DSP-KY-52,LABROT & GRAHAM,WOODFORD RESERVE,30.75
P000009,22216,100.0,vendor,2013-12,30.75,30.75,30.75,20.5,1121,34470.75,112,WOODFORD RESERVE BOURBON,BROWN-FORMAN CORPORATION,750,6,DSP-KY-52,LABROT & GRAHAM,WOODFORD RESERVE,30.75
P000009,22216,100.0,vendor,2014-01,30.75,30.75,30.75,20.5,495,15221.25,78,WOODFORD RESERVE BOURBON,BROWN-FORMAN CORPORATION,750,6,DSP-KY-52,LABROT & GRAHAM,WOODFORD RESERVE,30.75
P000009,22216,100.0,vendor,2014-02,30.75,30.75,30.75,20.5,407,12515.25,73,WOODFORD RESERVE BOURBON,BROWN-FORMAN CORPORATION,750,6,DSP-KY-52,LABROT & GRAHAM,WOODFORD RESERVE,30.75
P000009,22216,100.0,vendor,2014-03,30.75,30.75,30.75,20.5,648,19926.0,85,WOODFORD RESERVE BOURBON,BROWN-FORMAN CORPORATION,750,6,DSP-KY-52,LABROT & GRAHAM,WOODFORD RESERVE,30.75
P000009,22216,100.0,vendor,2014-04,30.75,30.75,30.75,20.5,771,23708.25,94,WOODFORD RESERVE BOURBON,BROWN-FORMAN CORPORATION,750,6,DSP-KY-52,LABROT & GRAHAM,WOODFORD RESERVE,30.75
P000009,22216,100.0,vendor,2014-05,31.53,31.53,31.53,21.02,501,15796.53,90,WOODFORD RESERVE BOURBON,BROWN-FORMAN CORPORATION,750,6,DSP-KY-52,LABROT & GRAHAM,WOODFORD RESERVE,31.53
P000009,22216,100.0,vendor,2014-06,31.53,31.53,31.53,21.02,776,24467.28,87,WOODFORD RESERVE BOURBON,BROWN-FORMAN CORPORATION,750,6,DSP-KY-52,LABROT & GRAHAM,WOODFORD RESERVE,31.53
P000009,22216,100.0,vendor,2014-07,31.53,31.53,31.53,21.02,537,16931.61,98,WOODFORD RESERVE BOURBON,BROWN-FORMAN CORPORATION,750,6,DSP-KY-52,LABROT & GRAHAM,WOODFORD RESERVE,31.53
P000009,22216,100.0,vendor,2014-08,31.53,31.53,31.53,21.02,783,24687.99,81,WOODFORD RESERVE BOURBON,BROWN-FORMAN CORPORATION,750,6,DSP-KY-52,LABROT & GRAHAM,WOODFORD RESERVE,31.53
P000009,22216,100.0,vendor,2014-09,31.53,31.53,31.53,21.02,1067,33642.51,79,WOODFORD RESERVE BOURBON,BROWN-FORMAN CORPORATION,750,6,DSP-KY-52,LABROT & GRAHAM,WOODFORD RESERVE,31.53
P000009,22216,100.0,vendor,2014-10,31.53,31.53,31.53,21.02,1651,52056.03,98,WOODFORD RESERVE BOURBON,BROWN-FORMAN CORPORATION,750,6,DSP-KY-52,LABROT & GRAHAM,WOODFORD RESERVE,31.53
P000009,22216,100.0,vendor,2014-11,31.53,31.53,31.53,21.02,962,30331.86,53,WOODFORD RESERVE BOURBON,BROWN-FORMAN CORPORATION,750,6,DSP-KY-52,LABROT & GRAHAM,WOODFORD RESERVE,31.53
P000009,22216,100.0,vendor,2014-12,31.53,31.53,31.53,21.02,2382,75104.46,163,WOODFORD RESERVE BOURBON,BROWN-FORMAN CORPORATION,750,6,DSP-KY-52,LABROT & GRAHAM,WOODFORD RESERVE,31.53
P000009,22216,100.0,vendor,2015-01,31.53,31.53,31.53,21.02,471,14850.63,86,WOODFORD RESERVE BOURBON,BROWN-FORMAN CORPORATION,750,6,DSP-KY-52,LABROT & GRAHAM,WOODFORD RESERVE,31.53
P000009,22216,100.0,vendor,2015-02,31.53,31.53,31.53,21.02,1550,48871.5,104,WOODFORD RESERVE BOURBON,BROWN-FORMAN CORPORATION,750,6,DSP-KY-52,LABROT & GRAHAM,WOODFORD RESERVE,31.53
P000009,22216,100.0,vendor,2015-03,31.53,31.53,31.53,21.02,1271,40074.63,96,WOODFORD RESERVE BOURBON,BROWN-FORMAN CORPORATION,750,6,DSP-KY-52,LABROT & GRAHAM,WOODFORD RESERVE,31.53
P000009,22216,100.0,vendor,2015-04,31.53,31.53,31.53,21.02,1311,41335.83,95,WOODFORD RESERVE BOURBON,BROWN-FORMAN CORPORATION,750,6,DSP-KY-52,LABROT & GRAHAM,WOODFORD RESERVE,31.53
P000009,22216,100.0,vendor,2015-05,31.53,31.53,31.53,21.02,686,21629.58,98,WOODFORD RESERVE BOURBON,BROWN-FORMAN CORPORATION,750,6,DSP-KY-52,LABROT & GRAHAM,WOODFORD RESERVE,31.53
P000009,22216,100.0,vendor,2015-06,31.53,31.53,31.53,21.02,1426,44961.78,103,WOODFORD RESERVE BOURBON,BROWN-FORMAN CORPORATION,750,6,DSP-KY-52,LABROT & GRAHAM,WOODFORD RESERVE,31.53
P000009,22216,100.0,vendor,2015-07,31.53,31.53,31.53,21.02,1142,36007.26,82,WOODFORD RESERVE BOURBON,BROWN-FORMAN CORPORATION,750,6,DSP-KY-52,LABROT & GRAHAM,WOODFORD RESERVE,31.53
P000009,22216,100.0,vendor,2015-08,31.53,31.53,31.53,21.02,1415,44614.95,96,WOODFORD RESERVE BOURBON,BROWN-FORMAN CORPORATION,750,6,DSP-KY-52,LABROT & GRAHAM,WOODFORD RESERVE,31.53
P000009,22216,100.0,vendor,2015-09,31.53,31.53,31.53,21.02,1326,41808.78,104,WOODFORD RESERVE BOURBON,BROWN-FORMAN CORPORATION,750,6,DSP-KY-52,LABROT & GRAHAM,WOODFORD RESERVE,31.53
P000009,22216,100.0,vendor,2015-10,31.53,31.53,31.53,21.02,2890,91121.7,104,WOODFORD RESERVE BOURBON,BROWN-FORMAN CORPORATION,750,6,DSP-KY-52,LABROT & GRAHAM,WOODFORD RESERVE,31.53
P000009,22216,100.0,vendor,2015-11,31.53,31.53,31.53,21.02,2239,70595.67,111,WOODFORD RESERVE BOURBON,BROWN-FORMAN CORPORATION,750,6,DSP-KY-52,LABROT & GRAHAM,WOODFORD RESERVE,31.53
P000009,22216,100.0,vendor,2015-12,31.53,31.53,31.53,21.02,3182,100328.46,166,WOODFORD RESERVE BOURBON,BROWN-FORMAN CORPORATION,750,6,DSP-KY-52,LABROT & GRAHAM,WOODFORD RESERVE,31.53
P000009,22216,100.0,vendor,2016-01,31.53,31.53,31.53,21.02,627,19769.31,98,WOODFORD RESERVE BOURBON,BROWN-FORMAN CORPORATION,750,6,DSP-KY-52,LABROT & GRAHAM,WOODFORD RESERVE,31.53
P000009,22216,100.0,vendor,2016-02,31.53,31.53,31.53,21.02,662,20872.86,88,WOODFORD RESERVE BOURBON,BROWN-FORMAN CORPORATION,750,6,DSP-KY-52,LABROT & GRAHAM,WOODFORD RESERVE,31.53
P000009,22216,100.0,vendor,2016-03,31.53,31.53,31.53,21.02,782,24656.46,114,WOODFORD RESERVE BOURBON,BROWN-FORMAN CORPORATION,750,6,DSP-KY-52,LABROT & GRAHAM,WOODFORD RESERVE,31.53
P000009,22216,100.0,vendor,2016-04,31.53,31.53,31.53,21.02,1051,33138.03,126,WOODFORD RESERVE BOURBON,BROWN-FORMAN CORPORATION,750,6,DSP-KY-52,LABROT & GRAHAM,WOODFORD RESERVE,31.53
P000009,22216,100.0,vendor,2016-05,32.99,32.99,32.99,21.99,1167,38499.33,152,WOODFORD RESERVE BOURBON,BROWN-FORMAN CORPORATION,750,6,DSP-KY-52,LABROT & GRAHAM,WOODFORD RESERVE,32.99
P000009,22216,100.0,vendor,2016-06,32.99,32.99,32.99,21.99,1799,59349.01,141,WOODFORD RESERVE BOURBON,BROWN-FORMAN CORPORATION,750,6,DSP-KY-52,LABROT & GRAHAM,WOODFORD RESERVE,32.99
P000009,22216,100.0,vendor,2016-07,32.99,32.99,32.99,21.99,696,22961.04,112,WOODFORD RESERVE BOURBON,BROWN-FORMAN CORPORATION,750,6,DSP-KY-52,LABROT & GRAHAM,WOODFORD RESERVE,32.99
P000009,22216,100.0,vendor,2016-08,32.99,32.99,32.99,21.99,1194,39390.06,107,WOODFORD RESERVE BOURBON,BROWN-FORMAN CORPORATION,750,6,DSP-KY-52,LABROT & GRAHAM,WOODFORD RESERVE,32.99
P000009,22216,100.0,vendor,2016-09,33.74,33.74,33.74,22.49,1208,39851.92,89,WOODFORD RESERVE BOURBON,BROWN-FORMAN CORPORATION,750,6,DSP-KY-52,LABROT & GRAHAM,WOODFORD RESERVE,33.74
P000009,22216,100.0,vendor,2016-10,33.74,33.74,33.74,22.49,2105,69443.95,120,WOODFORD RESERVE BOURBON,BROWN-FORMAN CORPORATION,750,6,DSP-KY-52,LABROT & GRAHAM,WOODFORD RESERVE,33.74
P000009,22216,100.0,vendor,2016-11,33.74,32.99,33.74,22.49,936,31208.54,114,WOODFORD RESERVE BOURBON,BROWN-FORMAN CORPORATION,750,6,DSP-KY-52,LABROT & GRAHAM,WOODFORD RESERVE,33.74
P000009,22216,100.0,vendor,2016-12,33.74,32.99,33.74,22.49,2282,75580.09,160,WOODFORD RESERVE BOURBON,BROWN-FORMAN CORPORATION,750,6,DSP-KY-52,LABROT & GRAHAM,WOODFORD RESERVE,33.74
P000009,22216,100.0,vendor,2017-01,33.74,33.74,33.74,22.49,733,24181.67,114,WOODFORD RESERVE BOURBON,BROWN-FORMAN CORPORATION,750,6,DSP-KY-52,LABROT & GRAHAM,WOODFORD RESERVE,33.74
P000009,22216,100.0,vendor,2017-02,33.74,33.74,33.74,22.49,1368,45130.32,94,WOODFORD RESERVE BOURBON,BROWN-FORMAN CORPORATION,750,6,DSP-KY-52,LABROT & GRAHAM,WOODFORD RESERVE,33.74
P000009,22216,100.0,vendor,2017-03,33.74,33.74,33.74,22.49,978,32264.22,98,WOODFORD RESERVE BOURBON,BROWN-FORMAN CORPORATION,750,6,DSP-KY-52,LABROT & GRAHAM,WOODFORD RESERVE,33.74
P000009,22216,100.0,vendor,2017-04,33.74,33.74,33.74,22.49,1415,46845.8,112,WOODFORD RESERVE BOURBON,BROWN-FORMAN CORPORATION,750,6,DSP-KY-52,LABROT & GRAHAM,WOODFORD RESERVE,33.74
P000009,22216,100.0,vendor,2017-05,33.74,33.74,33.74,22.49,963,32660.32,151,WOODFORD RESERVE BOURBON,BROWN-FORMAN CORPORATION,750,6,DSP-KY-52,LABROT & GRAHAM,WOODFORD RESERVE,33.74
P000009,22216,100.0,vendor,2017-06,33.74,33.74,33.74,22.49,1224,41466.46,112,WOODFORD RESERVE BOURBON,BROWN-FORMAN CORPORATION,750,6,DSP-KY-52,LABROT & GRAHAM,WOODFORD RESERVE,33.74
P000009,22216,100.0,vendor,2017-07,33.74,33.74,33.74,22.49,1149,38767.26,128,WOODFORD RESERVE BOURBON,BROWN-FORMAN CORPORATION,750,6,DSP-KY-52,LABROT & GRAHAM,WOODFORD RESERVE,33.74
P000009,22216,100.0,vendor,2017-08,33.74,33.74,33.74,22.49,1060,35933.1,134,WOODFORD RESERVE BOURBON,BROWN-FORMAN CORPORATION,750,6,DSP-KY-52,LABROT & GRAHAM,WOODFORD RESERVE,33.74
P000009,22216,100.0,vendor,2017-09,33.74,33.74,33.74,22.49,1529,51554.72,128,WOODFORD RESERVE BOURBON,BROWN-FORMAN CORPORATION,750,6,DSP-KY-52,LABROT & GRAHAM,WOODFORD RESERVE,33.74
P000009,22216,100.0,vendor,2017-10,33.74,33.74,33.74,22.49,2905,99094.38,148,WOODFORD RESERVE BOURBON,BROWN-FORMAN CORPORATION,750,6,DSP-KY-52,LABROT & GRAHAM,WOODFORD RESERVE,33.74
P000009,22216,100.0,vendor,2017-11,33.74,33.74,33.74,22.49,2083,70617.82,143,WOODFORD RESERVE BOURBON,BROWN-FORMAN CORPORATION,750,6,DSP-KY-52,LABROT & GRAHAM,WOODFORD RESERVE,33.74
P000009,22216,100.0,vendor,2017-12,33.74,33.74,33.74,22.49,1487,50475.04,158,WOODFORD RESERVE BOURBON,BROWN-FORMAN CORPORATION,750,6,DSP-KY-52,LABROT & GRAHAM,WOODFORD RESERVE,33.74
P000009,22216,100.0,vendor,2018-01,33.74,33.74,33.74,22.49,726,24663.94,127,WOODFORD RESERVE BOURBON,BROWN-FORMAN CORPORATION,750,6,DSP-KY-52,LABROT & GRAHAM,WOODFORD RESERVE,33.74
P000009,22216,100.0,vendor,2018-02,33.74,33.74,33.74,22.49,1530,51790.9,114,WOODFORD RESERVE BOURBON,BROWN-FORMAN CORPORATION,750,6,DSP-KY-52,LABROT & GRAHAM,WOODFORD RESERVE,33.74
P000009,22216,100.0,vendor,2018-03,33.74,33.74,33.74,22.49,1081,36472.94,113,WOODFORD RESERVE BOURBON,BROWN-FORMAN CORPORATION,750,6,DSP-KY-52,LABROT & GRAHAM,WOODFORD RESERVE,33.74
P000009,22216,100.0,vendor,2018-04,33.74,33.74,33.74,22.49,1924,64915.76,140,WOODFORD RESERVE BOURBON,BROWN-FORMAN CORPORATION,750,6,DSP-KY-52,LABROT & GRAHAM,WOODFORD RESERVE,33.74
P000009,22216,100.0,vendor,2018-05,33.74,33.74,33.74,22.49,319,10763.06,71,WOODFORD RESERVE BOURBON,BROWN-FORMAN CORPORATION,750,6,DSP-KY-52,LABROT & GRAHAM,WOODFORD RESERVE,33.74
P000009,22216,100.0,vendor,2018-06,33.74,33.74,33.74,22.49,1,33.74,1,WOODFORD RESERVE BOURBON,BROWN-FORMAN CORPORATION,750,6,DSP-KY-52,LABROT & GRAHAM,WOODFORD RESERVE,33.74
P000018,19066,100.0,vendor,2012-01,13.41,13.41,13.41,8.42,3715,49818.15,307,JIM BEAM,JIM BEAM BRANDS,750,12,DSP-KY-14,JIM BEAM,,13.41
P000018,19066,100.0,vendor,2012-02,14.16,14.16,14.16,9.44,3314,46926.24,334,JIM BEAM,JIM BEAM BRANDS,750,12,DSP-KY-14,JIM BEAM,,14.16
P000018,19066,100.0,vendor,2012-03,14.16,14.16,14.16,9.44,3346,47379.36,337,JIM BEAM,JIM BEAM BRANDS,750,12,DSP-KY-14,JIM BEAM,,14.16
P000018,19066,100.0,vendor,2012-04,14.16,14.16,14.16,9.44,3737,52915.92,336,JIM BEAM,JIM BEAM BRANDS,750,12,DSP-KY-14,JIM BEAM,,14.16
P000018,19066,100.0,vendor,2012-05,13.41,13.41,13.41,8.42,4909,65829.69,374,JIM BEAM,JIM BEAM BRANDS,750,12,DSP-KY-14,JIM BEAM,,13.41
P000018,19066,100.0,vendor,2012-06,14.16,14.16,14.16,9.44,3596,50919.36,342,JIM BEAM,JIM BEAM BRANDS,750,12,DSP-KY-14,JIM BEAM,,14.16
P000018,19066,100.0,vendor,2012-07,14.16,14.16,14.16,9.44,3600,50976.0,332,JIM BEAM,JIM BEAM BRANDS,750,12,DSP-KY-14,JIM BEAM,,14.16
P000018,19066,100.0,vendor,2012-08,14.16,14.16,14.16,9.44,5114,72414.24,432,JIM BEAM,JIM BEAM BRANDS,750,12,DSP-KY-14,JIM BEAM,,14.16
P000018,19066,100.0,vendor,2012-09,14.16,14.16,14.16,9.44,3212,45481.92,322,JIM BEAM,JIM BEAM BRANDS,750,12,DSP-KY-14,JIM BEAM,,14.16
P000018,19066,100.0,vendor,2012-10,14.16,14.16,14.16,9.44,6391,90496.56,392,JIM BEAM,JIM BEAM BRANDS,750,12,DSP-KY-14,JIM BEAM,,14.16
P000018,19066,100.0,vendor,2012-11,14.96,14.96,14.96,9.97,4355,65150.8,381,JIM BEAM,JIM BEAM BRANDS,750,12,DSP-KY-14,JIM BEAM,,14.96
P000018,19066,100.0,vendor,2012-12,14.96,14.96,14.96,9.97,5002,74829.92,434,JIM BEAM,JIM BEAM BRANDS,750,12,DSP-KY-14,JIM BEAM,,14.96
P000018,19066,100.0,vendor,2013-01,14.21,14.21,14.21,9.22,4516,64172.36,376,JIM BEAM,JIM BEAM BRANDS,750,12,DSP-KY-14,JIM BEAM,,14.21
P000018,19066,100.0,vendor,2013-02,14.96,14.96,14.96,9.97,3790,56698.4,351,JIM BEAM,JIM BEAM BRANDS,750,12,DSP-KY-14,JIM BEAM,,14.96
P000018,19066,100.0,vendor,2013-03,14.96,14.96,14.96,9.97,3743,55995.28,361,JIM BEAM,JIM BEAM BRANDS,750,12,DSP-KY-14,JIM BEAM,,14.96
P000018,19066,100.0,vendor,2013-04,14.96,14.96,14.96,9.97,4433,66317.68,393,JIM BEAM,JIM BEAM BRANDS,750,12,DSP-KY-14,JIM BEAM,,14.96
P000018,19066,100.0,vendor,2013-05,14.21,14.21,14.21,9.22,5808,82531.68,424,JIM BEAM,JIM BEAM BRANDS,750,12,DSP-KY-14,JIM BEAM,,14.21
P000018,19066,100.0,vendor,2013-06,14.96,14.96,14.96,9.97,4169,62368.24,378,JIM BEAM,JIM BEAM BRANDS,750,12,DSP-KY-14,JIM BEAM,,14.96
P000018,19066,100.0,vendor,2013-07,14.96,14.96,14.96,9.97,4855,72630.8,422,JIM BEAM,JIM BEAM BRANDS,750,12,DSP-KY-14,JIM BEAM,,14.96
P000018,19066,100.0,vendor,2013-08,14.96,14.96,14.96,9.97,4634,69324.64,400,JIM BEAM,JIM BEAM BRANDS,750,12,DSP-KY-14,JIM BEAM,,14.96
P000018,19066,100.0,vendor,2013-09,14.96,14.96,14.96,9.97,4320,64627.2,378,JIM BEAM,JIM BEAM BRANDS,750,12,DSP-KY-14,JIM BEAM,,14.96
P000018,19066,100.0,vendor,2013-10,14.96,14.96,14.96,9.97,6406,95833.76,447,JIM BEAM,JIM BEAM BRANDS,750,12,DSP-KY-14,JIM BEAM,,14.96
P000018,19066,100.0,vendor,2013-11,15.74,15.74,15.74,10.49,4122,64880.28,371,JIM BEAM,JIM BEAM BRANDS,750,12,DSP-KY-14,JIM BEAM,,15.74
P000018,19066,100.0,vendor,2013-12,15.74,15.74,15.74,10.49,5604,88206.96,451,JIM BEAM,JIM BEAM BRANDS,750,12,DSP-KY-14,JIM BEAM,,15.74
P000018,19066,100.0,vendor,2014-01,14.95,14.95,14.95,9.7,9688,144835.6,403,JIM BEAM,JIM BEAM BRANDS,750,12,DSP-KY-14,JIM BEAM,,14.95
P000018,19066,100.0,vendor,2014-02,15.74,15.74,15.74,10.49,3537,55672.38,327,JIM BEAM,JIM BEAM BRANDS,750,12,DSP-KY-14,JIM BEAM,,15.74
P000018,19066,100.0,vendor,2014-03,15.74,15.74,15.74,10.49,3908,61511.92,333,JIM BEAM,JIM BEAM BRANDS,750,12,DSP-KY-14,JIM BEAM,,15.74
P000018,19066,100.0,vendor,2014-04,15.74,15.74,15.74,10.49,3582,56380.68,343,JIM BEAM,JIM BEAM BRANDS,750,12,DSP-KY-14,JIM BEAM,,15.74
P000018,19066,100.0,vendor,2014-05,14.95,14.95,14.95,9.7,3881,58020.95,339,JIM BEAM,JIM BEAM BRANDS,750,12,DSP-KY-14,JIM BEAM,,14.95
P000018,19066,100.0,vendor,2014-06,15.74,15.74,15.74,10.49,4246,66832.04,395,JIM BEAM,JIM BEAM BRANDS,750,12,DSP-KY-14,JIM BEAM,,15.74
P000018,19066,100.0,vendor,2014-07,15.74,15.74,15.74,10.49,3363,52933.62,341,JIM BEAM,JIM BEAM BRANDS,750,12,DSP-KY-14,JIM BEAM,,15.74
P000018,19066,100.0,vendor,2014-08,15.74,15.74,15.74,10.49,3995,62881.3,384,JIM BEAM,JIM BEAM BRANDS,750,12,DSP-KY-14,JIM BEAM,,15.74
P000018,19066,100.0,vendor,2014-09,14.95,14.95,14.95,9.7,4226,63178.7,387,JIM BEAM,JIM BEAM BRANDS,750,12,DSP-KY-14,JIM BEAM,,14.95
P000018,19066,100.0,vendor,2014-10,15.74,15.74,15.74,10.49,4469,70342.06,404,JIM BEAM,JIM BEAM BRANDS,750,12,DSP-KY-14,JIM BEAM,,15.74
P000018,19066,100.0,vendor,2014-11,15.74,15.74,15.74,10.49,6029,94896.46,395,JIM BEAM,JIM BEAM BRANDS,750,12,DSP-KY-14,JIM BEAM,,15.74
P000018,19066,100.0,vendor,2014-12,15.74,15.74,15.74,10.49,6793,106921.82,464,JIM BEAM,JIM BEAM BRANDS,750,12,DSP-KY-14,JIM BEAM,,15.74
P000018,19066,100.0,vendor,2015-01,15.74,15.74,15.74,10.49,4092,64408.08,385,JIM BEAM,JIM BEAM BRANDS,750,12,DSP-KY-14,JIM BEAM,,15.74
P000018,19066,100.0,vendor,2015-02,15.74,15.74,15.74,10.49,4787,75347.38,336,JIM BEAM,JIM BEAM BRANDS,750,12,DSP-KY-14,JIM BEAM,,15.74
P000018,19066,100.0,vendor,2015-03,15.74,15.74,15.74,10.49,3932,61889.68,390,JIM BEAM,JIM BEAM BRANDS,750,12,DSP-KY-14,JIM BEAM,,15.74
P000018,19066,100.0,vendor,2015-04,15.74,15.74,15.74,10.49,4204,66170.96,371,JIM BEAM,JIM BEAM BRANDS,750,12,DSP-KY-14,JIM BEAM,,15.74
P000018,19066,100.0,vendor,2015-05,14.95,14.95,14.95,9.7,4921,73568.95,423,JIM BEAM,JIM BEAM BRANDS,750,12,DSP-KY-14,JIM BEAM,,14.95
P000018,19066,100.0,vendor,2015-06,15.74,15.74,15.74,10.49,4920,77440.8,429,JIM BEAM,JIM BEAM BRANDS,750,12,DSP-KY-14,JIM BEAM,,15.74
P000018,19066,100.0,vendor,2015-07,15.74,15.74,15.74,10.49,3554,55939.96,350,JIM BEAM,JIM BEAM BRANDS,750,12,DSP-KY-14,JIM BEAM,,15.74
P000018,19066,100.0,vendor,2015-08,15.74,15.74,15.74,10.49,4097,64486.78,390,JIM BEAM,JIM BEAM BRANDS,750,12,DSP-KY-14,JIM BEAM,,15.74
P000018,19066,100.0,vendor,2015-09,14.95,14.95,14.95,9.7,6316,94424.2,456,JIM BEAM,JIM BEAM BRANDS,750,12,DSP-KY-14,JIM BEAM,,14.95
P000018,19066,100.0,vendor,2015-10,15.74,15.74,15.74,10.49,4647,73143.78,384,JIM BEAM,JIM BEAM BRANDS,750,12,DSP-KY-14,JIM BEAM,,15.74
P000018,19066,100.0,vendor,2015-11,15.74,15.74,15.74,10.49,4937,77708.38,396,JIM BEAM,JIM BEAM BRANDS,750,12,DSP-KY-14,JIM BEAM,,15.74
P000018,19066,100.0,vendor,2015-12,15.74,15.74,15.74,10.49,6308,99287.92,510,JIM BEAM,JIM BEAM BRANDS,750,12,DSP-KY-14,JIM BEAM,,15.74
P000018,19066,100.0,vendor,2016-01,15.74,15.74,15.74,10.49,4131,65021.94,386,JIM BEAM,JIM BEAM BRANDS,750,12,DSP-KY-14,JIM BEAM,,15.74
P000018,19066,100.0,vendor,2016-02,15.74,15.74,15.74,10.49,3933,61905.42,394,JIM BEAM,JIM BEAM BRANDS,750,12,DSP-KY-14,JIM BEAM,,15.74
P000018,19066,100.0,vendor,2016-03,15.74,15.74,15.74,10.49,5698,89686.52,429,JIM BEAM,JIM BEAM BRANDS,750,12,DSP-KY-14,JIM BEAM,,15.74
P000018,19066,100.0,vendor,2016-04,15.74,15.74,15.74,10.49,3584,56412.16,377,JIM BEAM,JIM BEAM BRANDS,750,12,DSP-KY-14,JIM BEAM,,15.74
P000018,19066,100.0,vendor,2016-05,15.74,15.74,15.74,10.49,5221,82178.54,454,JIM BEAM,JIM BEAM BRANDS,750,12,DSP-KY-14,JIM BEAM,,15.74
P000018,19066,100.0,vendor,2016-06,15.74,15.74,15.74,10.49,5084,80022.16,445,JIM BEAM,JIM BEAM BRANDS,750,12,DSP-KY-14,JIM BEAM,,15.74
P000018,19066,100.0,vendor,2016-07,15.74,15.74,15.74,10.49,3985,62723.9,397,JIM BEAM,JIM BEAM BRANDS,750,12,DSP-KY-14,JIM BEAM,,15.74
P000018,19066,100.0,vendor,2016-08,15.74,15.74,15.74,10.49,4552,77928.74,441,JIM BEAM,JIM BEAM BRANDS,750,12,DSP-KY-14,JIM BEAM,,15.74
P000018,19066,100.0,vendor,2016-09,15.74,15.74,15.74,10.49,5438,85767.26,442,JIM BEAM,JIM BEAM BRANDS,750,12,DSP-KY-14,JIM BEAM,,15.74
P000018,19066,100.0,vendor,2016-10,15.74,15.74,15.74,10.49,6135,96564.9,446,JIM BEAM,JIM BEAM BRANDS,750,12,DSP-KY-14,JIM BEAM,,15.74
P000018,19066,100.0,vendor,2016-11,15.74,15.74,15.74,10.49,6594,103773.82,476,JIM BEAM,JIM BEAM BRANDS,750,12,DSP-KY-14,JIM BEAM,,15.74
P000018,19066,100.0,vendor,2016-12,15.74,15.74,15.74,10.49,7050,110967.0,504,JIM BEAM,JIM BEAM BRANDS,750,12,DSP-KY-14,JIM BEAM,,15.74
P000018,19066,100.0,vendor,2017-01,15.74,15.74,15.74,10.49,4682,73694.68,393,JIM BEAM,JIM BEAM BRANDS,750,12,DSP-KY-14,JIM BEAM,,15.74
P000018,19066,100.0,vendor,2017-02,15.74,15.74,15.74,10.49,4323,68044.02,384,JIM BEAM,JIM BEAM BRANDS,750,12,DSP-KY-14,JIM BEAM,,15.74
P000018,19066,100.0,vendor,2017-03,15.74,15.74,15.74,10.49,5307,83516.44,433,JIM BEAM,JIM BEAM BRANDS,750,12,DSP-KY-14,JIM BEAM,,15.74
P000018,19066,100.0,vendor,2017-04,15.74,15.74,15.74,10.49,3925,61748.02,422,JIM BEAM,JIM BEAM BRANDS,750,12,DSP-KY-14,JIM BEAM,,15.74
P000018,19066,100.0,vendor,2017-05,15.74,15.74,15.74,10.49,5249,82619.26,494,JIM BEAM,JIM BEAM BRANDS,750,12,DSP-KY-14,JIM BEAM,,15.74
P000018,19066,100.0,vendor,2017-06,15.74,15.74,15.74,10.49,6004,94502.96,499,JIM BEAM,JIM BEAM BRANDS,750,12,DSP-KY-14,JIM BEAM,,15.74
P000018,19066,100.0,vendor,2017-07,15.74,15.74,15.74,10.49,4117,64801.58,415,JIM BEAM,JIM BEAM BRANDS,750,12,DSP-KY-14,JIM BEAM,,15.74
P000018,19066,100.0,vendor,2017-08,15.74,15.74,15.74,10.49,6576,103506.24,527,JIM BEAM,JIM BEAM BRANDS,750,12,DSP-KY-14,JIM BEAM,,15.74
P000018,19066,100.0,vendor,2017-09,15.74,15.74,15.74,10.49,4263,67099.62,419,JIM BEAM,JIM BEAM BRANDS,750,12,DSP-KY-14,JIM BEAM,,15.74
P000018,19066,100.0,vendor,2017-10,15.74,15.74,15.74,10.49,8128,130201.28,510,JIM BEAM,JIM BEAM BRANDS,750,12,DSP-KY-14,JIM BEAM,,15.74
P000018,19066,100.0,vendor,2017-11,15.74,15.74,15.74,10.49,7733,121717.42,492,JIM BEAM,JIM BEAM BRANDS,750,12,DSP-KY-14,JIM BEAM,,15.74
P000018,19066,100.0,vendor,2017-12,15.74,15.74,15.74,10.49,6497,102184.08,536,JIM BEAM,JIM BEAM BRANDS,750,12,DSP-KY-14,JIM BEAM,,15.74
P000018,19066,100.0,vendor,2018-01,15.74,15.74,15.74,10.49,5385,84759.9,489,JIM BEAM,JIM BEAM BRANDS,750,12,DSP-KY-14,JIM BEAM,,15.74
P000018,19066,100.0,vendor,2018-02,15.74,15.74,15.74,10.49,5017,78951.84,471,JIM BEAM,JIM BEAM BRANDS,750,12,DSP-KY-14,JIM BEAM,,15.74
P000018,19066,100.0,vendor,2018-03,15.74,15.74,15.74,10.49,5613,88348.62,494,JIM BEAM,JIM BEAM BRANDS,750,12,DSP-KY-14,JIM BEAM,,15.74
P000018,19066,100.0,vendor,2018-04,15.74,15.74,15.74,10.49,4821,75819.58,428,JIM BEAM,JIM BEAM BRANDS,750,12,DSP-KY-14,JIM BEAM,,15.74
P000018,19066,100.0,vendor,2018-05,15.74,15.74,15.74,10.49,3952,62204.48,430,JIM BEAM,JIM BEAM BRANDS,750,12,DSP-KY-14,JIM BEAM,,15.74
P000018,19066,100.0,vendor,2018-06,15.74,15.74,15.74,10.49,5267,82871.1,429,JIM BEAM,JIM BEAM BRANDS,750,12,DSP-KY-14,JIM BEAM,,15.74
P000018,19066,100.0,vendor,2018-07,15.74,15.74,15.74,10.49,3407,53626.18,371,JIM BEAM,JIM BEAM BRANDS,750,12,DSP-KY-14,JIM BEAM,,15.74
P000018,19066,100.0,vendor,2018-08,15.74,15.74,15.74,10.49,5472,86129.28,483,JIM BEAM,JIM BEAM BRANDS,750,12,DSP-KY-14,JIM BEAM,,15.74
P000018,19066,100.0,vendor,2018-09,15.74,15.74,15.74,10.49,6451,101538.74,431,JIM BEAM,JIM BEAM BRANDS,750,12,DSP-KY-14,JIM BEAM,,15.74
P000018,19066,100.0,vendor,2018-10,15.75,15.75,15.75,10.5,7501,118065.74,501,JIM BEAM,JIM BEAM BRANDS,750,12,DSP-KY-14,JIM BEAM,,15.75
P000018,19066,100.0,vendor,2018-11,15.75,15.75,15.75,10.5,6012,94689.0,469,JIM BEAM,JIM BEAM BRANDS,750,12,DSP-KY-14,JIM BEAM,,15.75
P000018,19066,100.0,vendor,2018-12,15.75,15.75,15.75,10.5,7081,111525.75,548,JIM BEAM,JIM BEAM BRANDS,750,12,DSP-KY-14,JIM BEAM,,15.75
P000018,19066,100.0,vendor,2019-01,15.75,15.75,15.75,10.5,6459,101729.25,494,JIM BEAM,JIM BEAM BRANDS,750,12,DSP-KY-14,JIM BEAM,,15.75
P000018,19066,100.0,vendor,2019-02,15.75,15.75,15.75,10.5,6741,106170.75,489,JIM BEAM,JIM BEAM BRANDS,750,12,DSP-KY-14,JIM BEAM,,15.75
P000018,19066,100.0,vendor,2019-03,15.75,15.75,15.75,10.5,5314,83695.5,473,JIM BEAM,JIM BEAM BRANDS,750,12,DSP-KY-14,JIM BEAM,,15.75
P000018,19066,100.0,vendor,2019-04,15.75,15.75,15.75,10.5,5903,92972.25,504,JIM BEAM,JIM BEAM BRANDS,750,12,DSP-KY-14,JIM BEAM,,15.75
P000018,19066,100.0,vendor,2019-05,15.75,15.75,15.75,10.5,7450,117337.5,466,JIM BEAM,JIM BEAM BRANDS,750,12,DSP-KY-14,JIM BEAM,,15.75
P000018,19066,100.0,vendor,2019-06,15.75,15.75,15.75,10.5,5008,78876.0,435,JIM BEAM,JIM BEAM BRANDS,750,12,DSP-KY-14,JIM BEAM,,15.75
P000018,19066,100.0,vendor,2019-07,15.75,15.75,15.75,10.5,7898,124393.5,502,JIM BEAM,JIM BEAM BRANDS,750,12,DSP-KY-14,JIM BEAM,,15.75
P000018,19066,100.0,vendor,2019-08,15.75,15.75,15.75,10.5,4871,76718.25,442,JIM BEAM,JIM BEAM BRANDS,750,12,DSP-KY-14,JIM BEAM,,15.75
P000018,19066,100.0,vendor,2019-09,15.75,15.75,15.75,10.5,5439,85664.25,467,JIM BEAM,JIM BEAM BRANDS,750,12,DSP-KY-14,JIM BEAM,,15.75
P000018,19066,100.0,vendor,2019-10,15.75,15.75,15.75,10.5,12430,195772.5,552,JIM BEAM,JIM BEAM BRANDS,750,12,DSP-KY-14,JIM BEAM,,15.75
P000018,19066,100.0,vendor,2019-11,15.75,15.75,15.75,10.5,6663,104942.25,494,JIM BEAM,JIM BEAM BRANDS,750,12,DSP-KY-14,JIM BEAM,,15.75
P000018,19066,100.0,vendor,2019-12,15.75,15.75,15.75,10.5,8318,131008.5,536,JIM BEAM,JIM BEAM BRANDS,750,12,DSP-KY-14,JIM BEAM,,15.75
P000018,19066,100.0,vendor,2020-01,15.75,15.75,15.75,10.5,7936,124992.0,537,JIM BEAM,JIM BEAM BRANDS,750,12,DSP-KY-14,JIM BEAM,,15.75
P000018,19066,100.0,vendor,2020-02,15.75,15.75,15.75,10.5,5022,79096.5,434,JIM BEAM,JIM BEAM BRANDS,750,12,DSP-KY-14,JIM BEAM,,15.75
P000018,19066,100.0,vendor,2020-03,15.75,15.75,15.75,10.5,5789,91176.75,483,JIM BEAM,JIM BEAM BRANDS,750,12,DSP-KY-14,JIM BEAM,,15.75
P000018,19066,100.0,vendor,2020-04,15.75,15.75,15.75,10.5,8295,130646.25,593,JIM BEAM,JIM BEAM BRANDS,750,12,DSP-KY-14,JIM BEAM,,15.75
P000018,19066,100.0,vendor,2020-05,15.75,15.75,15.75,10.5,7851,123653.25,593,JIM BEAM,JIM BEAM BRANDS,750,12,DSP-KY-14,JIM BEAM,,15.75
P000018,19066,100.0,vendor,2020-06,15.75,15.75,15.75,10.5,8244,129843.0,574,JIM BEAM,JIM BEAM BRANDS,750,12,DSP-KY-14,JIM BEAM,,15.75
P000018,19066,100.0,vendor,2020-07,15.75,15.75,15.75,10.5,5359,84404.25,485,JIM BEAM,JIM BEAM BRANDS,750,12,DSP-KY-14,JIM BEAM,,15.75
P000018,19066,100.0,vendor,2020-08,15.75,15.75,15.75,10.5,7996,125937.0,568,JIM BEAM,JIM BEAM BRANDS,750,12,DSP-KY-14,JIM BEAM,,15.75
P000018,19066,100.0,vendor,2020-09,15.75,15.75,15.75,10.5,7272,114534.0,577,JIM BEAM,JIM BEAM BRANDS,750,12,DSP-KY-14,JIM BEAM,,15.75
P000018,19066,100.0,vendor,2020-10,15.75,15.75,15.75,10.5,15877,250062.75,584,JIM BEAM,JIM BEAM BRANDS,750,12,DSP-KY-14,JIM BEAM,,15.75
P000018,19066,100.0,vendor,2020-11,15.75,15.75,15.75,10.5,7689,121101.75,582,JIM BEAM,JIM BEAM BRANDS,750,12,DSP-KY-14,JIM BEAM,,15.75
P000018,19066,100.0,vendor,2020-12,15.75,15.75,15.75,10.5,9223,145262.25,601,JIM BEAM,JIM BEAM BRANDS,750,12,DSP-KY-14,JIM BEAM,,15.75
P000018,19066,100.0,vendor,2021-01,15.75,15.75,15.75,10.5,5687,89570.25,496,JIM BEAM,JIM BEAM BRANDS,750,12,DSP-KY-14,JIM BEAM,,15.75
P000018,19066,100.0,vendor,2021-02,15.75,15.75,15.75,10.5,7597,119652.75,556,JIM BEAM,JIM BEAM BRANDS,750,12,DSP-KY-14,JIM BEAM,,15.75
P000018,19066,100.0,vendor,2021-03,15.75,15.75,15.75,10.5,8676,136647.0,617,JIM BEAM,JIM BEAM BRANDS,750,12,DSP-KY-14,JIM BEAM,,15.75
P000018,19066,100.0,vendor,2021-04,15.75,15.75,15.75,10.5,6953,109509.75,590,JIM BEAM,JIM BEAM BRANDS,750,12,DSP-KY-14,JIM BEAM,,15.75
P000018,19066,100.0,vendor,2021-05,15.75,15.75,15.75,10.5,6259,98579.25,571,JIM BEAM,JIM BEAM BRANDS,750,12,DSP-KY-14,JIM BEAM,,15.75
P000018,19066,100.0,vendor,2021-06,15.75,15.75,15.75,10.5,7127,112250.25,577,JIM BEAM,JIM BEAM BRANDS,750,12,DSP-KY-14,JIM BEAM,,15.75
P000018,19066,100.0,vendor,2021-07,15.75,15.75,15.75,10.5,7185,113163.75,576,JIM BEAM,JIM BEAM BRANDS,750,12,DSP-KY-14,JIM BEAM,,15.75
P000018,19066,100.0,vendor,2021-08,15.75,15.75,15.75,10.5,8010,126157.5,613,JIM BEAM,JIM BEAM BRANDS,750,12,DSP-KY-14,JIM BEAM,,15.75
P000018,19066,100.0,vendor,2021-09,16.5,16.5,16.5,11.0,6699,105509.25,581,JIM BEAM,JIM BEAM BRANDS,750,12,DSP-KY-14,JIM BEAM,,16.5
P000018,19066,100.0,vendor,2021-10,16.5,16.5,16.5,11.0,17624,290796.0,526,JIM BEAM,JIM BEAM BRANDS,750,12,DSP-KY-14,JIM BEAM,,16.5
P000018,19066,100.0,vendor,2021-11,16.5,16.5,16.5,11.0,6368,105072.0,565,JIM BEAM,JIM BEAM BRANDS,750,12,DSP-KY-14,JIM BEAM,,16.5
P000018,19066,100.0,vendor,2021-12,16.5,16.5,16.5,11.0,8190,135135.0,659,JIM BEAM,JIM BEAM BRANDS,750,12,DSP-KY-14,JIM BEAM,,16.5
P000018,19066,100.0,vendor,2022-01,16.5,16.5,16.5,11.0,5612,92598.0,497,JIM BEAM,JIM BEAM BRANDS,750,12,DSP-KY-14,JIM BEAM,,16.5
P000018,19066,100.0,vendor,2022-02,16.5,16.5,16.5,11.0,5253,86674.5,469,JIM BEAM,JIM BEAM BRANDS,750,12,DSP-KY-14,JIM BEAM,,16.5
P000018,19066,100.0,vendor,2022-03,16.5,16.5,16.5,11.0,5140,84810.0,493,JIM BEAM,JIM BEAM BRANDS,750,12,DSP-KY-14,JIM BEAM,,16.5
P000018,19066,100.0,vendor,2022-04,16.5,16.5,16.5,11.0,6157,101590.5,561,JIM BEAM,JIM BEAM BRANDS,750,12,DSP-KY-14,JIM BEAM,,16.5
P000018,19066,100.0,vendor,2022-05,16.5,16.5,16.5,11.0,5604,92466.0,512,JIM BEAM,JIM BEAM BRANDS,750,12,DSP-KY-14,JIM BEAM,,16.5
P000018,19066,100.0,vendor,2022-06,16.5,16.5,16.5,11.0,6755,111457.5,586,JIM BEAM,JIM BEAM BRANDS,750,12,DSP-KY-14,JIM BEAM,,16.5
P000018,19066,100.0,vendor,2022-07,16.5,16.5,16.5,11.0,5943,98059.5,550,JIM BEAM,JIM BEAM BRANDS,750,12,DSP-KY-14,JIM BEAM,,16.5
P000018,19066,100.0,vendor,2022-08,16.5,16.5,16.5,11.0,6916,114114.0,572,JIM BEAM,JIM BEAM BRANDS,750,12,DSP-KY-14,JIM BEAM,,16.5
P000018,19066,100.0,vendor,2022-09,16.5,16.5,16.5,11.0,6355,104857.5,576,JIM BEAM,JIM BEAM BRANDS,750,12,DSP-KY-14,JIM BEAM,,16.5
P000018,19066,100.0,vendor,2022-10,16.5,16.5,16.5,11.0,12971,214021.5,646,JIM BEAM,JIM BEAM BRANDS,750,12,DSP-KY-14,JIM BEAM,,16.5
P000018,19066,100.0,vendor,2022-11,16.5,16.5,16.5,11.0,7729,127528.5,670,JIM BEAM,JIM BEAM BRANDS,750,12,DSP-KY-14,JIM BEAM,,16.5
P000018,19066,100.0,vendor,2022-12,16.5,16.5,16.5,11.0,7607,125515.5,647,JIM BEAM,JIM BEAM BRANDS,750,12,DSP-KY-14,JIM BEAM,,16.5
P000018,19066,100.0,vendor,2023-01,16.5,16.5,16.5,11.0,6083,100369.5,521,JIM BEAM,JIM BEAM BRANDS,750,12,DSP-KY-14,JIM BEAM,,16.5
P000018,19066,100.0,vendor,2023-02,16.5,16.5,16.5,11.0,7154,118041.0,546,JIM BEAM,JIM BEAM BRANDS,750,12,DSP-KY-14,JIM BEAM,,16.5
P000018,19066,100.0,vendor,2023-03,16.5,16.5,16.5,11.0,6481,106936.5,553,JIM BEAM,JIM BEAM BRANDS,750,12,DSP-KY-14,JIM BEAM,,16.5
P000018,19066,100.0,vendor,2023-04,16.5,16.5,16.5,11.0,6703,110599.5,578,JIM BEAM,JIM BEAM BRANDS,750,12,DSP-KY-14,JIM BEAM,,16.5
P000018,19066,100.0,vendor,2023-05,16.5,16.5,16.5,11.0,7039,116143.5,611,JIM BEAM,JIM BEAM BRANDS,750,12,DSP-KY-14,JIM BEAM,,16.5
P000018,19066,100.0,vendor,2023-06,16.5,16.5,16.5,11.0,9345,154192.5,715,JIM BEAM,JIM BEAM BRANDS,750,12,DSP-KY-14,JIM BEAM,,16.5
P000018,19066,100.0,vendor,2023-07,16.5,16.5,16.5,11.0,6586,108669.0,585,JIM BEAM,JIM BEAM BRANDS,750,12,DSP-KY-14,JIM BEAM,,16.5
P000018,19066,100.0,vendor,2023-08,16.5,16.5,16.5,11.0,7834,129261.0,611,JIM BEAM,JIM BEAM BRANDS,750,12,DSP-KY-14,JIM BEAM,,16.5
P000018,19066,100.0,vendor,2023-09,16.5,16.5,16.5,11.0,6873,113404.5,572,JIM BEAM,JIM BEAM BRANDS,750,12,DSP-KY-14,JIM BEAM,,16.5
P000018,19066,100.0,vendor,2023-10,16.5,16.5,16.5,11.0,9667,159505.5,647,JIM BEAM,JIM BEAM BRANDS,750,12,DSP-KY-14,JIM BEAM,,16.5
P000018,19066,100.0,vendor,2023-11,16.5,16.5,16.5,11.0,9202,151833.0,691,JIM BEAM,JIM BEAM BRANDS,750,12,DSP-KY-14,JIM BEAM,,16.5
P000018,19066,100.0,vendor,2023-12,16.5,16.5,16.5,11.0,8681,143236.5,694,JIM BEAM,JIM BEAM BRANDS,750,12,DSP-KY-14,JIM BEAM,,16.5
P000018,19066,100.0,vendor,2024-01,16.5,16.5,16.5,11.0,5696,93984.0,508,JIM BEAM,JIM BEAM BRANDS,750,12,DSP-KY-14,JIM BEAM,,16.5
P000018,19066,100.0,vendor,2024-02,16.5,16.5,16.5,11.0,5727,94495.5,529,JIM BEAM,JIM BEAM BRANDS,750,12,DSP-KY-14,JIM BEAM,,16.5
P000018,19066,100.0,vendor,2024-03,16.5,16.5,16.5,11.0,6851,113041.5,560,JIM BEAM,JIM BEAM BRANDS,750,12,DSP-KY-14,JIM BEAM,,16.5
P000018,19066,100.0,vendor,2024-04,16.5,16.5,16.5,11.0,8843,145909.5,630,JIM BEAM,JIM BEAM BRANDS,750,12,DSP-KY-14,JIM BEAM,,16.5
P000018,19066,100.0,vendor,2024-05,16.5,16.5,16.5,11.0,7450,122925.0,601,JIM BEAM,JIM BEAM BRANDS,750,12,DSP-KY-14,JIM BEAM,,16.5
P000018,19066,100.0,vendor,2024-06,16.5,16.5,16.5,11.0,7543,124459.5,612,JIM BEAM,JIM BEAM BRANDS,750,12,DSP-KY-14,JIM BEAM,,16.5
P000018,19066,100.0,vendor,2024-07,16.5,16.5,16.5,11.0,6138,101277.0,564,JIM BEAM,JIM BEAM BRANDS,750,12,DSP-KY-14,JIM BEAM,,16.5
P000018,19066,100.0,vendor,2024-08,16.5,16.5,16.5,11.0,6737,111160.5,583,JIM BEAM,JIM BEAM BRANDS,750,12,DSP-KY-14,JIM BEAM,,16.5
P000018,19066,100.0,vendor,2024-09,16.5,16.5,16.5,11.0,7717,127330.5,575,JIM BEAM,JIM BEAM BRANDS,750,12,DSP-KY-14,JIM BEAM,,16.5
P000018,19066,100.0,vendor,2024-10,16.5,16.5,16.5,11.0,8336,137544.0,593,JIM BEAM,JIM BEAM BRANDS,750,12,DSP-KY-14,JIM BEAM,,16.5
P000018,19066,100.0,vendor,2024-11,16.5,16.5,16.5,11.0,7817,128980.5,649,JIM BEAM,JIM BEAM BRANDS,750,12,DSP-KY-14,JIM BEAM,,16.5
P000018,19066,100.0,vendor,2024-12,17.25,17.25,17.25,11.5,8195,135217.5,677,JIM BEAM,JIM BEAM BRANDS,750,12,DSP-KY-14,JIM BEAM,,17.25
P000018,19066,100.0,vendor,2025-01,17.25,17.25,17.25,11.5,6312,108882.0,559,JIM BEAM,JIM BEAM BRANDS,750,12,DSP-KY-14,JIM BEAM,,17.25
P000018,19066,100.0,vendor,2025-02,17.25,17.25,17.25,11.5,6059,104517.75,556,JIM BEAM,JIM BEAM BRANDS,750,12,DSP-KY-14,JIM BEAM,,17.25
P000018,19066,100.0,vendor,2025-03,17.25,17.25,17.25,11.5,5702,98359.5,523,JIM BEAM,JIM BEAM BRANDS,750,12,DSP-KY-14,JIM BEAM,,17.25
P000018,19066,100.0,vendor,2025-04,17.25,17.25,17.25,11.5,7123,122871.75,561,JIM BEAM,JIM BEAM BRANDS,750,12,DSP-KY-14,JIM BEAM,,17.25
P000018,19066,100.0,vendor,2025-05,17.25,17.25,17.25,11.5,6432,110952.0,597,JIM BEAM,JIM BEAM BRANDS,750,12,DSP-KY-14,JIM BEAM,,17.25
P000018,19066,100.0,vendor,2025-06,17.25,17.25,17.25,11.5,6487,111900.75,582,JIM BEAM,JIM BEAM BRANDS,750,12,DSP-KY-14,JIM BEAM,,17.25
P000018,19066,100.0,vendor,2025-07,17.25,17.25,17.25,11.5,5912,101982.0,517,JIM BEAM,JIM BEAM BRANDS,750,12,DSP-KY-14,JIM BEAM,,17.25
P000018,19066,100.0,vendor,2025-08,17.25,17.25,17.25,11.5,5925,102206.25,559,JIM BEAM,JIM BEAM BRANDS,750,12,DSP-KY-14,JIM BEAM,,17.25
P000018,19066,100.0,vendor,2025-09,17.25,17.25,17.25,11.5,6603,113901.75,578,JIM BEAM,JIM BEAM BRANDS,750,12,DSP-KY-14,JIM BEAM,,17.25
P000018,19066,100.0,vendor,2025-10,17.25,17.25,17.25,11.5,7432,128202.0,558,JIM BEAM,JIM BEAM BRANDS,750,12,DSP-KY-14,JIM BEAM,,17.25
P000018,19066,100.0,vendor,2025-11,17.25,17.25,17.25,11.5,6198,106915.5,560,JIM BEAM,JIM BEAM BRANDS,750,12,DSP-KY-14,JIM BEAM,,17.25
P000018,19066,100.0,vendor,2025-12,17.25,17.25,17.25,11.5,7424,128064.0,610,JIM BEAM,JIM BEAM BRANDS,750,12,DSP-KY-14,JIM BEAM,,17.25
P000018,19066,100.0,vendor,2026-01,17.25,17.25,17.25,11.5,6272,108192.0,517,JIM BEAM,JIM BEAM BRANDS,750,12,DSP-KY-14,JIM BEAM,,17.25
P000018,19066,100.0,vendor,2026-02,17.25,17.25,17.25,11.5,4822,83179.5,478,JIM BEAM,JIM BEAM BRANDS,750,12,DSP-KY-14,JIM BEAM,,17.25
P000018,19066,100.0,vendor,2026-03,17.25,17.25,17.25,11.5,6418,110710.5,553,JIM BEAM,JIM BEAM BRANDS,750,12,DSP-KY-14,JIM BEAM,,17.25
P000018,19066,100.0,vendor,2026-04,17.25,17.25,17.25,11.5,5601,96617.25,507,JIM BEAM,JIM BEAM BRANDS,750,12,DSP-KY-14,JIM BEAM,,17.25
P000018,19096,100.0,vendor,2012-01,13.41,13.41,13.41,8.42,948,12712.68,84,JIM BEAM PET,JIM BEAM BRANDS,750,12,DSP-KY-14,JIM BEAM,,13.41
P000018,19096,100.0,vendor,2012-02,14.16,14.16,14.16,9.44,585,8283.6,70,JIM BEAM PET,JIM BEAM BRANDS,750,12,DSP-KY-14,JIM BEAM,,14.16
P000018,19096,100.0,vendor,2012-03,14.16,14.16,14.16,9.44,721,10209.36,78,JIM BEAM PET,JIM BEAM BRANDS,750,12,DSP-KY-14,JIM BEAM,,14.16
P000018,19096,100.0,vendor,2012-04,14.16,14.16,14.16,9.44,679,9614.64,70,JIM BEAM PET,JIM BEAM BRANDS,750,12,DSP-KY-14,JIM BEAM,,14.16
P000018,19096,100.0,vendor,2012-05,13.41,13.41,13.41,8.42,1082,14509.62,94,JIM BEAM PET,JIM BEAM BRANDS,750,12,DSP-KY-14,JIM BEAM,,13.41
P000018,19096,100.0,vendor,2012-06,14.16,14.16,14.16,9.44,685,9699.6,69,JIM BEAM PET,JIM BEAM BRANDS,750,12,DSP-KY-14,JIM BEAM,,14.16
P000018,19096,100.0,vendor,2012-07,14.16,14.16,14.16,9.44,700,9912.0,75,JIM BEAM PET,JIM BEAM BRANDS,750,12,DSP-KY-14,JIM BEAM,,14.16
P000018,19096,100.0,vendor,2012-08,14.16,14.16,14.16,9.44,876,12404.16,86,JIM BEAM PET,JIM BEAM BRANDS,750,12,DSP-KY-14,JIM BEAM,,14.16
P000018,19096,100.0,vendor,2012-09,14.16,14.16,14.16,9.44,738,10450.08,83,JIM BEAM PET,JIM BEAM BRANDS,750,12,DSP-KY-14,JIM BEAM,,14.16
P000018,19096,100.0,vendor,2012-10,14.16,14.16,14.16,9.44,1246,17643.36,96,JIM BEAM PET,JIM BEAM BRANDS,750,12,DSP-KY-14,JIM BEAM,,14.16
P000018,19096,100.0,vendor,2012-11,14.96,14.96,14.96,9.97,669,10008.24,74,JIM BEAM PET,JIM BEAM BRANDS,750,12,DSP-KY-14,JIM BEAM,,14.96
P000018,19096,100.0,vendor,2012-12,14.96,14.96,14.96,9.97,737,11025.52,80,JIM BEAM PET,JIM BEAM BRANDS,750,12,DSP-KY-14,JIM BEAM,,14.96
P000018,19096,100.0,vendor,2013-01,14.21,14.21,14.21,9.22,815,11581.15,81,JIM BEAM PET,JIM BEAM BRANDS,750,12,DSP-KY-14,JIM BEAM,,14.21
P000018,19096,100.0,vendor,2013-02,14.96,14.96,14.96,9.97,533,7973.68,65,JIM BEAM PET,JIM BEAM BRANDS,750,12,DSP-KY-14,JIM BEAM,,14.96
P000018,19096,100.0,vendor,2013-03,14.96,14.96,14.96,9.97,470,7031.2,55,JIM BEAM PET,JIM BEAM BRANDS,750,12,DSP-KY-14,JIM BEAM,,14.96
P000018,19096,100.0,vendor,2013-04,14.96,14.96,14.96,9.97,536,8018.56,67,JIM BEAM PET,JIM BEAM BRANDS,750,12,DSP-KY-14,JIM BEAM,,14.96
P000018,19096,100.0,vendor,2013-05,14.21,14.21,14.21,9.22,805,11439.05,83,JIM BEAM PET,JIM BEAM BRANDS,750,12,DSP-KY-14,JIM BEAM,,14.21
P000018,19096,100.0,vendor,2013-06,14.96,14.96,14.96,9.97,562,8407.52,62,JIM BEAM PET,JIM BEAM BRANDS,750,12,DSP-KY-14,JIM BEAM,,14.96
P000018,19096,100.0,vendor,2013-07,14.96,14.96,14.96,9.97,702,10501.92,78,JIM BEAM PET,JIM BEAM BRANDS,750,12,DSP-KY-14,JIM BEAM,,14.96
P000018,19096,100.0,vendor,2013-08,14.96,14.96,14.96,9.97,644,9634.24,77,JIM BEAM PET,JIM BEAM BRANDS,750,12,DSP-KY-14,JIM BEAM,,14.96
P000018,19096,100.0,vendor,2013-09,14.96,14.96,14.96,9.97,553,8272.88,67,JIM BEAM PET,JIM BEAM BRANDS,750,12,DSP-KY-14,JIM BEAM,,14.96
P000018,19096,100.0,vendor,2013-10,14.96,14.96,14.96,9.97,978,14630.88,91,JIM BEAM PET,JIM BEAM BRANDS,750,12,DSP-KY-14,JIM BEAM,,14.96
P000018,19096,100.0,vendor,2013-11,15.74,15.74,15.74,10.49,515,8106.1,60,JIM BEAM PET,JIM BEAM BRANDS,750,12,DSP-KY-14,JIM BEAM,,15.74
P000018,19096,100.0,vendor,2013-12,15.74,15.74,15.74,10.49,732,11521.68,80,JIM BEAM PET,JIM BEAM BRANDS,750,12,DSP-KY-14,JIM BEAM,,15.74
P000018,19096,100.0,vendor,2014-01,14.95,14.95,14.95,9.7,758,11332.1,64,JIM BEAM PET,JIM BEAM BRANDS,750,12,DSP-KY-14,JIM BEAM,,14.95
P000018,19096,100.0,vendor,2014-02,15.74,15.74,15.74,10.49,407,6406.18,45,JIM BEAM PET,JIM BEAM BRANDS,750,12,DSP-KY-14,JIM BEAM,,15.74
P000018,19096,100.0,vendor,2014-03,15.74,15.74,15.74,10.49,713,11222.62,65,JIM BEAM PET,JIM BEAM BRANDS,750,12,DSP-KY-14,JIM BEAM,,15.74
P000018,19096,100.0,vendor,2014-04,15.74,15.74,15.74,10.49,446,7020.04,54,JIM BEAM PET,JIM BEAM BRANDS,750,12,DSP-KY-14,JIM BEAM,,15.74
P000018,19096,100.0,vendor,2014-05,14.95,14.95,14.95,9.7,797,11915.15,71,JIM BEAM PET,JIM BEAM BRANDS,750,12,DSP-KY-14,JIM BEAM,,14.95
P000018,19096,100.0,vendor,2014-06,15.74,15.74,15.74,10.49,661,10404.14,66,JIM BEAM PET,JIM BEAM BRANDS,750,12,DSP-KY-14,JIM BEAM,,15.74
P000018,19096,100.0,vendor,2014-07,15.74,15.74,15.74,10.49,647,10183.78,65,JIM BEAM PET,JIM BEAM BRANDS,750,12,DSP-KY-14,JIM BEAM,,15.74
P000018,19096,100.0,vendor,2014-08,15.74,15.74,15.74,10.49,621,9774.54,69,JIM BEAM PET,JIM BEAM BRANDS,750,12,DSP-KY-14,JIM BEAM,,15.74
P000018,19096,100.0,vendor,2014-09,14.95,14.95,14.95,9.7,793,11855.35,71,JIM BEAM PET,JIM BEAM BRANDS,750,12,DSP-KY-14,JIM BEAM,,14.95
P000018,19096,100.0,vendor,2014-10,15.74,15.74,15.74,10.49,736,11584.64,65,JIM BEAM PET,JIM BEAM BRANDS,750,12,DSP-KY-14,JIM BEAM,,15.74
P000018,19096,100.0,vendor,2014-11,15.74,15.74,15.74,10.49,1102,17345.48,66,JIM BEAM PET,JIM BEAM BRANDS,750,12,DSP-KY-14,JIM BEAM,,15.74
P000018,19096,100.0,vendor,2014-12,15.74,15.74,15.74,10.49,743,11694.82,74,JIM BEAM PET,JIM BEAM BRANDS,750,12,DSP-KY-14,JIM BEAM,,15.74
P000018,19096,100.0,vendor,2015-01,15.74,15.74,15.74,10.49,595,9365.3,55,JIM BEAM PET,JIM BEAM BRANDS,750,12,DSP-KY-14,JIM BEAM,,15.74
P000018,19096,100.0,vendor,2015-02,15.74,15.74,15.74,10.49,732,11521.68,63,JIM BEAM PET,JIM BEAM BRANDS,750,12,DSP-KY-14,JIM BEAM,,15.74
P000018,19096,100.0,vendor,2015-03,15.74,15.74,15.74,10.49,661,10404.14,64,JIM BEAM PET,JIM BEAM BRANDS,750,12,DSP-KY-14,JIM BEAM,,15.74
P000018,19096,100.0,vendor,2015-04,15.74,15.74,15.74,10.49,592,9318.08,65,JIM BEAM PET,JIM BEAM BRANDS,750,12,DSP-KY-14,JIM BEAM,,15.74
P000018,19096,100.0,vendor,2015-05,14.95,14.95,14.95,9.7,872,13036.4,78,JIM BEAM PET,JIM BEAM BRANDS,750,12,DSP-KY-14,JIM BEAM,,14.95
P000018,19096,100.0,vendor,2015-06,15.74,15.74,15.74,10.49,935,14716.9,75,JIM BEAM PET,JIM BEAM BRANDS,750,12,DSP-KY-14,JIM BEAM,,15.74
P000018,19096,100.0,vendor,2015-07,15.74,15.74,15.74,10.49,622,9790.28,64,JIM BEAM PET,JIM BEAM BRANDS,750,12,DSP-KY-14,JIM BEAM,,15.74
P000018,19096,100.0,vendor,2015-08,15.74,15.74,15.74,10.49,674,10608.76,69,JIM BEAM PET,JIM BEAM BRANDS,750,12,DSP-KY-14,JIM BEAM,,15.74
P000018,19096,100.0,vendor,2015-09,14.95,14.95,14.95,9.7,1067,15951.65,80,JIM BEAM PET,JIM BEAM BRANDS,750,12,DSP-KY-14,JIM BEAM,,14.95
P000018,19096,100.0,vendor,2015-10,15.74,15.74,15.74,10.49,801,12607.74,63,JIM BEAM PET,JIM BEAM BRANDS,750,12,DSP-KY-14,JIM BEAM,,15.74
P000018,19096,100.0,vendor,2015-11,15.74,15.74,15.74,10.49,658,10356.92,70,JIM BEAM PET,JIM BEAM BRANDS,750,12,DSP-KY-14,JIM BEAM,,15.74
P000018,19096,100.0,vendor,2015-12,15.74,15.74,15.74,10.49,1250,19675.0,91,JIM BEAM PET,JIM BEAM BRANDS,750,12,DSP-KY-14,JIM BEAM,,15.74
P000018,19096,100.0,vendor,2016-01,15.74,15.74,15.74,10.49,647,10183.78,67,JIM BEAM PET,JIM BEAM BRANDS,750,12,DSP-KY-14,JIM BEAM,,15.74
P000018,19096,100.0,vendor,2016-02,15.74,15.74,15.74,10.49,727,11442.98,73,JIM BEAM PET,JIM BEAM BRANDS,750,12,DSP-KY-14,JIM BEAM,,15.74
P000018,19096,100.0,vendor,2016-03,15.74,15.74,15.74,10.49,829,13048.46,72,JIM BEAM PET,JIM BEAM BRANDS,750,12,DSP-KY-14,JIM BEAM,,15.74
P000018,19096,100.0,vendor,2016-04,15.74,15.74,15.74,10.49,690,10860.6,68,JIM BEAM PET,JIM BEAM BRANDS,750,12,DSP-KY-14,JIM BEAM,,15.74
P000018,19096,100.0,vendor,2016-05,15.74,15.74,15.74,10.49,907,14276.18,86,JIM BEAM PET,JIM BEAM BRANDS,750,12,DSP-KY-14,JIM BEAM,,15.74
P000018,19096,100.0,vendor,2016-06,15.74,15.74,15.74,10.49,1075,16920.5,90,JIM BEAM PET,JIM BEAM BRANDS,750,12,DSP-KY-14,JIM BEAM,,15.74
P000018,19096,100.0,vendor,2016-07,15.74,15.74,15.74,10.49,712,11206.88,76,JIM BEAM PET,JIM BEAM BRANDS,750,12,DSP-KY-14,JIM BEAM,,15.74
P000018,19096,100.0,vendor,2016-08,15.74,15.74,15.74,10.49,788,13977.12,86,JIM BEAM PET,JIM BEAM BRANDS,750,12,DSP-KY-14,JIM BEAM,,15.74
P000018,19096,100.0,vendor,2016-09,15.74,15.74,15.74,10.49,881,13866.94,76,JIM BEAM PET,JIM BEAM BRANDS,750,12,DSP-KY-14,JIM BEAM,,15.74
P000018,19096,100.0,vendor,2016-10,15.74,15.74,15.74,10.49,695,10939.3,64,JIM BEAM PET,JIM BEAM BRANDS,750,12,DSP-KY-14,JIM BEAM,,15.74
P000018,19096,100.0,vendor,2016-11,15.74,15.74,15.74,10.49,1377,21673.98,83,JIM BEAM PET,JIM BEAM BRANDS,750,12,DSP-KY-14,JIM BEAM,,15.74
P000018,19096,100.0,vendor,2016-12,15.74,15.74,15.74,10.49,915,14402.1,80,JIM BEAM PET,JIM BEAM BRANDS,750,12,DSP-KY-14,JIM BEAM,,15.74
P000018,19096,100.0,vendor,2017-01,15.74,15.74,15.74,10.49,687,10813.38,67,JIM BEAM PET,JIM BEAM BRANDS,750,12,DSP-KY-14,JIM BEAM,,15.74
P000018,19096,100.0,vendor,2017-02,15.74,15.74,15.74,10.49,580,9129.2,55,JIM BEAM PET,JIM BEAM BRANDS,750,12,DSP-KY-14,JIM BEAM,,15.74
P000018,19096,100.0,vendor,2017-03,15.74,15.74,15.74,10.49,1098,17282.52,78,JIM BEAM PET,JIM BEAM BRANDS,750,12,DSP-KY-14,JIM BEAM,,15.74
P000018,19096,100.0,vendor,2017-04,15.74,15.74,15.74,10.49,552,8688.48,68,JIM BEAM PET,JIM BEAM BRANDS,750,12,DSP-KY-14,JIM BEAM,,15.74
P000018,19096,100.0,vendor,2017-05,15.74,15.74,15.74,10.49,816,12843.84,75,JIM BEAM PET,JIM BEAM BRANDS,750,12,DSP-KY-14,JIM BEAM,,15.74
P000018,19096,100.0,vendor,2017-06,15.74,15.74,15.74,10.49,764,12025.36,71,JIM BEAM PET,JIM BEAM BRANDS,750,12,DSP-KY-14,JIM BEAM,,15.74
P000018,19096,100.0,vendor,2017-07,15.74,15.74,15.74,10.49,684,10766.16,71,JIM BEAM PET,JIM BEAM BRANDS,750,12,DSP-KY-14,JIM BEAM,,15.74
P000018,19096,100.0,vendor,2017-08,15.74,15.74,15.74,10.49,874,13756.76,81,JIM BEAM PET,JIM BEAM BRANDS,750,12,DSP-KY-14,JIM BEAM,,15.74
P000018,19096,100.0,vendor,2017-09,15.74,15.74,15.74,10.49,660,10388.4,60,JIM BEAM PET,JIM BEAM BRANDS,750,12,DSP-KY-14,JIM BEAM,,15.74
P000018,19096,100.0,vendor,2017-10,15.74,15.74,15.74,10.49,1448,23169.28,83,JIM BEAM PET,JIM BEAM BRANDS,750,12,DSP-KY-14,JIM BEAM,,15.74
P000018,19096,100.0,vendor,2017-11,15.74,15.74,15.74,10.49,988,15551.12,64,JIM BEAM PET,JIM BEAM BRANDS,750,12,DSP-KY-14,JIM BEAM,,15.74
P000018,19096,100.0,vendor,2017-12,15.74,15.74,15.74,10.49,736,11568.9,76,JIM BEAM PET,JIM BEAM BRANDS,750,12,DSP-KY-14,JIM BEAM,,15.74
P000018,19096,100.0,vendor,2018-01,15.74,15.74,15.74,10.49,630,9916.2,67,JIM BEAM PET,JIM BEAM BRANDS,750,12,DSP-KY-14,JIM BEAM,,15.74
P000018,19096,100.0,vendor,2018-02,15.74,15.74,15.74,10.49,649,10215.26,70,JIM BEAM PET,JIM BEAM BRANDS,750,12,DSP-KY-14,JIM BEAM,,15.74
P000018,19096,100.0,vendor,2018-03,15.74,15.74,15.74,10.49,680,10703.2,68,JIM BEAM PET,JIM BEAM BRANDS,750,12,DSP-KY-14,JIM BEAM,,15.74
P000018,19096,100.0,vendor,2018-04,15.74,15.74,15.74,10.49,816,12843.84,71,JIM BEAM PET,JIM BEAM BRANDS,750,12,DSP-KY-14,JIM BEAM,,15.74
P000018,19096,100.0,vendor,2018-05,15.74,15.74,15.74,10.49,775,12198.5,70,JIM BEAM PET,JIM BEAM BRANDS,750,12,DSP-KY-14,JIM BEAM,,15.74
P000018,19096,100.0,vendor,2018-06,15.74,15.74,15.74,10.49,1121,17644.54,80,JIM BEAM PET,JIM BEAM BRANDS,750,12,DSP-KY-14,JIM BEAM,,15.74
P000018,19096,100.0,vendor,2018-07,15.74,15.74,15.74,10.49,567,8924.58,66,JIM BEAM PET,JIM BEAM BRANDS,750,12,DSP-KY-14,JIM BEAM,,15.74
P000018,19096,100.0,vendor,2018-08,15.74,15.74,15.74,10.49,747,11757.78,67,JIM BEAM PET,JIM BEAM BRANDS,750,12,DSP-KY-14,JIM BEAM,,15.74
P000018,19096,100.0,vendor,2018-09,15.74,15.74,15.74,10.49,761,11978.14,61,JIM BEAM PET,JIM BEAM BRANDS,750,12,DSP-KY-14,JIM BEAM,,15.74
P000018,19096,100.0,vendor,2018-10,15.75,15.75,15.75,10.5,913,14370.62,76,JIM BEAM PET,JIM BEAM BRANDS,750,12,DSP-KY-14,JIM BEAM,,15.75
P000018,19096,100.0,vendor,2018-11,15.75,15.75,15.75,10.5,803,12647.25,78,JIM BEAM PET,JIM BEAM BRANDS,750,12,DSP-KY-14,JIM BEAM,,15.75
P000018,19096,100.0,vendor,2018-12,15.75,15.75,15.75,10.5,1122,17671.5,78,JIM BEAM PET,JIM BEAM BRANDS,750,12,DSP-KY-14,JIM BEAM,,15.75
P000018,19096,100.0,vendor,2019-01,15.75,15.75,15.75,10.5,820,12915.0,79,JIM BEAM PET,JIM BEAM BRANDS,750,12,DSP-KY-14,JIM BEAM,,15.75
P000018,19096,100.0,vendor,2019-02,15.75,15.75,15.75,10.5,811,12773.25,65,JIM BEAM PET,JIM BEAM BRANDS,750,12,DSP-KY-14,JIM BEAM,,15.75
P000018,19096,100.0,vendor,2019-03,15.75,15.75,15.75,10.5,619,9749.25,59,JIM BEAM PET,JIM BEAM BRANDS,750,12,DSP-KY-14,JIM BEAM,,15.75
P000018,19096,100.0,vendor,2019-04,15.75,15.75,15.75,10.5,944,14868.0,75,JIM BEAM PET,JIM BEAM BRANDS,750,12,DSP-KY-14,JIM BEAM,,15.75
P000018,19096,100.0,vendor,2019-05,15.75,15.75,15.75,10.5,1097,17277.75,87,JIM BEAM PET,JIM BEAM BRANDS,750,12,DSP-KY-14,JIM BEAM,,15.75
P000018,19096,100.0,vendor,2019-06,15.75,15.75,15.75,10.5,815,12836.25,76,JIM BEAM PET,JIM BEAM BRANDS,750,12,DSP-KY-14,JIM BEAM,,15.75
P000018,19096,100.0,vendor,2019-07,15.75,15.75,15.75,10.5,1102,17356.5,84,JIM BEAM PET,JIM BEAM BRANDS,750,12,DSP-KY-14,JIM BEAM,,15.75
P000018,19096,100.0,vendor,2019-08,15.75,15.75,15.75,10.5,865,13623.75,75,JIM BEAM PET,JIM BEAM BRANDS,750,12,DSP-KY-14,JIM BEAM,,15.75
P000018,19096,100.0,vendor,2019-09,15.75,15.75,15.75,10.5,854,13450.5,72,JIM BEAM PET,JIM BEAM BRANDS,750,12,DSP-KY-14,JIM BEAM,,15.75
P000018,19096,100.0,vendor,2019-10,15.75,15.75,15.75,10.5,1848,29106.0,85,JIM BEAM PET,JIM BEAM BRANDS,750,12,DSP-KY-14,JIM BEAM,,15.75
P000018,19096,100.0,vendor,2019-11,15.75,15.75,15.75,10.5,1124,17703.0,88,JIM BEAM PET,JIM BEAM BRANDS,750,12,DSP-KY-14,JIM BEAM,,15.75
P000018,19096,100.0,vendor,2019-12,15.75,15.75,15.75,10.5,1247,19640.25,88,JIM BEAM PET,JIM BEAM BRANDS,750,12,DSP-KY-14,JIM BEAM,,15.75
P000018,19096,100.0,vendor,2020-01,15.75,15.75,15.75,10.5,949,14946.75,86,JIM BEAM PET,JIM BEAM BRANDS,750,12,DSP-KY-14,JIM BEAM,,15.75
P000018,19096,100.0,vendor,2020-02,15.75,15.75,15.75,10.5,708,11151.0,70,JIM BEAM PET,JIM BEAM BRANDS,750,12,DSP-KY-14,JIM BEAM,,15.75
P000018,19096,100.0,vendor,2020-03,15.75,15.75,15.75,10.5,917,14442.75,76,JIM BEAM PET,JIM BEAM BRANDS,750,12,DSP-KY-14,JIM BEAM,,15.75
P000018,19096,100.0,vendor,2020-04,15.75,15.75,15.75,10.5,1025,16143.75,75,JIM BEAM PET,JIM BEAM BRANDS,750,12,DSP-KY-14,JIM BEAM,,15.75
P000018,19096,100.0,vendor,2020-05,15.75,15.75,15.75,10.5,1075,16931.25,91,JIM BEAM PET,JIM BEAM BRANDS,750,12,DSP-KY-14,JIM BEAM,,15.75
P000018,19096,100.0,vendor,2020-06,15.75,15.75,15.75,10.5,1288,20286.0,94,JIM BEAM PET,JIM BEAM BRANDS,750,12,DSP-KY-14,JIM BEAM,,15.75
P000018,19096,100.0,vendor,2020-07,15.75,15.75,15.75,10.5,655,10316.25,63,JIM BEAM PET,JIM BEAM BRANDS,750,12,DSP-KY-14,JIM BEAM,,15.75
P000018,19096,100.0,vendor,2020-08,15.75,15.75,15.75,10.5,1156,18207.0,89,JIM BEAM PET,JIM BEAM BRANDS,750,12,DSP-KY-14,JIM BEAM,,15.75
P000018,19096,100.0,vendor,2020-09,15.75,15.75,15.75,10.5,882,13891.5,79,JIM BEAM PET,JIM BEAM BRANDS,750,12,DSP-KY-14,JIM BEAM,,15.75
P000018,19096,100.0,vendor,2020-10,15.75,15.75,15.75,10.5,1906,30019.5,81,JIM BEAM PET,JIM BEAM BRANDS,750,12,DSP-KY-14,JIM BEAM,,15.75
P000018,19096,100.0,vendor,2020-11,15.75,15.75,15.75,10.5,842,13261.5,79,JIM BEAM PET,JIM BEAM BRANDS,750,12,DSP-KY-14,JIM BEAM,,15.75
P000018,19096,100.0,vendor,2020-12,15.75,15.75,15.75,10.5,1525,24018.75,108,JIM BEAM PET,JIM BEAM BRANDS,750,12,DSP-KY-14,JIM BEAM,,15.75
P000018,19096,100.0,vendor,2021-01,15.75,15.75,15.75,10.5,899,14159.25,71,JIM BEAM PET,JIM BEAM BRANDS,750,12,DSP-KY-14,JIM BEAM,,15.75
P000018,19096,100.0,vendor,2021-02,15.75,15.75,15.75,10.5,827,13025.25,65,JIM BEAM PET,JIM BEAM BRANDS,750,12,DSP-KY-14,JIM BEAM,,15.75
P000018,19096,100.0,vendor,2021-03,15.75,15.75,15.75,10.5,1036,16317.0,79,JIM BEAM PET,JIM BEAM BRANDS,750,12,DSP-KY-14,JIM BEAM,,15.75
P000018,19096,100.0,vendor,2021-04,15.75,15.75,15.75,10.5,987,15545.25,82,JIM BEAM PET,JIM BEAM BRANDS,750,12,DSP-KY-14,JIM BEAM,,15.75
P000018,19096,100.0,vendor,2021-05,15.75,15.75,15.75,10.5,943,14852.25,75,JIM BEAM PET,JIM BEAM BRANDS,750,12,DSP-KY-14,JIM BEAM,,15.75
P000018,19096,100.0,vendor,2021-06,15.75,15.75,15.75,10.5,1256,19782.0,96,JIM BEAM PET,JIM BEAM BRANDS,750,12,DSP-KY-14,JIM BEAM,,15.75
P000018,19096,100.0,vendor,2021-07,15.75,15.75,15.75,10.5,1118,17608.5,81,JIM BEAM PET,JIM BEAM BRANDS,750,12,DSP-KY-14,JIM BEAM,,15.75
P000018,19096,100.0,vendor,2021-08,15.75,15.75,15.75,10.5,1315,20711.25,94,JIM BEAM PET,JIM BEAM BRANDS,750,12,DSP-KY-14,JIM BEAM,,15.75
P000018,19096,100.0,vendor,2021-09,16.5,16.5,16.5,11.0,1159,18254.25,94,JIM BEAM PET,JIM BEAM BRANDS,750,12,DSP-KY-14,JIM BEAM,,16.5
P000018,19096,100.0,vendor,2021-10,16.5,16.5,16.5,11.0,4934,81411.0,119,JIM BEAM PET,JIM BEAM BRANDS,750,12,DSP-KY-14,JIM BEAM,,16.5
P000018,19096,100.0,vendor,2021-11,16.5,16.5,16.5,11.0,746,12309.0,69,JIM BEAM PET,JIM BEAM BRANDS,750,12,DSP-KY-14,JIM BEAM,,16.5
P000018,19096,100.0,vendor,2021-12,16.5,16.5,16.5,11.0,1039,17143.5,77,JIM BEAM PET,JIM BEAM BRANDS,750,12,DSP-KY-14,JIM BEAM,,16.5
P000018,19096,100.0,vendor,2022-01,16.5,16.5,16.5,11.0,819,13513.5,65,JIM BEAM PET,JIM BEAM BRANDS,750,12,DSP-KY-14,JIM BEAM,,16.5
P000018,19096,100.0,vendor,2022-02,16.5,16.5,16.5,11.0,844,13926.0,76,JIM BEAM PET,JIM BEAM BRANDS,750,12,DSP-KY-14,JIM BEAM,,16.5
P000018,19096,100.0,vendor,2022-03,16.5,16.5,16.5,11.0,954,15741.0,72,JIM BEAM PET,JIM BEAM BRANDS,750,12,DSP-KY-14,JIM BEAM,,16.5
P000018,19096,100.0,vendor,2022-04,16.5,16.5,16.5,11.0,1041,17176.5,78,JIM BEAM PET,JIM BEAM BRANDS,750,12,DSP-KY-14,JIM BEAM,,16.5
P000018,19096,100.0,vendor,2022-05,16.5,16.5,16.5,11.0,771,12721.5,69,JIM BEAM PET,JIM BEAM BRANDS,750,12,DSP-KY-14,JIM BEAM,,16.5
P000018,19096,100.0,vendor,2022-06,16.5,16.5,16.5,11.0,1283,21169.5,93,JIM BEAM PET,JIM BEAM BRANDS,750,12,DSP-KY-14,JIM BEAM,,16.5
P000018,19096,100.0,vendor,2022-07,16.5,16.5,16.5,11.0,921,15196.5,70,JIM BEAM PET,JIM BEAM BRANDS,750,12,DSP-KY-14,JIM BEAM,,16.5
P000018,19096,100.0,vendor,2022-08,16.5,16.5,16.5,11.0,989,16318.5,80,JIM BEAM PET,JIM BEAM BRANDS,750,12,DSP-KY-14,JIM BEAM,,16.5
P000018,19096,100.0,vendor,2022-09,16.5,16.5,16.5,11.0,991,16351.5,81,JIM BEAM PET,JIM BEAM BRANDS,750,12,DSP-KY-14,JIM BEAM,,16.5
P000018,19096,100.0,vendor,2022-10,16.5,16.5,16.5,11.0,1333,21994.5,87,JIM BEAM PET,JIM BEAM BRANDS,750,12,DSP-KY-14,JIM BEAM,,16.5
P000018,19096,100.0,vendor,2022-11,16.5,16.5,16.5,11.0,1006,16599.0,82,JIM BEAM PET,JIM BEAM BRANDS,750,12,DSP-KY-14,JIM BEAM,,16.5
P000018,19096,100.0,vendor,2022-12,16.5,16.5,16.5,11.0,1220,20130.0,79,JIM BEAM PET,JIM BEAM BRANDS,750,12,DSP-KY-14,JIM BEAM,,16.5
P000018,19096,100.0,vendor,2023-01,16.5,16.5,16.5,11.0,1231,20311.5,87,JIM BEAM PET,JIM BEAM BRANDS,750,12,DSP-KY-14,JIM BEAM,,16.5
P000018,19096,100.0,vendor,2023-02,16.5,16.5,16.5,11.0,1215,20047.5,87,JIM BEAM PET,JIM BEAM BRANDS,750,12,DSP-KY-14,JIM BEAM,,16.5
P000018,19096,100.0,vendor,2023-03,16.5,16.5,16.5,11.0,1573,25954.5,103,JIM BEAM PET,JIM BEAM BRANDS,750,12,DSP-KY-14,JIM BEAM,,16.5
P000018,19096,100.0,vendor,2023-04,16.5,16.5,16.5,11.0,1161,19156.5,88,JIM BEAM PET,JIM BEAM BRANDS,750,12,DSP-KY-14,JIM BEAM,,16.5
P000018,19096,100.0,vendor,2023-05,16.5,16.5,16.5,11.0,1118,18447.0,85,JIM BEAM PET,JIM BEAM BRANDS,750,12,DSP-KY-14,JIM BEAM,,16.5
P000018,19096,100.0,vendor,2023-06,16.5,16.5,16.5,11.0,1393,22984.5,105,JIM BEAM PET,JIM BEAM BRANDS,750,12,DSP-KY-14,JIM BEAM,,16.5
P000018,19096,100.0,vendor,2023-07,16.5,16.5,16.5,11.0,1040,17160.0,80,JIM BEAM PET,JIM BEAM BRANDS,750,12,DSP-KY-14,JIM BEAM,,16.5
P000018,19096,100.0,vendor,2023-08,16.5,16.5,16.5,11.0,1207,19915.5,92,JIM BEAM PET,JIM BEAM BRANDS,750,12,DSP-KY-14,JIM BEAM,,16.5
P000018,19096,100.0,vendor,2023-09,16.5,16.5,16.5,11.0,1035,17077.5,72,JIM BEAM PET,JIM BEAM BRANDS,750,12,DSP-KY-14,JIM BEAM,,16.5
P000018,19096,100.0,vendor,2023-10,16.5,16.5,16.5,11.0,1110,18315.0,78,JIM BEAM PET,JIM BEAM BRANDS,750,12,DSP-KY-14,JIM BEAM,,16.5
P000018,19096,100.0,vendor,2023-11,16.5,16.5,16.5,11.0,1500,24750.0,97,JIM BEAM PET,JIM BEAM BRANDS,750,12,DSP-KY-14,JIM BEAM,,16.5
P000018,19096,100.0,vendor,2023-12,16.5,16.5,16.5,11.0,1071,17671.5,86,JIM BEAM PET,JIM BEAM BRANDS,750,12,DSP-KY-14,JIM BEAM,,16.5
P000018,19096,100.0,vendor,2024-01,16.5,16.5,16.5,11.0,1084,17886.0,90,JIM BEAM PET,JIM BEAM BRANDS,750,12,DSP-KY-14,JIM BEAM,,16.5
P000018,19096,100.0,vendor,2024-02,16.5,16.5,16.5,11.0,1083,17869.5,75,JIM BEAM PET,JIM BEAM BRANDS,750,12,DSP-KY-14,JIM BEAM,,16.5
P000018,19096,100.0,vendor,2024-03,16.5,16.5,16.5,11.0,1066,17589.0,75,JIM BEAM PET,JIM BEAM BRANDS,750,12,DSP-KY-14,JIM BEAM,,16.5
P000018,19096,100.0,vendor,2024-04,16.5,16.5,16.5,11.0,1044,17226.0,84,JIM BEAM PET,JIM BEAM BRANDS,750,12,DSP-KY-14,JIM BEAM,,16.5
P000018,19096,100.0,vendor,2024-05,16.5,16.5,16.5,11.0,1053,17374.5,79,JIM BEAM PET,JIM BEAM BRANDS,750,12,DSP-KY-14,JIM BEAM,,16.5
P000018,19096,100.0,vendor,2024-06,16.5,16.5,16.5,11.0,1288,21252.0,93,JIM BEAM PET,JIM BEAM BRANDS,750,12,DSP-KY-14,JIM BEAM,,16.5
P000018,19096,100.0,vendor,2024-07,16.5,16.5,16.5,11.0,940,15510.0,73,JIM BEAM PET,JIM BEAM BRANDS,750,12,DSP-KY-14,JIM BEAM,,16.5
P000018,19096,100.0,vendor,2024-08,16.5,16.5,16.5,11.0,1113,18364.5,89,JIM BEAM PET,JIM BEAM BRANDS,750,12,DSP-KY-14,JIM BEAM,,16.5
P000018,19096,100.0,vendor,2024-09,16.5,16.5,16.5,11.0,1075,17737.5,86,JIM BEAM PET,JIM BEAM BRANDS,750,12,DSP-KY-14,JIM BEAM,,16.5
P000018,19096,100.0,vendor,2024-10,16.5,16.5,16.5,11.0,1501,24766.5,82,JIM BEAM PET,JIM BEAM BRANDS,750,12,DSP-KY-14,JIM BEAM,,16.5
P000018,19096,100.0,vendor,2024-11,16.5,16.5,16.5,11.0,966,15939.0,84,JIM BEAM PET,JIM BEAM BRANDS,750,12,DSP-KY-14,JIM BEAM,,16.5
P000018,19096,100.0,vendor,2024-12,17.25,17.25,17.25,11.5,1464,24156.0,128,JIM BEAM PET,JIM BEAM BRANDS,750,12,DSP-KY-14,JIM BEAM,,17.25
P000018,19096,100.0,vendor,2025-01,17.25,17.25,17.25,11.5,1020,17595.0,72,JIM BEAM PET,JIM BEAM BRANDS,750,12,DSP-KY-14,JIM BEAM,,17.25
P000018,19096,100.0,vendor,2025-02,17.25,17.25,17.25,11.5,834,14386.5,65,JIM BEAM PET,JIM BEAM BRANDS,750,12,DSP-KY-14,JIM BEAM,,17.25
P000018,19096,100.0,vendor,2025-03,17.25,17.25,17.25,11.5,774,13351.5,67,JIM BEAM PET,JIM BEAM BRANDS,750,12,DSP-KY-14,JIM BEAM,,17.25
P000018,19096,100.0,vendor,2025-04,17.25,17.25,17.25,11.5,1073,18509.25,82,JIM BEAM PET,JIM BEAM BRANDS,750,12,DSP-KY-14,JIM BEAM,,17.25
P000018,19096,100.0,vendor,2025-05,17.25,17.25,17.25,11.5,1058,18250.5,82,JIM BEAM PET,JIM BEAM BRANDS,750,12,DSP-KY-14,JIM BEAM,,17.25
P000018,19096,100.0,vendor,2025-06,17.25,17.25,17.25,11.5,1062,18319.5,85,JIM BEAM PET,JIM BEAM BRANDS,750,12,DSP-KY-14,JIM BEAM,,17.25
P000018,19096,100.0,vendor,2025-07,17.25,17.25,17.25,11.5,1018,17560.5,79,JIM BEAM PET,JIM BEAM BRANDS,750,12,DSP-KY-14,JIM BEAM,,17.25
P000018,19096,100.0,vendor,2025-08,17.25,17.25,17.25,11.5,1090,18802.5,84,JIM BEAM PET,JIM BEAM BRANDS,750,12,DSP-KY-14,JIM BEAM,,17.25
P000018,19096,100.0,vendor,2025-09,17.25,17.25,17.25,11.5,1133,19544.25,89,JIM BEAM PET,JIM BEAM BRANDS,750,12,DSP-KY-14,JIM BEAM,,17.25
P000018,19096,100.0,vendor,2025-10,17.25,17.25,17.25,11.5,1294,22321.5,88,JIM BEAM PET,JIM BEAM BRANDS,750,12,DSP-KY-14,JIM BEAM,,17.25
P000018,19096,100.0,vendor,2025-11,17.25,17.25,17.25,11.5,713,12299.25,62,JIM BEAM PET,JIM BEAM BRANDS,750,12,DSP-KY-14,JIM BEAM,,17.25
P000018,19096,100.0,vendor,2025-12,17.25,17.25,17.25,11.5,1198,20665.5,92,JIM BEAM PET,JIM BEAM BRANDS,750,12,DSP-KY-14,JIM BEAM,,17.25
P000018,19096,100.0,vendor,2026-01,17.25,17.25,17.25,11.5,955,16473.75,75,JIM BEAM PET,JIM BEAM BRANDS,750,12,DSP-KY-14,JIM BEAM,,17.25
P000018,19096,100.0,vendor,2026-02,17.25,17.25,17.25,11.5,747,12885.75,67,JIM BEAM PET,JIM BEAM BRANDS,750,12,DSP-KY-14,JIM BEAM,,17.25
P000018,19096,100.0,vendor,2026-03,17.25,17.25,17.25,11.5,1373,23684.25,82,JIM BEAM PET,JIM BEAM BRANDS,750,12,DSP-KY-14,JIM BEAM,,17.25
P000018,19096,100.0,vendor,2026-04,17.25,17.25,17.25,11.5,1059,18267.75,80,JIM BEAM PET,JIM BEAM BRANDS,750,12,DSP-KY-14,JIM BEAM,,17.25
P000020,16516,100.0,vendor,2012-01,8.99,8.99,8.99,6.0,787,7075.13,104,ANCIENT AGE BOURBON,"SAZERAC CO., INC.",750,12,DSP-KY-113,ANCIENT AGE,,8.99
P000020,16516,100.0,vendor,2012-02,8.99,8.99,8.99,6.0,886,7965.14,127,ANCIENT AGE BOURBON,"SAZERAC CO., INC.",750,12,DSP-KY-113,ANCIENT AGE,,8.99
P000020,16516,100.0,vendor,2012-03,8.99,8.99,8.99,6.0,861,7740.39,122,ANCIENT AGE BOURBON,"SAZERAC CO., INC.",750,12,DSP-KY-113,ANCIENT AGE,,8.99
P000020,16516,100.0,vendor,2012-04,8.99,8.99,8.99,6.0,929,8351.71,137,ANCIENT AGE BOURBON,"SAZERAC CO., INC.",750,12,DSP-KY-113,ANCIENT AGE,,8.99
P000020,16516,100.0,vendor,2012-05,8.99,8.99,8.99,6.0,1074,9655.26,144,ANCIENT AGE BOURBON,"SAZERAC CO., INC.",750,12,DSP-KY-113,ANCIENT AGE,,8.99
P000020,16516,100.0,vendor,2012-06,8.99,8.99,8.99,6.0,814,7317.86,121,ANCIENT AGE BOURBON,"SAZERAC CO., INC.",750,12,DSP-KY-113,ANCIENT AGE,,8.99
P000020,16516,100.0,vendor,2012-07,8.99,8.99,8.99,6.0,1003,9016.97,131,ANCIENT AGE BOURBON,"SAZERAC CO., INC.",750,12,DSP-KY-113,ANCIENT AGE,,8.99
P000020,16516,100.0,vendor,2012-08,8.99,8.99,8.99,6.0,966,8684.34,130,ANCIENT AGE BOURBON,"SAZERAC CO., INC.",750,12,DSP-KY-113,ANCIENT AGE,,8.99
P000020,16516,100.0,vendor,2012-09,8.99,8.99,8.99,6.0,727,6535.73,103,ANCIENT AGE BOURBON,"SAZERAC CO., INC.",750,12,DSP-KY-113,ANCIENT AGE,,8.99
P000020,16516,100.0,vendor,2012-10,8.99,8.99,8.99,6.0,1047,9412.53,139,ANCIENT AGE BOURBON,"SAZERAC CO., INC.",750,12,DSP-KY-113,ANCIENT AGE,,8.99
P000020,16516,100.0,vendor,2012-11,9.23,9.23,9.23,6.15,955,8814.65,140,ANCIENT AGE BOURBON,"SAZERAC CO., INC.",750,12,DSP-KY-113,ANCIENT AGE,,9.23
P000020,16516,100.0,vendor,2012-12,9.23,9.23,9.23,6.15,1322,12202.06,160,ANCIENT AGE BOURBON,"SAZERAC CO., INC.",750,12,DSP-KY-113,ANCIENT AGE,,9.23
P000020,16516,100.0,vendor,2013-01,9.23,9.23,9.23,6.15,707,6525.61,113,ANCIENT AGE BOURBON,"SAZERAC CO., INC.",750,12,DSP-KY-113,ANCIENT AGE,,9.23
P000020,16516,100.0,vendor,2013-02,9.23,9.23,9.23,6.15,929,8574.67,121,ANCIENT AGE BOURBON,"SAZERAC CO., INC.",750,12,DSP-KY-113,ANCIENT AGE,,9.23
P000020,16516,100.0,vendor,2013-03,9.23,9.23,9.23,6.15,816,7531.68,121,ANCIENT AGE BOURBON,"SAZERAC CO., INC.",750,12,DSP-KY-113,ANCIENT AGE,,9.23
P000020,16516,100.0,vendor,2013-04,9.23,9.23,9.23,6.15,873,8057.79,119,ANCIENT AGE BOURBON,"SAZERAC CO., INC.",750,12,DSP-KY-113,ANCIENT AGE,,9.23
P000020,16516,100.0,vendor,2013-05,9.23,9.23,9.23,6.15,931,8593.13,139,ANCIENT AGE BOURBON,"SAZERAC CO., INC.",750,12,DSP-KY-113,ANCIENT AGE,,9.23
P000020,16516,100.0,vendor,2013-06,9.23,9.23,9.23,6.15,705,6507.15,111,ANCIENT AGE BOURBON,"SAZERAC CO., INC.",750,12,DSP-KY-113,ANCIENT AGE,,9.23
P000020,16516,100.0,vendor,2013-07,9.23,9.23,9.23,6.15,897,8279.31,129,ANCIENT AGE BOURBON,"SAZERAC CO., INC.",750,12,DSP-KY-113,ANCIENT AGE,,9.23
P000020,16516,100.0,vendor,2013-08,9.23,9.23,9.23,6.15,900,8307.0,133,ANCIENT AGE BOURBON,"SAZERAC CO., INC.",750,12,DSP-KY-113,ANCIENT AGE,,9.23
P000020,16516,100.0,vendor,2013-09,9.23,9.23,9.23,6.15,857,7910.11,118,ANCIENT AGE BOURBON,"SAZERAC CO., INC.",750,12,DSP-KY-113,ANCIENT AGE,,9.23
P000020,16516,100.0,vendor,2013-10,9.23,9.23,9.23,6.15,816,7531.68,112,ANCIENT AGE BOURBON,"SAZERAC CO., INC.",750,12,DSP-KY-113,ANCIENT AGE,,9.23
P000020,16516,100.0,vendor,2013-11,9.24,9.24,9.24,6.16,935,8639.4,124,ANCIENT AGE BOURBON,"SAZERAC CO., INC.",750,12,DSP-KY-113,ANCIENT AGE,,9.24
P000020,16516,100.0,vendor,2013-12,9.24,9.24,9.24,6.16,1248,11531.52,169,ANCIENT AGE BOURBON,"SAZERAC CO., INC.",750,12,DSP-KY-113,ANCIENT AGE,,9.24
P000020,16516,100.0,vendor,2014-01,9.24,9.24,9.24,6.16,881,8140.44,127,ANCIENT AGE BOURBON,"SAZERAC CO., INC.",750,12,DSP-KY-113,ANCIENT AGE,,9.24
P000020,16516,100.0,vendor,2014-02,9.24,9.24,9.24,6.16,693,6403.32,97,ANCIENT AGE BOURBON,"SAZERAC CO., INC.",750,12,DSP-KY-113,ANCIENT AGE,,9.24
P000020,16516,100.0,vendor,2014-03,9.24,9.24,9.24,6.16,882,8149.68,114,ANCIENT AGE BOURBON,"SAZERAC CO., INC.",750,12,DSP-KY-113,ANCIENT AGE,,9.24
P000020,16516,100.0,vendor,2014-04,9.24,9.24,9.24,6.16,908,8389.92,122,ANCIENT AGE BOURBON,"SAZERAC CO., INC.",750,12,DSP-KY-113,ANCIENT AGE,,9.24
P000020,16516,100.0,vendor,2014-05,9.24,9.24,9.24,6.16,873,8066.52,119,ANCIENT AGE BOURBON,"SAZERAC CO., INC.",750,12,DSP-KY-113,ANCIENT AGE,,9.24
P000020,16516,100.0,vendor,2014-06,9.24,9.24,9.24,6.16,850,7854.0,118,ANCIENT AGE BOURBON,"SAZERAC CO., INC.",750,12,DSP-KY-113,ANCIENT AGE,,9.24
P000020,16516,100.0,vendor,2014-07,9.24,9.24,9.24,6.16,781,7216.44,120,ANCIENT AGE BOURBON,"SAZERAC CO., INC.",750,12,DSP-KY-113,ANCIENT AGE,,9.24
P000020,16516,100.0,vendor,2014-08,9.24,9.24,9.24,6.16,874,8075.76,121,ANCIENT AGE BOURBON,"SAZERAC CO., INC.",750,12,DSP-KY-113,ANCIENT AGE,,9.24
P000020,16516,100.0,vendor,2014-09,9.24,9.24,9.24,6.16,949,8768.76,138,ANCIENT AGE BOURBON,"SAZERAC CO., INC.",750,12,DSP-KY-113,ANCIENT AGE,,9.24
P000020,16516,100.0,vendor,2014-10,9.24,9.24,9.24,6.16,796,7355.04,110,ANCIENT AGE BOURBON,"SAZERAC CO., INC.",750,12,DSP-KY-113,ANCIENT AGE,,9.24
P000020,16516,100.0,vendor,2014-11,9.24,9.24,9.24,6.16,919,8491.56,131,ANCIENT AGE BOURBON,"SAZERAC CO., INC.",750,12,DSP-KY-113,ANCIENT AGE,,9.24
P000020,16516,100.0,vendor,2014-12,9.24,9.24,9.24,6.16,1214,11217.36,151,ANCIENT AGE BOURBON,"SAZERAC CO., INC.",750,12,DSP-KY-113,ANCIENT AGE,,9.24
P000020,16516,100.0,vendor,2015-01,9.24,9.24,9.24,6.16,672,6209.28,92,ANCIENT AGE BOURBON,"SAZERAC CO., INC.",750,12,DSP-KY-113,ANCIENT AGE,,9.24
P000020,16516,100.0,vendor,2015-02,9.24,9.24,9.24,6.16,672,6209.28,85,ANCIENT AGE BOURBON,"SAZERAC CO., INC.",750,12,DSP-KY-113,ANCIENT AGE,,9.24
P000020,16516,100.0,vendor,2015-03,9.24,9.24,9.24,6.16,840,7761.6,116,ANCIENT AGE BOURBON,"SAZERAC CO., INC.",750,12,DSP-KY-113,ANCIENT AGE,,9.24
P000020,16516,100.0,vendor,2015-04,9.24,9.24,9.24,6.16,864,7983.36,120,ANCIENT AGE BOURBON,"SAZERAC CO., INC.",750,12,DSP-KY-113,ANCIENT AGE,,9.24
P000020,16516,100.0,vendor,2015-05,9.24,9.24,9.24,6.16,840,7761.6,119,ANCIENT AGE BOURBON,"SAZERAC CO., INC.",750,12,DSP-KY-113,ANCIENT AGE,,9.24
P000020,16516,100.0,vendor,2015-06,9.24,9.24,9.24,6.16,674,6227.76,92,ANCIENT AGE BOURBON,"SAZERAC CO., INC.",750,12,DSP-KY-113,ANCIENT AGE,,9.24
P000020,16516,100.0,vendor,2015-07,9.24,9.24,9.24,6.16,672,6209.28,80,ANCIENT AGE BOURBON,"SAZERAC CO., INC.",750,12,DSP-KY-113,ANCIENT AGE,,9.24
P000020,16516,100.0,vendor,2015-08,9.24,9.24,9.24,6.16,672,6209.28,93,ANCIENT AGE BOURBON,"SAZERAC CO., INC.",750,12,DSP-KY-113,ANCIENT AGE,,9.24
P000020,16516,100.0,vendor,2015-09,9.24,9.24,9.24,6.16,840,7761.6,100,ANCIENT AGE BOURBON,"SAZERAC CO., INC.",750,12,DSP-KY-113,ANCIENT AGE,,9.24
P000020,16516,100.0,vendor,2015-10,9.24,9.24,9.24,6.16,707,6532.68,86,ANCIENT AGE BOURBON,"SAZERAC CO., INC.",750,12,DSP-KY-113,ANCIENT AGE,,9.24
P000020,16516,100.0,vendor,2015-11,9.24,9.24,9.24,6.16,840,7761.6,102,ANCIENT AGE BOURBON,"SAZERAC CO., INC.",750,12,DSP-KY-113,ANCIENT AGE,,9.24
P000020,16516,100.0,vendor,2015-12,9.24,9.24,9.24,6.16,864,7983.36,96,ANCIENT AGE BOURBON,"SAZERAC CO., INC.",750,12,DSP-KY-113,ANCIENT AGE,,9.24
P000020,16516,100.0,vendor,2016-01,9.24,9.24,9.24,6.16,672,6209.28,93,ANCIENT AGE BOURBON,"SAZERAC CO., INC.",750,12,DSP-KY-113,ANCIENT AGE,,9.24
P000020,16516,100.0,vendor,2016-02,9.24,9.24,9.24,6.16,828,7650.72,103,ANCIENT AGE BOURBON,"SAZERAC CO., INC.",750,12,DSP-KY-113,ANCIENT AGE,,9.24
P000020,16516,100.0,vendor,2016-03,9.24,9.24,9.24,6.16,684,6320.16,93,ANCIENT AGE BOURBON,"SAZERAC CO., INC.",750,12,DSP-KY-113,ANCIENT AGE,,9.24
P000020,16516,100.0,vendor,2016-04,9.24,9.24,9.24,6.16,840,7761.6,102,ANCIENT AGE BOURBON,"SAZERAC CO., INC.",750,12,DSP-KY-113,ANCIENT AGE,,9.24
P000020,16516,100.0,vendor,2016-05,9.24,9.24,9.24,6.16,672,6209.28,85,ANCIENT AGE BOURBON,"SAZERAC CO., INC.",750,12,DSP-KY-113,ANCIENT AGE,,9.24
P000020,16516,100.0,vendor,2016-06,9.24,9.24,9.24,6.16,841,7770.84,87,ANCIENT AGE BOURBON,"SAZERAC CO., INC.",750,12,DSP-KY-113,ANCIENT AGE,,9.24
P000020,16516,100.0,vendor,2016-07,9.24,9.24,9.24,6.16,505,4666.2,64,ANCIENT AGE BOURBON,"SAZERAC CO., INC.",750,12,DSP-KY-113,ANCIENT AGE,,9.24
P000020,16516,100.0,vendor,2016-08,9.24,9.24,9.24,6.16,504,4656.96,56,ANCIENT AGE BOURBON,"SAZERAC CO., INC.",750,12,DSP-KY-113,ANCIENT AGE,,9.24
P000020,16516,100.0,vendor,2016-09,9.24,9.24,9.24,6.16,504,4656.96,57,ANCIENT AGE BOURBON,"SAZERAC CO., INC.",750,12,DSP-KY-113,ANCIENT AGE,,9.24
P000020,16516,100.0,vendor,2016-10,9.24,9.24,9.24,6.16,672,6209.28,72,ANCIENT AGE BOURBON,"SAZERAC CO., INC.",750,12,DSP-KY-113,ANCIENT AGE,,9.24
P000020,16516,100.0,vendor,2016-11,9.24,9.24,9.24,6.16,672,6209.28,65,ANCIENT AGE BOURBON,"SAZERAC CO., INC.",750,12,DSP-KY-113,ANCIENT AGE,,9.24
P000020,16516,100.0,vendor,2016-12,9.24,9.24,9.24,6.16,672,6209.28,57,ANCIENT AGE BOURBON,"SAZERAC CO., INC.",750,12,DSP-KY-113,ANCIENT AGE,,9.24
P000020,16516,100.0,vendor,2017-01,9.24,9.24,9.24,6.16,492,4546.08,46,ANCIENT AGE BOURBON,"SAZERAC CO., INC.",750,12,DSP-KY-113,ANCIENT AGE,,9.24
P000020,16516,100.0,vendor,2017-02,9.24,9.24,9.24,6.16,504,4656.96,44,ANCIENT AGE BOURBON,"SAZERAC CO., INC.",750,12,DSP-KY-113,ANCIENT AGE,,9.24
P000020,16516,100.0,vendor,2017-03,9.24,9.24,9.24,6.16,504,4656.96,54,ANCIENT AGE BOURBON,"SAZERAC CO., INC.",750,12,DSP-KY-113,ANCIENT AGE,,9.24
P000020,16516,100.0,vendor,2017-04,9.24,9.24,9.24,6.16,505,4666.2,54,ANCIENT AGE BOURBON,"SAZERAC CO., INC.",750,12,DSP-KY-113,ANCIENT AGE,,9.24
P000020,16516,100.0,vendor,2017-05,9.24,9.24,9.24,6.16,671,6200.04,77,ANCIENT AGE BOURBON,"SAZERAC CO., INC.",750,12,DSP-KY-113,ANCIENT AGE,,9.24
P000020,16516,100.0,vendor,2017-06,9.24,9.24,9.24,6.16,670,6190.8,68,ANCIENT AGE BOURBON,"SAZERAC CO., INC.",750,12,DSP-KY-113,ANCIENT AGE,,9.24
P000020,16516,100.0,vendor,2017-07,9.24,9.24,9.24,6.16,861,7937.16,87,ANCIENT AGE BOURBON,"SAZERAC CO., INC.",750,12,DSP-KY-113,ANCIENT AGE,,9.24
P000020,16516,100.0,vendor,2017-08,9.24,9.24,9.24,6.16,608,5617.92,64,ANCIENT AGE BOURBON,"SAZERAC CO., INC.",750,12,DSP-KY-113,ANCIENT AGE,,9.24
P000020,16516,100.0,vendor,2017-09,9.24,9.24,9.24,6.16,495,4573.8,58,ANCIENT AGE BOURBON,"SAZERAC CO., INC.",750,12,DSP-KY-113,ANCIENT AGE,,9.24
P000020,16516,100.0,vendor,2017-10,9.24,9.24,9.24,6.16,599,5571.72,70,ANCIENT AGE BOURBON,"SAZERAC CO., INC.",750,12,DSP-KY-113,ANCIENT AGE,,9.24
P000020,16516,100.0,vendor,2017-11,9.24,9.24,9.24,6.16,538,4971.12,65,ANCIENT AGE BOURBON,"SAZERAC CO., INC.",750,12,DSP-KY-113,ANCIENT AGE,,9.24
P000020,16516,100.0,vendor,2017-12,9.24,9.24,9.24,6.16,813,7512.12,89,ANCIENT AGE BOURBON,"SAZERAC CO., INC.",750,12,DSP-KY-113,ANCIENT AGE,,9.24
P000020,16516,100.0,vendor,2018-01,9.24,9.24,9.24,6.16,470,4342.8,64,ANCIENT AGE BOURBON,"SAZERAC CO., INC.",750,12,DSP-KY-113,ANCIENT AGE,,9.24
P000020,16516,100.0,vendor,2018-02,9.24,9.24,9.24,6.16,473,4370.52,62,ANCIENT AGE BOURBON,"SAZERAC CO., INC.",750,12,DSP-KY-113,ANCIENT AGE,,9.24
P000020,16516,100.0,vendor,2018-03,9.24,9.24,9.24,6.16,513,4740.12,64,ANCIENT AGE BOURBON,"SAZERAC CO., INC.",750,12,DSP-KY-113,ANCIENT AGE,,9.24
P000020,16516,100.0,vendor,2018-04,9.24,9.24,9.24,6.16,411,3797.64,60,ANCIENT AGE BOURBON,"SAZERAC CO., INC.",750,12,DSP-KY-113,ANCIENT AGE,,9.24
P000020,16516,100.0,vendor,2018-05,9.24,9.24,9.24,6.16,504,4656.96,76,ANCIENT AGE BOURBON,"SAZERAC CO., INC.",750,12,DSP-KY-113,ANCIENT AGE,,9.24
P000020,16516,100.0,vendor,2018-06,9.24,9.24,9.24,6.16,457,4222.68,65,ANCIENT AGE BOURBON,"SAZERAC CO., INC.",750,12,DSP-KY-113,ANCIENT AGE,,9.24
P000020,16516,100.0,vendor,2018-07,9.24,9.24,9.24,6.16,392,3622.08,52,ANCIENT AGE BOURBON,"SAZERAC CO., INC.",750,12,DSP-KY-113,ANCIENT AGE,,9.24
P000020,16516,100.0,vendor,2018-08,9.24,9.24,9.24,6.16,494,4564.56,67,ANCIENT AGE BOURBON,"SAZERAC CO., INC.",750,12,DSP-KY-113,ANCIENT AGE,,9.24
P000020,16516,100.0,vendor,2018-09,9.24,9.24,9.24,6.16,388,3585.12,54,ANCIENT AGE BOURBON,"SAZERAC CO., INC.",750,12,DSP-KY-113,ANCIENT AGE,,9.24
P000020,16516,100.0,vendor,2018-10,9.24,9.24,9.24,6.16,593,5479.32,74,ANCIENT AGE BOURBON,"SAZERAC CO., INC.",750,12,DSP-KY-113,ANCIENT AGE,,9.24
P000020,16516,100.0,vendor,2018-11,9.24,9.24,9.24,6.16,632,5839.68,79,ANCIENT AGE BOURBON,"SAZERAC CO., INC.",750,12,DSP-KY-113,ANCIENT AGE,,9.24
P000020,16516,100.0,vendor,2018-12,9.24,9.24,9.24,6.16,448,4139.52,66,ANCIENT AGE BOURBON,"SAZERAC CO., INC.",750,12,DSP-KY-113,ANCIENT AGE,,9.24
P000020,16516,100.0,vendor,2019-01,9.24,9.24,9.24,6.16,609,5627.16,79,ANCIENT AGE BOURBON,"SAZERAC CO., INC.",750,12,DSP-KY-113,ANCIENT AGE,,9.24
P000020,16516,100.0,vendor,2019-02,9.24,9.24,9.24,6.16,365,3372.6,60,ANCIENT AGE BOURBON,"SAZERAC CO., INC.",750,12,DSP-KY-113,ANCIENT AGE,,9.24
P000020,16516,100.0,vendor,2019-03,9.24,9.24,9.24,6.16,433,4000.92,62,ANCIENT AGE BOURBON,"SAZERAC CO., INC.",750,12,DSP-KY-113,ANCIENT AGE,,9.24
P000020,16516,100.0,vendor,2019-04,9.24,9.24,9.24,6.16,583,5386.92,80,ANCIENT AGE BOURBON,"SAZERAC CO., INC.",750,12,DSP-KY-113,ANCIENT AGE,,9.24
P000020,16516,100.0,vendor,2019-05,9.24,9.24,9.24,6.16,457,4222.68,64,ANCIENT AGE BOURBON,"SAZERAC CO., INC.",750,12,DSP-KY-113,ANCIENT AGE,,9.24
P000020,16516,100.0,vendor,2019-06,9.24,9.24,9.24,6.16,451,4167.24,63,ANCIENT AGE BOURBON,"SAZERAC CO., INC.",750,12,DSP-KY-113,ANCIENT AGE,,9.24
P000020,16516,100.0,vendor,2019-07,9.24,9.24,9.24,6.16,457,4222.68,68,ANCIENT AGE BOURBON,"SAZERAC CO., INC.",750,12,DSP-KY-113,ANCIENT AGE,,9.24
P000020,16516,100.0,vendor,2019-08,9.24,9.24,9.24,6.16,417,3853.08,51,ANCIENT AGE BOURBON,"SAZERAC CO., INC.",750,12,DSP-KY-113,ANCIENT AGE,,9.24
P000020,16516,100.0,vendor,2019-09,9.24,9.24,9.24,6.16,504,4656.96,68,ANCIENT AGE BOURBON,"SAZERAC CO., INC.",750,12,DSP-KY-113,ANCIENT AGE,,9.24
P000020,16516,100.0,vendor,2019-11,9.24,9.24,9.24,6.16,1020,9424.8,107,ANCIENT AGE BOURBON,"SAZERAC CO., INC.",750,12,DSP-KY-113,ANCIENT AGE,,9.24
P000020,16516,100.0,vendor,2019-12,9.24,9.24,9.24,6.16,504,4656.96,51,ANCIENT AGE BOURBON,"SAZERAC CO., INC.",750,12,DSP-KY-113,ANCIENT AGE,,9.24
P000020,16516,100.0,vendor,2020-01,9.24,9.24,9.24,6.16,506,4675.44,56,ANCIENT AGE BOURBON,"SAZERAC CO., INC.",750,12,DSP-KY-113,ANCIENT AGE,,9.24
P000020,16516,100.0,vendor,2020-02,9.24,9.24,9.24,6.16,504,4656.96,62,ANCIENT AGE BOURBON,"SAZERAC CO., INC.",750,12,DSP-KY-113,ANCIENT AGE,,9.24
P000020,16516,100.0,vendor,2020-03,9.24,9.24,9.24,6.16,336,3104.64,39,ANCIENT AGE BOURBON,"SAZERAC CO., INC.",750,12,DSP-KY-113,ANCIENT AGE,,9.24
P000020,16516,100.0,vendor,2020-04,9.24,9.24,9.24,6.16,503,4647.72,48,ANCIENT AGE BOURBON,"SAZERAC CO., INC.",750,12,DSP-KY-113,ANCIENT AGE,,9.24
P000020,16516,100.0,vendor,2020-05,9.24,9.24,9.24,6.16,504,4656.96,55,ANCIENT AGE BOURBON,"SAZERAC CO., INC.",750,12,DSP-KY-113,ANCIENT AGE,,9.24
P000020,16516,100.0,vendor,2020-06,9.24,9.24,9.24,6.16,336,3104.64,36,ANCIENT AGE BOURBON,"SAZERAC CO., INC.",750,12,DSP-KY-113,ANCIENT AGE,,9.24
P000020,16516,100.0,vendor,2020-07,9.24,9.24,9.24,6.16,506,4675.44,52,ANCIENT AGE BOURBON,"SAZERAC CO., INC.",750,12,DSP-KY-113,ANCIENT AGE,,9.24
P000020,16516,100.0,vendor,2020-08,9.24,9.24,9.24,6.16,504,4656.96,49,ANCIENT AGE BOURBON,"SAZERAC CO., INC.",750,12,DSP-KY-113,ANCIENT AGE,,9.24
P000020,16516,100.0,vendor,2020-09,9.24,9.24,9.24,6.16,336,3104.64,33,ANCIENT AGE BOURBON,"SAZERAC CO., INC.",750,12,DSP-KY-113,ANCIENT AGE,,9.24
P000020,16516,100.0,vendor,2020-10,9.24,9.24,9.24,6.16,517,4777.08,50,ANCIENT AGE BOURBON,"SAZERAC CO., INC.",750,12,DSP-KY-113,ANCIENT AGE,,9.24
P000020,16516,100.0,vendor,2020-11,9.24,9.24,9.24,6.16,504,4656.96,47,ANCIENT AGE BOURBON,"SAZERAC CO., INC.",750,12,DSP-KY-113,ANCIENT AGE,,9.24
P000020,16516,100.0,vendor,2020-12,9.24,9.24,9.24,6.16,336,3104.64,37,ANCIENT AGE BOURBON,"SAZERAC CO., INC.",750,12,DSP-KY-113,ANCIENT AGE,,9.24
P000020,16516,100.0,vendor,2021-01,9.24,9.24,9.24,6.16,336,3104.64,34,ANCIENT AGE BOURBON,"SAZERAC CO., INC.",750,12,DSP-KY-113,ANCIENT AGE,,9.24
P000020,16516,100.0,vendor,2021-02,9.24,9.24,9.24,6.16,336,3104.64,32,ANCIENT AGE BOURBON,"SAZERAC CO., INC.",750,12,DSP-KY-113,ANCIENT AGE,,9.24
P000020,16516,100.0,vendor,2021-03,9.24,9.24,9.24,6.16,336,3104.64,33,ANCIENT AGE BOURBON,"SAZERAC CO., INC.",750,12,DSP-KY-113,ANCIENT AGE,,9.24
P000020,16516,100.0,vendor,2021-05,9.24,9.24,9.24,6.16,672,6209.28,59,ANCIENT AGE BOURBON,"SAZERAC CO., INC.",750,12,DSP-KY-113,ANCIENT AGE,,9.24
P000020,16516,100.0,vendor,2021-06,9.24,9.24,9.24,6.16,336,3104.64,31,ANCIENT AGE BOURBON,"SAZERAC CO., INC.",750,12,DSP-KY-113,ANCIENT AGE,,9.24
P000020,16516,100.0,vendor,2021-07,9.24,9.24,9.24,6.16,168,1552.32,14,ANCIENT AGE BOURBON,"SAZERAC CO., INC.",750,12,DSP-KY-113,ANCIENT AGE,,9.24
P000020,16516,100.0,vendor,2021-08,9.24,9.24,9.24,6.16,168,1552.32,15,ANCIENT AGE BOURBON,"SAZERAC CO., INC.",750,12,DSP-KY-113,ANCIENT AGE,,9.24
P000020,16516,100.0,vendor,2021-09,9.24,9.24,9.24,6.16,168,1552.32,15,ANCIENT AGE BOURBON,"SAZERAC CO., INC.",750,12,DSP-KY-113,ANCIENT AGE,,9.24
P000020,16516,100.0,vendor,2021-10,9.24,9.24,9.24,6.16,168,1552.32,14,ANCIENT AGE BOURBON,"SAZERAC CO., INC.",750,12,DSP-KY-113,ANCIENT AGE,,9.24
P000020,16516,100.0,vendor,2021-11,9.24,9.24,9.24,6.16,168,1552.32,15,ANCIENT AGE BOURBON,"SAZERAC CO., INC.",750,12,DSP-KY-113,ANCIENT AGE,,9.24
P000020,16516,100.0,vendor,2021-12,9.24,9.24,9.24,6.16,168,1552.32,15,ANCIENT AGE BOURBON,"SAZERAC CO., INC.",750,12,DSP-KY-113,ANCIENT AGE,,9.24
P000020,16516,100.0,vendor,2022-01,9.24,9.24,9.24,6.16,252,2328.48,22,ANCIENT AGE BOURBON,"SAZERAC CO., INC.",750,12,DSP-KY-113,ANCIENT AGE,,9.24
P000020,16516,100.0,vendor,2022-02,9.24,9.24,9.24,6.16,168,1552.32,15,ANCIENT AGE BOURBON,"SAZERAC CO., INC.",750,12,DSP-KY-113,ANCIENT AGE,,9.24
P000020,16516,100.0,vendor,2022-03,9.24,9.24,9.24,6.16,252,2328.48,21,ANCIENT AGE BOURBON,"SAZERAC CO., INC.",750,12,DSP-KY-113,ANCIENT AGE,,9.24
P000020,16516,100.0,vendor,2022-04,9.24,9.24,9.24,6.16,168,1552.32,16,ANCIENT AGE BOURBON,"SAZERAC CO., INC.",750,12,DSP-KY-113,ANCIENT AGE,,9.24
P000020,16516,100.0,vendor,2022-05,9.24,9.24,9.24,6.16,252,2328.48,21,ANCIENT AGE BOURBON,"SAZERAC CO., INC.",750,12,DSP-KY-113,ANCIENT AGE,,9.24
P000020,16516,100.0,vendor,2022-09,9.24,9.24,9.24,6.16,996,9203.04,88,ANCIENT AGE BOURBON,"SAZERAC CO., INC.",750,12,DSP-KY-113,ANCIENT AGE,,9.24
P000020,16516,100.0,vendor,2022-10,9.24,9.24,9.24,6.16,1204,11124.96,106,ANCIENT AGE BOURBON,"SAZERAC CO., INC.",750,12,DSP-KY-113,ANCIENT AGE,,9.24
P000020,16516,100.0,vendor,2022-11,9.24,9.24,9.24,6.16,464,4287.36,41,ANCIENT AGE BOURBON,"SAZERAC CO., INC.",750,12,DSP-KY-113,ANCIENT AGE,,9.24
P000020,16516,100.0,vendor,2022-12,9.24,9.24,9.24,6.16,768,7096.32,55,ANCIENT AGE BOURBON,"SAZERAC CO., INC.",750,12,DSP-KY-113,ANCIENT AGE,,9.24
P000020,16516,100.0,vendor,2023-01,9.24,9.24,9.24,6.16,504,4656.96,44,ANCIENT AGE BOURBON,"SAZERAC CO., INC.",750,12,DSP-KY-113,ANCIENT AGE,,9.24
P000020,16516,100.0,vendor,2023-02,9.24,9.24,9.24,6.16,336,3104.64,30,ANCIENT AGE BOURBON,"SAZERAC CO., INC.",750,12,DSP-KY-113,ANCIENT AGE,,9.24
P000020,16516,100.0,vendor,2023-03,9.24,9.24,9.24,6.16,336,3104.64,31,ANCIENT AGE BOURBON,"SAZERAC CO., INC.",750,12,DSP-KY-113,ANCIENT AGE,,9.24
P000020,16516,100.0,vendor,2023-04,9.24,9.24,9.24,6.16,336,3104.64,31,ANCIENT AGE BOURBON,"SAZERAC CO., INC.",750,12,DSP-KY-113,ANCIENT AGE,,9.24
P000020,16516,100.0,vendor,2023-05,9.24,9.24,9.24,6.16,336,3104.64,30,ANCIENT AGE BOURBON,"SAZERAC CO., INC.",750,12,DSP-KY-113,ANCIENT AGE,,9.24
P000020,16516,100.0,vendor,2023-06,9.24,9.24,9.24,6.16,336,3104.64,31,ANCIENT AGE BOURBON,"SAZERAC CO., INC.",750,12,DSP-KY-113,ANCIENT AGE,,9.24
P000020,16516,100.0,vendor,2023-07,9.24,9.24,9.24,6.16,504,4656.96,52,ANCIENT AGE BOURBON,"SAZERAC CO., INC.",750,12,DSP-KY-113,ANCIENT AGE,,9.24
P000020,16516,100.0,vendor,2023-08,9.24,9.24,9.24,6.16,336,3104.64,30,ANCIENT AGE BOURBON,"SAZERAC CO., INC.",750,12,DSP-KY-113,ANCIENT AGE,,9.24
P000020,16516,100.0,vendor,2023-09,9.24,9.24,9.24,6.16,324,2993.76,28,ANCIENT AGE BOURBON,"SAZERAC CO., INC.",750,12,DSP-KY-113,ANCIENT AGE,,9.24
P000020,16516,100.0,vendor,2023-10,9.24,9.24,9.24,6.16,336,3104.64,29,ANCIENT AGE BOURBON,"SAZERAC CO., INC.",750,12,DSP-KY-113,ANCIENT AGE,,9.24
P000020,16516,100.0,vendor,2023-11,9.24,9.24,9.24,6.16,336,3104.64,30,ANCIENT AGE BOURBON,"SAZERAC CO., INC.",750,12,DSP-KY-113,ANCIENT AGE,,9.24
P000020,16516,100.0,vendor,2023-12,9.24,9.24,9.24,6.16,503,4647.72,50,ANCIENT AGE BOURBON,"SAZERAC CO., INC.",750,12,DSP-KY-113,ANCIENT AGE,,9.24
P000020,16516,100.0,vendor,2024-01,9.24,9.24,9.24,6.16,337,3113.88,28,ANCIENT AGE BOURBON,"SAZERAC CO., INC.",750,12,DSP-KY-113,ANCIENT AGE,,9.24
P000020,16516,100.0,vendor,2024-02,9.24,9.24,9.24,6.16,336,3104.64,30,ANCIENT AGE BOURBON,"SAZERAC CO., INC.",750,12,DSP-KY-113,ANCIENT AGE,,9.24
P000020,16516,100.0,vendor,2024-03,9.24,9.24,9.24,6.16,799,7382.76,67,ANCIENT AGE BOURBON,"SAZERAC CO., INC.",750,12,DSP-KY-113,ANCIENT AGE,,9.24
P000020,16516,100.0,vendor,2024-04,9.24,9.24,9.24,6.16,823,7604.52,71,ANCIENT AGE BOURBON,"SAZERAC CO., INC.",750,12,DSP-KY-113,ANCIENT AGE,,9.24
P000020,16516,100.0,vendor,2024-05,9.24,9.24,9.24,6.16,400,3696.0,41,ANCIENT AGE BOURBON,"SAZERAC CO., INC.",750,12,DSP-KY-113,ANCIENT AGE,,9.24
P000020,16516,100.0,vendor,2024-06,9.24,9.24,9.24,6.16,496,4583.04,49,ANCIENT AGE BOURBON,"SAZERAC CO., INC.",750,12,DSP-KY-113,ANCIENT AGE,,9.24
P000020,16516,100.0,vendor,2024-07,9.24,9.24,9.24,6.16,610,5636.4,56,ANCIENT AGE BOURBON,"SAZERAC CO., INC.",750,12,DSP-KY-113,ANCIENT AGE,,9.24
P000020,16516,100.0,vendor,2024-08,9.24,9.24,9.24,6.16,404,3732.96,43,ANCIENT AGE BOURBON,"SAZERAC CO., INC.",750,12,DSP-KY-113,ANCIENT AGE,,9.24
P000020,16516,100.0,vendor,2024-09,9.24,9.24,9.24,6.16,473,4370.52,51,ANCIENT AGE BOURBON,"SAZERAC CO., INC.",750,12,DSP-KY-113,ANCIENT AGE,,9.24
P000020,16516,100.0,vendor,2024-10,9.24,9.24,9.24,6.16,418,3862.32,44,ANCIENT AGE BOURBON,"SAZERAC CO., INC.",750,12,DSP-KY-113,ANCIENT AGE,,9.24
P000020,16516,100.0,vendor,2024-11,9.24,9.24,9.24,6.16,457,4222.68,45,ANCIENT AGE BOURBON,"SAZERAC CO., INC.",750,12,DSP-KY-113,ANCIENT AGE,,9.24
P000020,16516,100.0,vendor,2024-12,9.24,9.24,9.24,6.16,449,4148.76,49,ANCIENT AGE BOURBON,"SAZERAC CO., INC.",750,12,DSP-KY-113,ANCIENT AGE,,9.24
P000020,16516,100.0,vendor,2025-01,9.24,9.24,9.24,6.16,316,2919.84,32,ANCIENT AGE BOURBON,"SAZERAC CO., INC.",750,12,DSP-KY-113,ANCIENT AGE,,9.24
P000020,16516,100.0,vendor,2025-02,9.24,9.24,9.24,6.16,330,3049.2,32,ANCIENT AGE BOURBON,"SAZERAC CO., INC.",750,12,DSP-KY-113,ANCIENT AGE,,9.24
P000020,16516,100.0,vendor,2025-03,9.24,9.24,9.24,6.16,468,4324.32,47,ANCIENT AGE BOURBON,"SAZERAC CO., INC.",750,12,DSP-KY-113,ANCIENT AGE,,9.24
P000020,16516,100.0,vendor,2025-04,9.24,9.24,9.24,6.16,413,3816.12,46,ANCIENT AGE BOURBON,"SAZERAC CO., INC.",750,12,DSP-KY-113,ANCIENT AGE,,9.24
P000020,16516,100.0,vendor,2025-05,9.24,9.24,9.24,6.16,433,4000.92,44,ANCIENT AGE BOURBON,"SAZERAC CO., INC.",750,12,DSP-KY-113,ANCIENT AGE,,9.24
P000020,16516,100.0,vendor,2025-06,9.24,9.24,9.24,6.16,401,3705.24,42,ANCIENT AGE BOURBON,"SAZERAC CO., INC.",750,12,DSP-KY-113,ANCIENT AGE,,9.24
P000020,16516,100.0,vendor,2025-07,9.24,9.24,9.24,6.16,467,4315.08,45,ANCIENT AGE BOURBON,"SAZERAC CO., INC.",750,12,DSP-KY-113,ANCIENT AGE,,9.24
P000020,16516,100.0,vendor,2025-08,9.24,9.24,9.24,6.16,433,4000.92,40,ANCIENT AGE BOURBON,"SAZERAC CO., INC.",750,12,DSP-KY-113,ANCIENT AGE,,9.24
P000020,16516,100.0,vendor,2025-09,9.24,9.24,9.24,6.16,365,3372.6,36,ANCIENT AGE BOURBON,"SAZERAC CO., INC.",750,12,DSP-KY-113,ANCIENT AGE,,9.24
P000020,16516,100.0,vendor,2025-10,9.24,9.24,9.24,6.16,401,3705.24,45,ANCIENT AGE BOURBON,"SAZERAC CO., INC.",750,12,DSP-KY-113,ANCIENT AGE,,9.24
P000020,16516,100.0,vendor,2025-11,9.24,9.24,9.24,6.16,463,4278.12,50,ANCIENT AGE BOURBON,"SAZERAC CO., INC.",750,12,DSP-KY-113,ANCIENT AGE,,9.24
P000020,16516,100.0,vendor,2025-12,9.24,9.24,9.24,6.16,489,4518.36,54,ANCIENT AGE BOURBON,"SAZERAC CO., INC.",750,12,DSP-KY-113,ANCIENT AGE,,9.24
P000020,16516,100.0,vendor,2026-01,9.24,9.24,9.24,6.16,467,4315.08,43,ANCIENT AGE BOURBON,"SAZERAC CO., INC.",750,12,DSP-KY-113,ANCIENT AGE,,9.24
P000020,16516,100.0,vendor,2026-02,9.24,9.24,9.24,6.16,378,3492.72,39,ANCIENT AGE BOURBON,"SAZERAC CO., INC.",750,12,DSP-KY-113,ANCIENT AGE,,9.24
P000020,16516,100.0,vendor,2026-03,9.24,9.24,9.24,6.16,479,4425.96,45,ANCIENT AGE BOURBON,"SAZERAC CO., INC.",750,12,DSP-KY-113,ANCIENT AGE,,9.24
P000020,16516,100.0,vendor,2026-04,9.24,9.24,9.24,6.16,369,3409.56,38,ANCIENT AGE BOURBON,"SAZERAC CO., INC.",750,12,DSP-KY-113,ANCIENT AGE,,9.24
P000020,16536,100.0,vendor,2012-08,11.53,11.53,11.53,7.69,12,138.36,1,ANCIENT ANCIENT AGE KY STR BOURBON,"SAZERAC CO., INC.",750,12,DSP-KY-113,ANCIENT AGE,,11.53
P000025,902389,100.0,vendor,2012-02,5.49,5.49,5.49,3.66,24,131.76,2,MATTINGLY & MOORE BOURBON,HEAVEN HILL BRANDS,750,12,KY-I-344,MATTINGLY & MOORE,,5.49
P000025,902389,100.0,vendor,2012-06,5.49,5.49,5.49,3.66,36,197.64,1,MATTINGLY & MOORE BOURBON,HEAVEN HILL BRANDS,750,12,KY-I-344,MATTINGLY & MOORE,,5.49
P000026,17766,100.0,vendor,2012-01,21.84,21.84,21.84,14.56,122,2664.48,38,EAGLE RARE,SAZERAC COMPANY  INC,750,6,DSP-KY-113,EAGLE RARE,,21.84
P000026,17766,100.0,vendor,2012-02,21.84,21.84,21.84,14.56,99,2162.16,33,EAGLE RARE,SAZERAC COMPANY  INC,750,6,DSP-KY-113,EAGLE RARE,,21.84
P000026,17766,100.0,vendor,2012-03,21.84,21.84,21.84,14.56,111,2424.24,34,EAGLE RARE,SAZERAC COMPANY  INC,750,6,DSP-KY-113,EAGLE RARE,,21.84
P000026,17766,100.0,vendor,2012-04,21.84,21.84,21.84,14.56,105,2293.2,34,EAGLE RARE,SAZERAC COMPANY  INC,750,6,DSP-KY-113,EAGLE RARE,,21.84
P000026,17766,100.0,vendor,2012-05,21.84,21.84,21.84,14.56,100,2184.0,32,EAGLE RARE,SAZERAC COMPANY  INC,750,6,DSP-KY-113,EAGLE RARE,,21.84
P000026,17766,100.0,vendor,2012-06,21.84,21.84,21.84,14.56,110,2402.4,37,EAGLE RARE,SAZERAC COMPANY  INC,750,6,DSP-KY-113,EAGLE RARE,,21.84
P000026,17766,100.0,vendor,2012-07,21.84,21.84,21.84,14.56,110,2402.4,41,EAGLE RARE,SAZERAC COMPANY  INC,750,6,DSP-KY-113,EAGLE RARE,,21.84
P000026,17766,100.0,vendor,2012-08,21.84,21.84,21.84,14.56,125,2730.0,32,EAGLE RARE,SAZERAC COMPANY  INC,750,6,DSP-KY-113,EAGLE RARE,,21.84
P000026,17766,100.0,vendor,2012-09,21.84,21.84,21.84,14.56,89,1943.76,31,EAGLE RARE,SAZERAC COMPANY  INC,750,6,DSP-KY-113,EAGLE RARE,,21.84
P000026,17766,100.0,vendor,2012-10,21.84,21.84,21.84,14.56,172,3756.48,47,EAGLE RARE,SAZERAC COMPANY  INC,750,6,DSP-KY-113,EAGLE RARE,,21.84
P000026,17766,100.0,vendor,2012-11,23.09,23.09,23.09,15.39,179,4133.11,42,EAGLE RARE,SAZERAC COMPANY  INC,750,6,DSP-KY-113,EAGLE RARE,,23.09
P000026,17766,100.0,vendor,2012-12,23.09,23.09,23.09,15.39,212,4895.08,49,EAGLE RARE,SAZERAC COMPANY  INC,750,6,DSP-KY-113,EAGLE RARE,,23.09
P000026,17766,100.0,vendor,2013-01,23.09,23.09,23.09,15.39,143,3301.87,39,EAGLE RARE,SAZERAC COMPANY  INC,750,6,DSP-KY-113,EAGLE RARE,,23.09
P000026,17766,100.0,vendor,2013-02,23.09,23.09,23.09,15.39,138,3186.42,38,EAGLE RARE,SAZERAC COMPANY  INC,750,6,DSP-KY-113,EAGLE RARE,,23.09
P000026,17766,100.0,vendor,2013-03,23.09,23.09,23.09,15.39,159,3671.31,43,EAGLE RARE,SAZERAC COMPANY  INC,750,6,DSP-KY-113,EAGLE RARE,,23.09
P000026,17766,100.0,vendor,2013-04,23.09,23.09,23.09,15.39,146,3371.14,35,EAGLE RARE,SAZERAC COMPANY  INC,750,6,DSP-KY-113,EAGLE RARE,,23.09
P000026,17766,100.0,vendor,2013-05,23.09,23.09,23.09,15.39,170,3925.3,44,EAGLE RARE,SAZERAC COMPANY  INC,750,6,DSP-KY-113,EAGLE RARE,,23.09
P000026,17766,100.0,vendor,2013-06,23.09,23.09,23.09,15.39,128,2955.52,35,EAGLE RARE,SAZERAC COMPANY  INC,750,6,DSP-KY-113,EAGLE RARE,,23.09
P000026,17766,100.0,vendor,2013-07,23.09,23.09,23.09,15.39,128,2955.52,38,EAGLE RARE,SAZERAC COMPANY  INC,750,6,DSP-KY-113,EAGLE RARE,,23.09
P000026,17766,100.0,vendor,2013-08,23.09,23.09,23.09,15.39,173,3994.57,43,EAGLE RARE,SAZERAC COMPANY  INC,750,6,DSP-KY-113,EAGLE RARE,,23.09
P000026,17766,100.0,vendor,2013-09,23.09,23.09,23.09,15.39,124,2863.16,33,EAGLE RARE,SAZERAC COMPANY  INC,750,6,DSP-KY-113,EAGLE RARE,,23.09
P000026,17766,100.0,vendor,2013-10,23.09,23.09,23.09,15.39,152,3509.68,40,EAGLE RARE,SAZERAC COMPANY  INC,750,6,DSP-KY-113,EAGLE RARE,,23.09
P000026,17766,100.0,vendor,2013-11,23.1,23.1,23.1,15.4,170,3927.0,42,EAGLE RARE,SAZERAC COMPANY  INC,750,6,DSP-KY-113,EAGLE RARE,,23.1
P000026,17766,100.0,vendor,2013-12,23.1,23.1,23.1,15.4,154,3557.4,43,EAGLE RARE,SAZERAC COMPANY  INC,750,6,DSP-KY-113,EAGLE RARE,,23.1
P000026,17766,100.0,vendor,2014-02,25.74,25.74,25.74,17.16,162,4169.88,31,EAGLE RARE,SAZERAC COMPANY  INC,750,6,DSP-KY-113,EAGLE RARE,,25.74
P000026,17766,100.0,vendor,2014-03,25.74,25.74,25.74,17.16,159,4092.66,31,EAGLE RARE,SAZERAC COMPANY  INC,750,6,DSP-KY-113,EAGLE RARE,,25.74
P000026,17766,100.0,vendor,2014-04,25.74,25.74,25.74,17.16,165,4247.1,33,EAGLE RARE,SAZERAC COMPANY  INC,750,6,DSP-KY-113,EAGLE RARE,,25.74
P000026,17766,100.0,vendor,2014-05,25.74,25.74,25.74,17.16,168,4324.32,35,EAGLE RARE,SAZERAC COMPANY  INC,750,6,DSP-KY-113,EAGLE RARE,,25.74
P000026,17766,100.0,vendor,2014-06,25.74,25.74,25.74,17.16,161,4144.14,34,EAGLE RARE,SAZERAC COMPANY  INC,750,6,DSP-KY-113,EAGLE RARE,,25.74
P000026,17766,100.0,vendor,2014-07,25.74,25.74,25.74,17.16,163,4195.62,38,EAGLE RARE,SAZERAC COMPANY  INC,750,6,DSP-KY-113,EAGLE RARE,,25.74
P000026,17766,100.0,vendor,2014-08,25.74,25.74,25.74,17.16,162,4169.88,30,EAGLE RARE,SAZERAC COMPANY  INC,750,6,DSP-KY-113,EAGLE RARE,,25.74
P000026,17766,100.0,vendor,2014-09,25.74,25.74,25.74,17.16,115,2960.1,26,EAGLE RARE,SAZERAC COMPANY  INC,750,6,DSP-KY-113,EAGLE RARE,,25.74
P000026,17766,100.0,vendor,2014-10,25.74,25.74,25.74,17.16,146,3758.04,36,EAGLE RARE,SAZERAC COMPANY  INC,750,6,DSP-KY-113,EAGLE RARE,,25.74
P000026,17766,100.0,vendor,2014-11,25.74,25.74,25.74,17.16,169,4350.06,36,EAGLE RARE,SAZERAC COMPANY  INC,750,6,DSP-KY-113,EAGLE RARE,,25.74
P000026,17766,100.0,vendor,2014-12,25.74,25.74,25.74,17.16,319,8211.06,60,EAGLE RARE,SAZERAC COMPANY  INC,750,6,DSP-KY-113,EAGLE RARE,,25.74
P000026,17766,100.0,vendor,2015-01,25.74,25.74,25.74,17.16,167,4298.58,35,EAGLE RARE,SAZERAC COMPANY  INC,750,6,DSP-KY-113,EAGLE RARE,,25.74
P000026,17766,100.0,vendor,2015-02,25.74,25.74,25.74,17.16,194,4993.56,40,EAGLE RARE,SAZERAC COMPANY  INC,750,6,DSP-KY-113,EAGLE RARE,,25.74
P000026,17766,100.0,vendor,2015-03,25.74,25.74,25.74,17.16,183,4710.42,42,EAGLE RARE,SAZERAC COMPANY  INC,750,6,DSP-KY-113,EAGLE RARE,,25.74
P000026,17766,100.0,vendor,2015-04,25.74,25.74,25.74,17.16,162,4169.88,36,EAGLE RARE,SAZERAC COMPANY  INC,750,6,DSP-KY-113,EAGLE RARE,,25.74
P000026,17766,100.0,vendor,2015-05,25.74,25.74,25.74,17.16,162,4169.88,34,EAGLE RARE,SAZERAC COMPANY  INC,750,6,DSP-KY-113,EAGLE RARE,,25.74
P000026,17766,100.0,vendor,2015-06,25.74,25.74,25.74,17.16,156,4015.44,35,EAGLE RARE,SAZERAC COMPANY  INC,750,6,DSP-KY-113,EAGLE RARE,,25.74
P000026,17766,100.0,vendor,2015-07,25.74,25.74,25.74,17.16,162,4169.88,32,EAGLE RARE,SAZERAC COMPANY  INC,750,6,DSP-KY-113,EAGLE RARE,,25.74
P000026,17766,100.0,vendor,2015-08,25.74,25.74,25.74,17.16,162,4169.88,34,EAGLE RARE,SAZERAC COMPANY  INC,750,6,DSP-KY-113,EAGLE RARE,,25.74
P000026,17766,100.0,vendor,2015-09,25.74,25.74,25.74,17.16,162,4169.88,29,EAGLE RARE,SAZERAC COMPANY  INC,750,6,DSP-KY-113,EAGLE RARE,,25.74
P000026,17766,100.0,vendor,2015-10,25.74,25.74,25.74,17.16,162,4169.88,31,EAGLE RARE,SAZERAC COMPANY  INC,750,6,DSP-KY-113,EAGLE RARE,,25.74
P000026,17766,100.0,vendor,2015-11,25.74,25.74,25.74,17.16,312,8030.88,53,EAGLE RARE,SAZERAC COMPANY  INC,750,6,DSP-KY-113,EAGLE RARE,,25.74
P000026,17766,100.0,vendor,2015-12,25.74,25.74,25.74,17.16,336,8648.64,56,EAGLE RARE,SAZERAC COMPANY  INC,750,6,DSP-KY-113,EAGLE RARE,,25.74
P000026,17766,100.0,vendor,2016-01,25.74,25.74,25.74,17.16,298,7670.52,55,EAGLE RARE,SAZERAC COMPANY  INC,750,6,DSP-KY-113,EAGLE RARE,,25.74
P000026,17766,100.0,vendor,2016-02,25.74,25.74,25.74,17.16,291,7490.34,48,EAGLE RARE,SAZERAC COMPANY  INC,750,6,DSP-KY-113,EAGLE RARE,,25.74
P000026,17766,100.0,vendor,2016-03,25.74,25.74,25.74,17.16,281,7232.94,48,EAGLE RARE,SAZERAC COMPANY  INC,750,6,DSP-KY-113,EAGLE RARE,,25.74
P000026,17766,100.0,vendor,2016-04,25.74,25.74,25.74,17.16,244,6280.56,50,EAGLE RARE,SAZERAC COMPANY  INC,750,6,DSP-KY-113,EAGLE RARE,,25.74
P000026,17766,100.0,vendor,2016-05,25.74,25.74,25.74,17.16,287,7387.38,56,EAGLE RARE,SAZERAC COMPANY  INC,750,6,DSP-KY-113,EAGLE RARE,,25.74
P000026,17766,100.0,vendor,2016-06,25.74,25.74,25.74,17.16,310,7979.4,56,EAGLE RARE,SAZERAC COMPANY  INC,750,6,DSP-KY-113,EAGLE RARE,,25.74
P000026,17766,100.0,vendor,2016-07,25.74,25.74,25.74,17.16,201,5173.74,42,EAGLE RARE,SAZERAC COMPANY  INC,750,6,DSP-KY-113,EAGLE RARE,,25.74
P000026,17766,100.0,vendor,2016-08,25.74,25.74,25.74,17.16,269,7567.56,62,EAGLE RARE,SAZERAC COMPANY  INC,750,6,DSP-KY-113,EAGLE RARE,,25.74
P000026,17766,100.0,vendor,2016-09,25.74,25.74,25.74,17.16,216,5585.58,47,EAGLE RARE,SAZERAC COMPANY  INC,750,6,DSP-KY-113,EAGLE RARE,,25.74
P000026,17766,100.0,vendor,2016-10,25.74,25.74,25.74,17.16,304,7824.96,60,EAGLE RARE,SAZERAC COMPANY  INC,750,6,DSP-KY-113,EAGLE RARE,,25.74
P000026,17766,100.0,vendor,2016-11,25.74,25.74,25.74,17.16,318,8185.32,60,EAGLE RARE,SAZERAC COMPANY  INC,750,6,DSP-KY-113,EAGLE RARE,,25.74
P000026,17766,100.0,vendor,2016-12,25.74,25.74,25.74,17.16,483,12432.42,77,EAGLE RARE,SAZERAC COMPANY  INC,750,6,DSP-KY-113,EAGLE RARE,,25.74
P000026,17766,100.0,vendor,2017-01,25.74,25.74,25.74,17.16,407,10476.18,61,EAGLE RARE,SAZERAC COMPANY  INC,750,6,DSP-KY-113,EAGLE RARE,,25.74
P000026,17766,100.0,vendor,2017-02,25.74,25.74,25.74,17.16,346,8906.04,61,EAGLE RARE,SAZERAC COMPANY  INC,750,6,DSP-KY-113,EAGLE RARE,,25.74
P000026,17766,100.0,vendor,2017-03,25.74,25.74,25.74,17.16,285,7335.9,54,EAGLE RARE,SAZERAC COMPANY  INC,750,6,DSP-KY-113,EAGLE RARE,,25.74
P000026,17766,100.0,vendor,2017-04,25.74,25.74,25.74,17.16,303,7927.92,57,EAGLE RARE,SAZERAC COMPANY  INC,750,6,DSP-KY-113,EAGLE RARE,,25.74
P000026,17766,100.0,vendor,2017-05,25.74,25.74,25.74,17.16,413,10630.62,73,EAGLE RARE,SAZERAC COMPANY  INC,750,6,DSP-KY-113,EAGLE RARE,,25.74
P000026,17766,100.0,vendor,2017-06,25.74,25.74,25.74,17.16,396,10193.04,75,EAGLE RARE,SAZERAC COMPANY  INC,750,6,DSP-KY-113,EAGLE RARE,,25.74
P000026,17766,100.0,vendor,2017-07,25.74,25.74,25.74,17.16,335,8622.9,62,EAGLE RARE,SAZERAC COMPANY  INC,750,6,DSP-KY-113,EAGLE RARE,,25.74
P000026,17766,100.0,vendor,2017-08,25.74,25.74,25.74,17.16,413,10888.02,75,EAGLE RARE,SAZERAC COMPANY  INC,750,6,DSP-KY-113,EAGLE RARE,,25.74
P000026,17766,100.0,vendor,2017-09,25.74,25.74,25.74,17.16,381,10090.08,69,EAGLE RARE,SAZERAC COMPANY  INC,750,6,DSP-KY-113,EAGLE RARE,,25.74
P000026,17766,100.0,vendor,2017-10,25.74,25.74,25.74,17.16,419,10785.06,78,EAGLE RARE,SAZERAC COMPANY  INC,750,6,DSP-KY-113,EAGLE RARE,,25.74
P000026,17766,100.0,vendor,2017-11,25.74,25.74,25.74,17.16,520,13384.8,80,EAGLE RARE,SAZERAC COMPANY  INC,750,6,DSP-KY-113,EAGLE RARE,,25.74
P000026,17766,100.0,vendor,2017-12,25.74,25.74,25.74,17.16,498,12818.52,89,EAGLE RARE,SAZERAC COMPANY  INC,750,6,DSP-KY-113,EAGLE RARE,,25.74
P000026,17766,100.0,vendor,2018-01,25.74,25.74,25.74,17.16,330,8494.2,57,EAGLE RARE,SAZERAC COMPANY  INC,750,6,DSP-KY-113,EAGLE RARE,,25.74
P000026,17766,100.0,vendor,2018-02,25.74,25.74,25.74,17.16,324,8339.76,47,EAGLE RARE,SAZERAC COMPANY  INC,750,6,DSP-KY-113,EAGLE RARE,,25.74
P000026,17766,100.0,vendor,2018-03,25.74,25.74,25.74,17.16,486,12509.64,77,EAGLE RARE,SAZERAC COMPANY  INC,750,6,DSP-KY-113,EAGLE RARE,,25.74
P000026,17766,100.0,vendor,2018-04,25.74,25.74,25.74,17.16,481,12509.64,83,EAGLE RARE,SAZERAC COMPANY  INC,750,6,DSP-KY-113,EAGLE RARE,,25.74
P000026,17766,100.0,vendor,2018-05,25.74,25.74,25.74,17.16,490,12612.6,77,EAGLE RARE,SAZERAC COMPANY  INC,750,6,DSP-KY-113,EAGLE RARE,,25.74
P000026,17766,100.0,vendor,2018-06,25.74,25.74,25.74,17.16,480,12355.2,79,EAGLE RARE,SAZERAC COMPANY  INC,750,6,DSP-KY-113,EAGLE RARE,,25.74
P000026,17766,100.0,vendor,2018-07,25.74,25.74,25.74,17.16,88,2265.12,14,EAGLE RARE,SAZERAC COMPANY  INC,750,6,DSP-KY-113,EAGLE RARE,,25.74
P000026,17766,100.0,vendor,2018-08,25.74,25.74,25.74,17.16,572,14723.28,85,EAGLE RARE,SAZERAC COMPANY  INC,750,6,DSP-KY-113,EAGLE RARE,,25.74
P000026,17766,100.0,vendor,2018-09,25.74,25.74,25.74,17.16,324,8339.76,57,EAGLE RARE,SAZERAC COMPANY  INC,750,6,DSP-KY-113,EAGLE RARE,,25.74
P000026,17766,100.0,vendor,2018-10,25.74,25.74,25.74,17.16,641,16499.34,86,EAGLE RARE,SAZERAC COMPANY  INC,750,6,DSP-KY-113,EAGLE RARE,,25.74
P000026,17766,100.0,vendor,2018-11,25.74,25.74,25.74,17.16,660,16988.4,84,EAGLE RARE,SAZERAC COMPANY  INC,750,6,DSP-KY-113,EAGLE RARE,,25.74
P000026,17766,100.0,vendor,2018-12,25.74,25.74,25.74,17.16,660,16988.4,84,EAGLE RARE,SAZERAC COMPANY  INC,750,6,DSP-KY-113,EAGLE RARE,,25.74
P000026,17766,100.0,vendor,2019-01,25.74,25.74,25.74,17.16,330,8494.2,47,EAGLE RARE,SAZERAC COMPANY  INC,750,6,DSP-KY-113,EAGLE RARE,,25.74
P000026,17766,100.0,vendor,2019-02,25.74,25.74,25.74,17.16,324,8339.76,45,EAGLE RARE,SAZERAC COMPANY  INC,750,6,DSP-KY-113,EAGLE RARE,,25.74
P000026,17766,100.0,vendor,2019-03,25.74,25.74,25.74,17.16,324,8339.76,46,EAGLE RARE,SAZERAC COMPANY  INC,750,6,DSP-KY-113,EAGLE RARE,,25.74
P000026,17766,100.0,vendor,2019-04,25.74,25.74,25.74,17.16,648,16679.52,87,EAGLE RARE,SAZERAC COMPANY  INC,750,6,DSP-KY-113,EAGLE RARE,,25.74
P000026,17766,100.0,vendor,2019-05,25.74,25.74,25.74,17.16,648,16679.52,83,EAGLE RARE,SAZERAC COMPANY  INC,750,6,DSP-KY-113,EAGLE RARE,,25.74
P000026,17766,100.0,vendor,2019-06,25.74,25.74,25.74,17.16,642,16525.08,77,EAGLE RARE,SAZERAC COMPANY  INC,750,6,DSP-KY-113,EAGLE RARE,,25.74
P000026,17766,100.0,vendor,2019-07,25.74,25.74,25.74,17.16,648,16679.52,89,EAGLE RARE,SAZERAC COMPANY  INC,750,6,DSP-KY-113,EAGLE RARE,,25.74
P000026,17766,100.0,vendor,2019-08,25.74,25.74,25.74,17.16,642,16525.08,86,EAGLE RARE,SAZERAC COMPANY  INC,750,6,DSP-KY-113,EAGLE RARE,,25.74
P000026,17766,100.0,vendor,2019-09,25.74,25.74,25.74,17.16,648,16679.52,86,EAGLE RARE,SAZERAC COMPANY  INC,750,6,DSP-KY-113,EAGLE RARE,,25.74
P000026,17766,100.0,vendor,2019-11,25.74,25.74,25.74,17.16,1314,33822.36,157,EAGLE RARE,SAZERAC COMPANY  INC,750,6,DSP-KY-113,EAGLE RARE,,25.74
P000026,17766,100.0,vendor,2019-12,25.74,25.74,25.74,17.16,648,16679.52,112,EAGLE RARE,SAZERAC COMPANY  INC,750,6,DSP-KY-113,EAGLE RARE,,25.74
P000026,17766,100.0,vendor,2020-01,25.74,25.74,25.74,17.16,648,16679.52,113,EAGLE RARE,SAZERAC COMPANY  INC,750,6,DSP-KY-113,EAGLE RARE,,25.74
P000026,17766,100.0,vendor,2020-02,25.74,25.74,25.74,17.16,648,16679.52,112,EAGLE RARE,SAZERAC COMPANY  INC,750,6,DSP-KY-113,EAGLE RARE,,25.74
P000026,17766,100.0,vendor,2020-03,25.74,25.74,25.74,17.16,654,16833.96,113,EAGLE RARE,SAZERAC COMPANY  INC,750,6,DSP-KY-113,EAGLE RARE,,25.74
P000026,17766,100.0,vendor,2020-04,25.74,25.74,25.74,17.16,643,16550.82,112,EAGLE RARE,SAZERAC COMPANY  INC,750,6,DSP-KY-113,EAGLE RARE,,25.74
P000026,17766,100.0,vendor,2020-05,25.74,25.74,25.74,17.16,648,16679.52,111,EAGLE RARE,SAZERAC COMPANY  INC,750,6,DSP-KY-113,EAGLE RARE,,25.74
P000026,17766,100.0,vendor,2020-06,25.74,25.74,25.74,17.16,648,16679.52,113,EAGLE RARE,SAZERAC COMPANY  INC,750,6,DSP-KY-113,EAGLE RARE,,25.74
P000026,17766,100.0,vendor,2020-07,25.74,25.74,25.74,17.16,648,16679.52,113,EAGLE RARE,SAZERAC COMPANY  INC,750,6,DSP-KY-113,EAGLE RARE,,25.74
P000026,17766,100.0,vendor,2020-08,25.74,25.74,25.74,17.16,648,16679.52,113,EAGLE RARE,SAZERAC COMPANY  INC,750,6,DSP-KY-113,EAGLE RARE,,25.74
P000026,17766,100.0,vendor,2020-09,25.74,25.74,25.74,17.16,648,16679.52,111,EAGLE RARE,SAZERAC COMPANY  INC,750,6,DSP-KY-113,EAGLE RARE,,25.74
P000026,17766,100.0,vendor,2020-11,25.74,25.74,25.74,17.16,1299,33436.26,225,EAGLE RARE,SAZERAC COMPANY  INC,750,6,DSP-KY-113,EAGLE RARE,,25.74
P000026,17766,100.0,vendor,2020-12,25.74,25.74,25.74,17.16,648,16679.52,111,EAGLE RARE,SAZERAC COMPANY  INC,750,6,DSP-KY-113,EAGLE RARE,,25.74
P000026,17766,100.0,vendor,2021-01,25.74,25.74,25.74,17.16,648,16679.52,111,EAGLE RARE,SAZERAC COMPANY  INC,750,6,DSP-KY-113,EAGLE RARE,,25.74
P000026,17766,100.0,vendor,2021-02,25.74,25.74,25.74,17.16,642,16525.08,110,EAGLE RARE,SAZERAC COMPANY  INC,750,6,DSP-KY-113,EAGLE RARE,,25.74
P000026,17766,100.0,vendor,2021-03,25.74,25.74,25.74,17.16,648,16679.52,114,EAGLE RARE,SAZERAC COMPANY  INC,750,6,DSP-KY-113,EAGLE RARE,,25.74
P000026,17766,100.0,vendor,2021-05,25.74,25.74,25.74,17.16,499,12844.26,83,EAGLE RARE,SAZERAC COMPANY  INC,750,6,DSP-KY-113,EAGLE RARE,,25.74
P000026,17766,100.0,vendor,2021-06,25.74,25.74,25.74,17.16,1478,38043.72,254,EAGLE RARE,SAZERAC COMPANY  INC,750,6,DSP-KY-113,EAGLE RARE,,25.74
P000026,17766,100.0,vendor,2021-07,25.74,25.74,25.74,17.16,648,16679.52,110,EAGLE RARE,SAZERAC COMPANY  INC,750,6,DSP-KY-113,EAGLE RARE,,25.74
P000026,17766,100.0,vendor,2021-08,25.74,25.74,25.74,17.16,642,16525.08,110,EAGLE RARE,SAZERAC COMPANY  INC,750,6,DSP-KY-113,EAGLE RARE,,25.74
P000026,17766,100.0,vendor,2021-09,25.74,25.74,25.74,17.16,648,16679.52,110,EAGLE RARE,SAZERAC COMPANY  INC,750,6,DSP-KY-113,EAGLE RARE,,25.74
P000026,17766,100.0,vendor,2021-10,25.74,25.74,25.74,17.16,642,16525.08,109,EAGLE RARE,SAZERAC COMPANY  INC,750,6,DSP-KY-113,EAGLE RARE,,25.74
P000026,17766,100.0,vendor,2021-11,25.74,25.74,25.74,17.16,648,16679.52,111,EAGLE RARE,SAZERAC COMPANY  INC,750,6,DSP-KY-113,EAGLE RARE,,25.74
P000026,17766,100.0,vendor,2021-12,25.74,25.74,25.74,17.16,648,16679.52,111,EAGLE RARE,SAZERAC COMPANY  INC,750,6,DSP-KY-113,EAGLE RARE,,25.74
P000026,17766,100.0,vendor,2022-01,25.74,25.74,25.74,17.16,648,16679.52,109,EAGLE RARE,SAZERAC COMPANY  INC,750,6,DSP-KY-113,EAGLE RARE,,25.74
P000026,17766,100.0,vendor,2022-03,25.74,25.74,25.74,17.16,642,16525.08,110,EAGLE RARE,SAZERAC COMPANY  INC,750,6,DSP-KY-113,EAGLE RARE,,25.74
P000026,17766,100.0,vendor,2022-04,25.74,25.74,25.74,17.16,648,16679.52,110,EAGLE RARE,SAZERAC COMPANY  INC,750,6,DSP-KY-113,EAGLE RARE,,25.74
P000026,17766,100.0,vendor,2022-05,25.74,25.74,25.74,17.16,648,16679.52,111,EAGLE RARE,SAZERAC COMPANY  INC,750,6,DSP-KY-113,EAGLE RARE,,25.74
P000026,17766,100.0,vendor,2022-06,25.74,25.74,25.74,17.16,648,16679.52,111,EAGLE RARE,SAZERAC COMPANY  INC,750,6,DSP-KY-113,EAGLE RARE,,25.74
P000026,17766,100.0,vendor,2022-07,25.74,25.74,25.74,17.16,1296,33359.04,225,EAGLE RARE,SAZERAC COMPANY  INC,750,6,DSP-KY-113,EAGLE RARE,,25.74
P000026,17766,100.0,vendor,2022-08,27.0,27.0,27.0,18.0,642,16525.08,110,EAGLE RARE,SAZERAC COMPANY  INC,750,6,DSP-KY-113,EAGLE RARE,,27.0
P000026,17766,100.0,vendor,2022-09,27.0,27.0,27.0,18.0,642,17334.0,110,EAGLE RARE,SAZERAC COMPANY  INC,750,6,DSP-KY-113,EAGLE RARE,,27.0
P000026,17766,100.0,vendor,2022-10,27.0,27.0,27.0,18.0,642,17334.0,110,EAGLE RARE,SAZERAC COMPANY  INC,750,6,DSP-KY-113,EAGLE RARE,,27.0
P000026,17766,100.0,vendor,2022-11,27.0,27.0,27.0,18.0,418,11286.0,71,EAGLE RARE,SAZERAC COMPANY  INC,750,6,DSP-KY-113,EAGLE RARE,,27.0
P000026,17766,100.0,vendor,2022-12,27.0,27.0,27.0,18.0,866,23382.0,122,EAGLE RARE,SAZERAC COMPANY  INC,750,6,DSP-KY-113,EAGLE RARE,,27.0
P000026,17766,100.0,vendor,2023-01,27.0,27.0,27.0,18.0,654,17658.0,113,EAGLE RARE,SAZERAC COMPANY  INC,750,6,DSP-KY-113,EAGLE RARE,,27.0
P000026,17766,100.0,vendor,2023-02,27.0,27.0,27.0,18.0,648,17496.0,111,EAGLE RARE,SAZERAC COMPANY  INC,750,6,DSP-KY-113,EAGLE RARE,,27.0
P000026,17766,100.0,vendor,2023-03,27.0,27.0,27.0,18.0,642,17334.0,109,EAGLE RARE,SAZERAC COMPANY  INC,750,6,DSP-KY-113,EAGLE RARE,,27.0
P000026,17766,100.0,vendor,2023-04,27.0,27.0,27.0,18.0,648,17496.0,110,EAGLE RARE,SAZERAC COMPANY  INC,750,6,DSP-KY-113,EAGLE RARE,,27.0
P000026,17766,100.0,vendor,2023-05,27.0,27.0,27.0,18.0,630,17010.0,108,EAGLE RARE,SAZERAC COMPANY  INC,750,6,DSP-KY-113,EAGLE RARE,,27.0
P000026,17766,100.0,vendor,2023-06,27.0,27.0,27.0,18.0,648,17496.0,109,EAGLE RARE,SAZERAC COMPANY  INC,750,6,DSP-KY-113,EAGLE RARE,,27.0
P000026,17766,100.0,vendor,2023-07,27.0,27.0,27.0,18.0,654,17658.0,112,EAGLE RARE,SAZERAC COMPANY  INC,750,6,DSP-KY-113,EAGLE RARE,,27.0
P000026,17766,100.0,vendor,2023-08,27.0,27.0,27.0,18.0,684,18468.0,117,EAGLE RARE,SAZERAC COMPANY  INC,750,6,DSP-KY-113,EAGLE RARE,,27.0
P000026,17766,100.0,vendor,2023-09,27.0,27.0,27.0,18.0,648,17496.0,111,EAGLE RARE,SAZERAC COMPANY  INC,750,6,DSP-KY-113,EAGLE RARE,,27.0
P000026,17766,100.0,vendor,2023-10,28.5,28.5,28.5,19.0,654,17658.0,111,EAGLE RARE,SAZERAC COMPANY  INC,750,6,DSP-KY-113,EAGLE RARE,,28.5
P000026,17766,100.0,vendor,2023-11,28.5,28.5,28.5,19.0,648,18468.0,112,EAGLE RARE,SAZERAC COMPANY  INC,750,6,DSP-KY-113,EAGLE RARE,,28.5
P000026,17766,100.0,vendor,2023-12,28.5,28.5,28.5,19.0,642,18297.0,111,EAGLE RARE,SAZERAC COMPANY  INC,750,6,DSP-KY-113,EAGLE RARE,,28.5
P000026,17766,100.0,vendor,2024-01,28.5,28.5,28.5,19.0,648,18468.0,111,EAGLE RARE,SAZERAC COMPANY  INC,750,6,DSP-KY-113,EAGLE RARE,,28.5
P000026,17766,100.0,vendor,2024-02,28.5,28.5,28.5,19.0,642,18297.0,110,EAGLE RARE,SAZERAC COMPANY  INC,750,6,DSP-KY-113,EAGLE RARE,,28.5
P000026,17766,100.0,vendor,2024-03,28.5,28.5,28.5,19.0,651,18553.5,110,EAGLE RARE,SAZERAC COMPANY  INC,750,6,DSP-KY-113,EAGLE RARE,,28.5
P000026,17766,100.0,vendor,2024-04,28.5,28.5,28.5,19.0,636,18126.0,110,EAGLE RARE,SAZERAC COMPANY  INC,750,6,DSP-KY-113,EAGLE RARE,,28.5
P000026,17766,100.0,vendor,2024-05,28.5,28.5,28.5,19.0,646,18411.0,114,EAGLE RARE,SAZERAC COMPANY  INC,750,6,DSP-KY-113,EAGLE RARE,,28.5
P000026,17766,100.0,vendor,2024-06,28.5,28.5,28.5,19.0,648,18468.0,111,EAGLE RARE,SAZERAC COMPANY  INC,750,6,DSP-KY-113,EAGLE RARE,,28.5
P000026,17766,100.0,vendor,2024-07,28.5,28.5,28.5,19.0,648,18468.0,112,EAGLE RARE,SAZERAC COMPANY  INC,750,6,DSP-KY-113,EAGLE RARE,,28.5
P000026,17766,100.0,vendor,2024-08,28.5,28.5,28.5,19.0,648,18468.0,112,EAGLE RARE,SAZERAC COMPANY  INC,750,6,DSP-KY-113,EAGLE RARE,,28.5
P000026,17766,100.0,vendor,2024-09,28.5,28.5,28.5,19.0,672,19152.0,115,EAGLE RARE,SAZERAC COMPANY  INC,750,6,DSP-KY-113,EAGLE RARE,,28.5
P000026,17766,100.0,vendor,2024-10,28.5,28.5,28.5,19.0,642,18297.0,114,EAGLE RARE,SAZERAC COMPANY  INC,750,6,DSP-KY-113,EAGLE RARE,,28.5
P000026,17766,100.0,vendor,2024-11,28.5,28.5,28.5,19.0,810,23085.0,407,EAGLE RARE,SAZERAC COMPANY  INC,750,6,DSP-KY-113,EAGLE RARE,,28.5
P000026,17766,100.0,vendor,2024-12,28.5,28.5,28.5,19.0,648,18468.0,326,EAGLE RARE,SAZERAC COMPANY  INC,750,6,DSP-KY-113,EAGLE RARE,,28.5
P000026,17766,100.0,vendor,2025-01,32.25,32.25,32.25,21.5,648,18468.0,329,EAGLE RARE,SAZERAC COMPANY  INC,750,6,DSP-KY-113,EAGLE RARE,,32.25
P000026,17766,100.0,vendor,2025-02,32.25,32.25,32.25,21.5,251,8094.75,126,EAGLE RARE,SAZERAC COMPANY  INC,750,6,DSP-KY-113,EAGLE RARE,,32.25
P000026,17766,100.0,vendor,2025-03,32.25,32.25,32.25,21.5,1045,33701.25,401,EAGLE RARE,SAZERAC COMPANY  INC,750,6,DSP-KY-113,EAGLE RARE,,32.25
P000026,17766,100.0,vendor,2025-04,32.25,32.25,32.25,21.5,639,20607.75,321,EAGLE RARE,SAZERAC COMPANY  INC,750,6,DSP-KY-113,EAGLE RARE,,32.25
P000026,17766,100.0,vendor,2025-05,32.25,32.25,32.25,21.5,668,21543.0,334,EAGLE RARE,SAZERAC COMPANY  INC,750,6,DSP-KY-113,EAGLE RARE,,32.25
P000026,17766,100.0,vendor,2025-06,32.25,32.25,32.25,21.5,814,26251.5,415,EAGLE RARE,SAZERAC COMPANY  INC,750,6,DSP-KY-113,EAGLE RARE,,32.25
P000026,17766,100.0,vendor,2025-07,32.25,32.25,32.25,21.5,810,26122.5,408,EAGLE RARE,SAZERAC COMPANY  INC,750,6,DSP-KY-113,EAGLE RARE,,32.25
P000026,17766,100.0,vendor,2025-08,32.25,32.25,32.25,21.5,811,26154.75,410,EAGLE RARE,SAZERAC COMPANY  INC,750,6,DSP-KY-113,EAGLE RARE,,32.25
P000026,17766,100.0,vendor,2025-09,32.25,32.25,32.25,21.5,812,26187.0,413,EAGLE RARE,SAZERAC COMPANY  INC,750,6,DSP-KY-113,EAGLE RARE,,32.25
P000026,17766,100.0,vendor,2025-10,32.25,32.25,32.25,21.5,802,25864.5,405,EAGLE RARE,SAZERAC COMPANY  INC,750,6,DSP-KY-113,EAGLE RARE,,32.25
P000026,17766,100.0,vendor,2025-11,32.25,32.25,32.25,21.5,810,26122.5,409,EAGLE RARE,SAZERAC COMPANY  INC,750,6,DSP-KY-113,EAGLE RARE,,32.25
P000026,17766,100.0,vendor,2025-12,32.25,32.25,32.25,21.5,810,26122.5,410,EAGLE RARE,SAZERAC COMPANY  INC,750,6,DSP-KY-113,EAGLE RARE,,32.25
P000026,17766,100.0,vendor,2026-01,33.75,33.75,33.75,22.5,810,26122.5,408,EAGLE RARE,SAZERAC COMPANY  INC,750,6,DSP-KY-113,EAGLE RARE,,33.75
P000026,17766,100.0,vendor,2026-02,33.75,33.75,33.75,22.5,801,27033.75,406,EAGLE RARE,SAZERAC COMPANY  INC,750,6,DSP-KY-113,EAGLE RARE,,33.75
P000026,17766,100.0,vendor,2026-03,33.75,33.75,33.75,22.5,812,27405.0,412,EAGLE RARE,SAZERAC COMPANY  INC,750,6,DSP-KY-113,EAGLE RARE,,33.75
P000026,17766,100.0,vendor,2026-04,33.75,33.75,33.75,22.5,810,27337.5,406,EAGLE RARE,SAZERAC COMPANY  INC,750,6,DSP-KY-113,EAGLE RARE,,33.75
P000028,19066,100.0,vendor,2012-01,13.41,13.41,13.41,8.42,3715,49818.15,307,JIM BEAM,JIM BEAM BRANDS,750,12,DSP-KY-230,JIM BEAM,,13.41
P000028,19066,100.0,vendor,2012-02,14.16,14.16,14.16,9.44,3314,46926.24,334,JIM BEAM,JIM BEAM BRANDS,750,12,DSP-KY-230,JIM BEAM,,14.16
P000028,19066,100.0,vendor,2012-03,14.16,14.16,14.16,9.44,3346,47379.36,337,JIM BEAM,JIM BEAM BRANDS,750,12,DSP-KY-230,JIM BEAM,,14.16
P000028,19066,100.0,vendor,2012-04,14.16,14.16,14.16,9.44,3737,52915.92,336,JIM BEAM,JIM BEAM BRANDS,750,12,DSP-KY-230,JIM BEAM,,14.16
P000028,19066,100.0,vendor,2012-05,13.41,13.41,13.41,8.42,4909,65829.69,374,JIM BEAM,JIM BEAM BRANDS,750,12,DSP-KY-230,JIM BEAM,,13.41
P000028,19066,100.0,vendor,2012-06,14.16,14.16,14.16,9.44,3596,50919.36,342,JIM BEAM,JIM BEAM BRANDS,750,12,DSP-KY-230,JIM BEAM,,14.16
P000028,19066,100.0,vendor,2012-07,14.16,14.16,14.16,9.44,3600,50976.0,332,JIM BEAM,JIM BEAM BRANDS,750,12,DSP-KY-230,JIM BEAM,,14.16
P000028,19066,100.0,vendor,2012-08,14.16,14.16,14.16,9.44,5114,72414.24,432,JIM BEAM,JIM BEAM BRANDS,750,12,DSP-KY-230,JIM BEAM,,14.16
P000028,19066,100.0,vendor,2012-09,14.16,14.16,14.16,9.44,3212,45481.92,322,JIM BEAM,JIM BEAM BRANDS,750,12,DSP-KY-230,JIM BEAM,,14.16
P000028,19066,100.0,vendor,2012-10,14.16,14.16,14.16,9.44,6391,90496.56,392,JIM BEAM,JIM BEAM BRANDS,750,12,DSP-KY-230,JIM BEAM,,14.16
P000028,19066,100.0,vendor,2012-11,14.96,14.96,14.96,9.97,4355,65150.8,381,JIM BEAM,JIM BEAM BRANDS,750,12,DSP-KY-230,JIM BEAM,,14.96
P000028,19066,100.0,vendor,2012-12,14.96,14.96,14.96,9.97,5002,74829.92,434,JIM BEAM,JIM BEAM BRANDS,750,12,DSP-KY-230,JIM BEAM,,14.96
P000028,19066,100.0,vendor,2013-01,14.21,14.21,14.21,9.22,4516,64172.36,376,JIM BEAM,JIM BEAM BRANDS,750,12,DSP-KY-230,JIM BEAM,,14.21
P000028,19066,100.0,vendor,2013-02,14.96,14.96,14.96,9.97,3790,56698.4,351,JIM BEAM,JIM BEAM BRANDS,750,12,DSP-KY-230,JIM BEAM,,14.96
P000028,19066,100.0,vendor,2013-03,14.96,14.96,14.96,9.97,3743,55995.28,361,JIM BEAM,JIM BEAM BRANDS,750,12,DSP-KY-230,JIM BEAM,,14.96
P000028,19066,100.0,vendor,2013-04,14.96,14.96,14.96,9.97,4433,66317.68,393,JIM BEAM,JIM BEAM BRANDS,750,12,DSP-KY-230,JIM BEAM,,14.96
P000028,19066,100.0,vendor,2013-05,14.21,14.21,14.21,9.22,5808,82531.68,424,JIM BEAM,JIM BEAM BRANDS,750,12,DSP-KY-230,JIM BEAM,,14.21
P000028,19066,100.0,vendor,2013-06,14.96,14.96,14.96,9.97,4169,62368.24,378,JIM BEAM,JIM BEAM BRANDS,750,12,DSP-KY-230,JIM BEAM,,14.96
P000028,19066,100.0,vendor,2013-07,14.96,14.96,14.96,9.97,4855,72630.8,422,JIM BEAM,JIM BEAM BRANDS,750,12,DSP-KY-230,JIM BEAM,,14.96
P000028,19066,100.0,vendor,2013-08,14.96,14.96,14.96,9.97,4634,69324.64,400,JIM BEAM,JIM BEAM BRANDS,750,12,DSP-KY-230,JIM BEAM,,14.96
P000028,19066,100.0,vendor,2013-09,14.96,14.96,14.96,9.97,4320,64627.2,378,JIM BEAM,JIM BEAM BRANDS,750,12,DSP-KY-230,JIM BEAM,,14.96
P000028,19066,100.0,vendor,2013-10,14.96,14.96,14.96,9.97,6406,95833.76,447,JIM BEAM,JIM BEAM BRANDS,750,12,DSP-KY-230,JIM BEAM,,14.96
P000028,19066,100.0,vendor,2013-11,15.74,15.74,15.74,10.49,4122,64880.28,371,JIM BEAM,JIM BEAM BRANDS,750,12,DSP-KY-230,JIM BEAM,,15.74
P000028,19066,100.0,vendor,2013-12,15.74,15.74,15.74,10.49,5604,88206.96,451,JIM BEAM,JIM BEAM BRANDS,750,12,DSP-KY-230,JIM BEAM,,15.74
P000028,19066,100.0,vendor,2014-01,14.95,14.95,14.95,9.7,9688,144835.6,403,JIM BEAM,JIM BEAM BRANDS,750,12,DSP-KY-230,JIM BEAM,,14.95
P000028,19066,100.0,vendor,2014-02,15.74,15.74,15.74,10.49,3537,55672.38,327,JIM BEAM,JIM BEAM BRANDS,750,12,DSP-KY-230,JIM BEAM,,15.74
P000028,19066,100.0,vendor,2014-03,15.74,15.74,15.74,10.49,3908,61511.92,333,JIM BEAM,JIM BEAM BRANDS,750,12,DSP-KY-230,JIM BEAM,,15.74
P000028,19066,100.0,vendor,2014-04,15.74,15.74,15.74,10.49,3582,56380.68,343,JIM BEAM,JIM BEAM BRANDS,750,12,DSP-KY-230,JIM BEAM,,15.74
P000028,19066,100.0,vendor,2014-05,14.95,14.95,14.95,9.7,3881,58020.95,339,JIM BEAM,JIM BEAM BRANDS,750,12,DSP-KY-230,JIM BEAM,,14.95
P000028,19066,100.0,vendor,2014-06,15.74,15.74,15.74,10.49,4246,66832.04,395,JIM BEAM,JIM BEAM BRANDS,750,12,DSP-KY-230,JIM BEAM,,15.74
P000028,19066,100.0,vendor,2014-07,15.74,15.74,15.74,10.49,3363,52933.62,341,JIM BEAM,JIM BEAM BRANDS,750,12,DSP-KY-230,JIM BEAM,,15.74
P000028,19066,100.0,vendor,2014-08,15.74,15.74,15.74,10.49,3995,62881.3,384,JIM BEAM,JIM BEAM BRANDS,750,12,DSP-KY-230,JIM BEAM,,15.74
P000028,19066,100.0,vendor,2014-09,14.95,14.95,14.95,9.7,4226,63178.7,387,JIM BEAM,JIM BEAM BRANDS,750,12,DSP-KY-230,JIM BEAM,,14.95
P000028,19066,100.0,vendor,2014-10,15.74,15.74,15.74,10.49,4469,70342.06,404,JIM BEAM,JIM BEAM BRANDS,750,12,DSP-KY-230,JIM BEAM,,15.74
P000028,19066,100.0,vendor,2014-11,15.74,15.74,15.74,10.49,6029,94896.46,395,JIM BEAM,JIM BEAM BRANDS,750,12,DSP-KY-230,JIM BEAM,,15.74
P000028,19066,100.0,vendor,2014-12,15.74,15.74,15.74,10.49,6793,106921.82,464,JIM BEAM,JIM BEAM BRANDS,750,12,DSP-KY-230,JIM BEAM,,15.74
P000028,19066,100.0,vendor,2015-01,15.74,15.74,15.74,10.49,4092,64408.08,385,JIM BEAM,JIM BEAM BRANDS,750,12,DSP-KY-230,JIM BEAM,,15.74
P000028,19066,100.0,vendor,2015-02,15.74,15.74,15.74,10.49,4787,75347.38,336,JIM BEAM,JIM BEAM BRANDS,750,12,DSP-KY-230,JIM BEAM,,15.74
P000028,19066,100.0,vendor,2015-03,15.74,15.74,15.74,10.49,3932,61889.68,390,JIM BEAM,JIM BEAM BRANDS,750,12,DSP-KY-230,JIM BEAM,,15.74
P000028,19066,100.0,vendor,2015-04,15.74,15.74,15.74,10.49,4204,66170.96,371,JIM BEAM,JIM BEAM BRANDS,750,12,DSP-KY-230,JIM BEAM,,15.74
P000028,19066,100.0,vendor,2015-05,14.95,14.95,14.95,9.7,4921,73568.95,423,JIM BEAM,JIM BEAM BRANDS,750,12,DSP-KY-230,JIM BEAM,,14.95
P000028,19066,100.0,vendor,2015-06,15.74,15.74,15.74,10.49,4920,77440.8,429,JIM BEAM,JIM BEAM BRANDS,750,12,DSP-KY-230,JIM BEAM,,15.74
P000028,19066,100.0,vendor,2015-07,15.74,15.74,15.74,10.49,3554,55939.96,350,JIM BEAM,JIM BEAM BRANDS,750,12,DSP-KY-230,JIM BEAM,,15.74
P000028,19066,100.0,vendor,2015-08,15.74,15.74,15.74,10.49,4097,64486.78,390,JIM BEAM,JIM BEAM BRANDS,750,12,DSP-KY-230,JIM BEAM,,15.74
P000028,19066,100.0,vendor,2015-09,14.95,14.95,14.95,9.7,6316,94424.2,456,JIM BEAM,JIM BEAM BRANDS,750,12,DSP-KY-230,JIM BEAM,,14.95
P000028,19066,100.0,vendor,2015-10,15.74,15.74,15.74,10.49,4647,73143.78,384,JIM BEAM,JIM BEAM BRANDS,750,12,DSP-KY-230,JIM BEAM,,15.74
P000028,19066,100.0,vendor,2015-11,15.74,15.74,15.74,10.49,4937,77708.38,396,JIM BEAM,JIM BEAM BRANDS,750,12,DSP-KY-230,JIM BEAM,,15.74
P000028,19066,100.0,vendor,2015-12,15.74,15.74,15.74,10.49,6308,99287.92,510,JIM BEAM,JIM BEAM BRANDS,750,12,DSP-KY-230,JIM BEAM,,15.74
P000028,19066,100.0,vendor,2016-01,15.74,15.74,15.74,10.49,4131,65021.94,386,JIM BEAM,JIM BEAM BRANDS,750,12,DSP-KY-230,JIM BEAM,,15.74
P000028,19066,100.0,vendor,2016-02,15.74,15.74,15.74,10.49,3933,61905.42,394,JIM BEAM,JIM BEAM BRANDS,750,12,DSP-KY-230,JIM BEAM,,15.74
P000028,19066,100.0,vendor,2016-03,15.74,15.74,15.74,10.49,5698,89686.52,429,JIM BEAM,JIM BEAM BRANDS,750,12,DSP-KY-230,JIM BEAM,,15.74
P000028,19066,100.0,vendor,2016-04,15.74,15.74,15.74,10.49,3584,56412.16,377,JIM BEAM,JIM BEAM BRANDS,750,12,DSP-KY-230,JIM BEAM,,15.74
P000028,19066,100.0,vendor,2016-05,15.74,15.74,15.74,10.49,5221,82178.54,454,JIM BEAM,JIM BEAM BRANDS,750,12,DSP-KY-230,JIM BEAM,,15.74
P000028,19066,100.0,vendor,2016-06,15.74,15.74,15.74,10.49,5084,80022.16,445,JIM BEAM,JIM BEAM BRANDS,750,12,DSP-KY-230,JIM BEAM,,15.74
P000028,19066,100.0,vendor,2016-07,15.74,15.74,15.74,10.49,3985,62723.9,397,JIM BEAM,JIM BEAM BRANDS,750,12,DSP-KY-230,JIM BEAM,,15.74
P000028,19066,100.0,vendor,2016-08,15.74,15.74,15.74,10.49,4552,77928.74,441,JIM BEAM,JIM BEAM BRANDS,750,12,DSP-KY-230,JIM BEAM,,15.74
P000028,19066,100.0,vendor,2016-09,15.74,15.74,15.74,10.49,5438,85767.26,442,JIM BEAM,JIM BEAM BRANDS,750,12,DSP-KY-230,JIM BEAM,,15.74
P000028,19066,100.0,vendor,2016-10,15.74,15.74,15.74,10.49,6135,96564.9,446,JIM BEAM,JIM BEAM BRANDS,750,12,DSP-KY-230,JIM BEAM,,15.74
P000028,19066,100.0,vendor,2016-11,15.74,15.74,15.74,10.49,6594,103773.82,476,JIM BEAM,JIM BEAM BRANDS,750,12,DSP-KY-230,JIM BEAM,,15.74
P000028,19066,100.0,vendor,2016-12,15.74,15.74,15.74,10.49,7050,110967.0,504,JIM BEAM,JIM BEAM BRANDS,750,12,DSP-KY-230,JIM BEAM,,15.74
P000028,19066,100.0,vendor,2017-01,15.74,15.74,15.74,10.49,4682,73694.68,393,JIM BEAM,JIM BEAM BRANDS,750,12,DSP-KY-230,JIM BEAM,,15.74
P000028,19066,100.0,vendor,2017-02,15.74,15.74,15.74,10.49,4323,68044.02,384,JIM BEAM,JIM BEAM BRANDS,750,12,DSP-KY-230,JIM BEAM,,15.74
P000028,19066,100.0,vendor,2017-03,15.74,15.74,15.74,10.49,5307,83516.44,433,JIM BEAM,JIM BEAM BRANDS,750,12,DSP-KY-230,JIM BEAM,,15.74
P000028,19066,100.0,vendor,2017-04,15.74,15.74,15.74,10.49,3925,61748.02,422,JIM BEAM,JIM BEAM BRANDS,750,12,DSP-KY-230,JIM BEAM,,15.74
P000028,19066,100.0,vendor,2017-05,15.74,15.74,15.74,10.49,5249,82619.26,494,JIM BEAM,JIM BEAM BRANDS,750,12,DSP-KY-230,JIM BEAM,,15.74
P000028,19066,100.0,vendor,2017-06,15.74,15.74,15.74,10.49,6004,94502.96,499,JIM BEAM,JIM BEAM BRANDS,750,12,DSP-KY-230,JIM BEAM,,15.74
P000028,19066,100.0,vendor,2017-07,15.74,15.74,15.74,10.49,4117,64801.58,415,JIM BEAM,JIM BEAM BRANDS,750,12,DSP-KY-230,JIM BEAM,,15.74
P000028,19066,100.0,vendor,2017-08,15.74,15.74,15.74,10.49,6576,103506.24,527,JIM BEAM,JIM BEAM BRANDS,750,12,DSP-KY-230,JIM BEAM,,15.74
P000028,19066,100.0,vendor,2017-09,15.74,15.74,15.74,10.49,4263,67099.62,419,JIM BEAM,JIM BEAM BRANDS,750,12,DSP-KY-230,JIM BEAM,,15.74
P000028,19066,100.0,vendor,2017-10,15.74,15.74,15.74,10.49,8128,130201.28,510,JIM BEAM,JIM BEAM BRANDS,750,12,DSP-KY-230,JIM BEAM,,15.74
P000028,19066,100.0,vendor,2017-11,15.74,15.74,15.74,10.49,7733,121717.42,492,JIM BEAM,JIM BEAM BRANDS,750,12,DSP-KY-230,JIM BEAM,,15.74
P000028,19066,100.0,vendor,2017-12,15.74,15.74,15.74,10.49,6497,102184.08,536,JIM BEAM,JIM BEAM BRANDS,750,12,DSP-KY-230,JIM BEAM,,15.74
P000028,19066,100.0,vendor,2018-01,15.74,15.74,15.74,10.49,5385,84759.9,489,JIM BEAM,JIM BEAM BRANDS,750,12,DSP-KY-230,JIM BEAM,,15.74
P000028,19066,100.0,vendor,2018-02,15.74,15.74,15.74,10.49,5017,78951.84,471,JIM BEAM,JIM BEAM BRANDS,750,12,DSP-KY-230,JIM BEAM,,15.74
P000028,19066,100.0,vendor,2018-03,15.74,15.74,15.74,10.49,5613,88348.62,494,JIM BEAM,JIM BEAM BRANDS,750,12,DSP-KY-230,JIM BEAM,,15.74
P000028,19066,100.0,vendor,2018-04,15.74,15.74,15.74,10.49,4821,75819.58,428,JIM BEAM,JIM BEAM BRANDS,750,12,DSP-KY-230,JIM BEAM,,15.74
P000028,19066,100.0,vendor,2018-05,15.74,15.74,15.74,10.49,3952,62204.48,430,JIM BEAM,JIM BEAM BRANDS,750,12,DSP-KY-230,JIM BEAM,,15.74
P000028,19066,100.0,vendor,2018-06,15.74,15.74,15.74,10.49,5267,82871.1,429,JIM BEAM,JIM BEAM BRANDS,750,12,DSP-KY-230,JIM BEAM,,15.74
P000028,19066,100.0,vendor,2018-07,15.74,15.74,15.74,10.49,3407,53626.18,371,JIM BEAM,JIM BEAM BRANDS,750,12,DSP-KY-230,JIM BEAM,,15.74
P000028,19066,100.0,vendor,2018-08,15.74,15.74,15.74,10.49,5472,86129.28,483,JIM BEAM,JIM BEAM BRANDS,750,12,DSP-KY-230,JIM BEAM,,15.74
P000028,19066,100.0,vendor,2018-09,15.74,15.74,15.74,10.49,6451,101538.74,431,JIM BEAM,JIM BEAM BRANDS,750,12,DSP-KY-230,JIM BEAM,,15.74
P000028,19066,100.0,vendor,2018-10,15.75,15.75,15.75,10.5,7501,118065.74,501,JIM BEAM,JIM BEAM BRANDS,750,12,DSP-KY-230,JIM BEAM,,15.75
P000028,19066,100.0,vendor,2018-11,15.75,15.75,15.75,10.5,6012,94689.0,469,JIM BEAM,JIM BEAM BRANDS,750,12,DSP-KY-230,JIM BEAM,,15.75
P000028,19066,100.0,vendor,2018-12,15.75,15.75,15.75,10.5,7081,111525.75,548,JIM BEAM,JIM BEAM BRANDS,750,12,DSP-KY-230,JIM BEAM,,15.75
P000028,19066,100.0,vendor,2019-01,15.75,15.75,15.75,10.5,6459,101729.25,494,JIM BEAM,JIM BEAM BRANDS,750,12,DSP-KY-230,JIM BEAM,,15.75
P000028,19066,100.0,vendor,2019-02,15.75,15.75,15.75,10.5,6741,106170.75,489,JIM BEAM,JIM BEAM BRANDS,750,12,DSP-KY-230,JIM BEAM,,15.75
P000028,19066,100.0,vendor,2019-03,15.75,15.75,15.75,10.5,5314,83695.5,473,JIM BEAM,JIM BEAM BRANDS,750,12,DSP-KY-230,JIM BEAM,,15.75
P000028,19066,100.0,vendor,2019-04,15.75,15.75,15.75,10.5,5903,92972.25,504,JIM BEAM,JIM BEAM BRANDS,750,12,DSP-KY-230,JIM BEAM,,15.75
P000028,19066,100.0,vendor,2019-05,15.75,15.75,15.75,10.5,7450,117337.5,466,JIM BEAM,JIM BEAM BRANDS,750,12,DSP-KY-230,JIM BEAM,,15.75
P000028,19066,100.0,vendor,2019-06,15.75,15.75,15.75,10.5,5008,78876.0,435,JIM BEAM,JIM BEAM BRANDS,750,12,DSP-KY-230,JIM BEAM,,15.75
P000028,19066,100.0,vendor,2019-07,15.75,15.75,15.75,10.5,7898,124393.5,502,JIM BEAM,JIM BEAM BRANDS,750,12,DSP-KY-230,JIM BEAM,,15.75
P000028,19066,100.0,vendor,2019-08,15.75,15.75,15.75,10.5,4871,76718.25,442,JIM BEAM,JIM BEAM BRANDS,750,12,DSP-KY-230,JIM BEAM,,15.75
P000028,19066,100.0,vendor,2019-09,15.75,15.75,15.75,10.5,5439,85664.25,467,JIM BEAM,JIM BEAM BRANDS,750,12,DSP-KY-230,JIM BEAM,,15.75
P000028,19066,100.0,vendor,2019-10,15.75,15.75,15.75,10.5,12430,195772.5,552,JIM BEAM,JIM BEAM BRANDS,750,12,DSP-KY-230,JIM BEAM,,15.75
P000028,19066,100.0,vendor,2019-11,15.75,15.75,15.75,10.5,6663,104942.25,494,JIM BEAM,JIM BEAM BRANDS,750,12,DSP-KY-230,JIM BEAM,,15.75
P000028,19066,100.0,vendor,2019-12,15.75,15.75,15.75,10.5,8318,131008.5,536,JIM BEAM,JIM BEAM BRANDS,750,12,DSP-KY-230,JIM BEAM,,15.75
P000028,19066,100.0,vendor,2020-01,15.75,15.75,15.75,10.5,7936,124992.0,537,JIM BEAM,JIM BEAM BRANDS,750,12,DSP-KY-230,JIM BEAM,,15.75
P000028,19066,100.0,vendor,2020-02,15.75,15.75,15.75,10.5,5022,79096.5,434,JIM BEAM,JIM BEAM BRANDS,750,12,DSP-KY-230,JIM BEAM,,15.75
P000028,19066,100.0,vendor,2020-03,15.75,15.75,15.75,10.5,5789,91176.75,483,JIM BEAM,JIM BEAM BRANDS,750,12,DSP-KY-230,JIM BEAM,,15.75
P000028,19066,100.0,vendor,2020-04,15.75,15.75,15.75,10.5,8295,130646.25,593,JIM BEAM,JIM BEAM BRANDS,750,12,DSP-KY-230,JIM BEAM,,15.75
P000028,19066,100.0,vendor,2020-05,15.75,15.75,15.75,10.5,7851,123653.25,593,JIM BEAM,JIM BEAM BRANDS,750,12,DSP-KY-230,JIM BEAM,,15.75
P000028,19066,100.0,vendor,2020-06,15.75,15.75,15.75,10.5,8244,129843.0,574,JIM BEAM,JIM BEAM BRANDS,750,12,DSP-KY-230,JIM BEAM,,15.75
P000028,19066,100.0,vendor,2020-07,15.75,15.75,15.75,10.5,5359,84404.25,485,JIM BEAM,JIM BEAM BRANDS,750,12,DSP-KY-230,JIM BEAM,,15.75
P000028,19066,100.0,vendor,2020-08,15.75,15.75,15.75,10.5,7996,125937.0,568,JIM BEAM,JIM BEAM BRANDS,750,12,DSP-KY-230,JIM BEAM,,15.75
P000028,19066,100.0,vendor,2020-09,15.75,15.75,15.75,10.5,7272,114534.0,577,JIM BEAM,JIM BEAM BRANDS,750,12,DSP-KY-230,JIM BEAM,,15.75
P000028,19066,100.0,vendor,2020-10,15.75,15.75,15.75,10.5,15877,250062.75,584,JIM BEAM,JIM BEAM BRANDS,750,12,DSP-KY-230,JIM BEAM,,15.75
P000028,19066,100.0,vendor,2020-11,15.75,15.75,15.75,10.5,7689,121101.75,582,JIM BEAM,JIM BEAM BRANDS,750,12,DSP-KY-230,JIM BEAM,,15.75
P000028,19066,100.0,vendor,2020-12,15.75,15.75,15.75,10.5,9223,145262.25,601,JIM BEAM,JIM BEAM BRANDS,750,12,DSP-KY-230,JIM BEAM,,15.75
P000028,19066,100.0,vendor,2021-01,15.75,15.75,15.75,10.5,5687,89570.25,496,JIM BEAM,JIM BEAM BRANDS,750,12,DSP-KY-230,JIM BEAM,,15.75
P000028,19066,100.0,vendor,2021-02,15.75,15.75,15.75,10.5,7597,119652.75,556,JIM BEAM,JIM BEAM BRANDS,750,12,DSP-KY-230,JIM BEAM,,15.75
P000028,19066,100.0,vendor,2021-03,15.75,15.75,15.75,10.5,8676,136647.0,617,JIM BEAM,JIM BEAM BRANDS,750,12,DSP-KY-230,JIM BEAM,,15.75
P000028,19066,100.0,vendor,2021-04,15.75,15.75,15.75,10.5,6953,109509.75,590,JIM BEAM,JIM BEAM BRANDS,750,12,DSP-KY-230,JIM BEAM,,15.75
P000028,19066,100.0,vendor,2021-05,15.75,15.75,15.75,10.5,6259,98579.25,571,JIM BEAM,JIM BEAM BRANDS,750,12,DSP-KY-230,JIM BEAM,,15.75
P000028,19066,100.0,vendor,2021-06,15.75,15.75,15.75,10.5,7127,112250.25,577,JIM BEAM,JIM BEAM BRANDS,750,12,DSP-KY-230,JIM BEAM,,15.75
P000028,19066,100.0,vendor,2021-07,15.75,15.75,15.75,10.5,7185,113163.75,576,JIM BEAM,JIM BEAM BRANDS,750,12,DSP-KY-230,JIM BEAM,,15.75
P000028,19066,100.0,vendor,2021-08,15.75,15.75,15.75,10.5,8010,126157.5,613,JIM BEAM,JIM BEAM BRANDS,750,12,DSP-KY-230,JIM BEAM,,15.75
P000028,19066,100.0,vendor,2021-09,16.5,16.5,16.5,11.0,6699,105509.25,581,JIM BEAM,JIM BEAM BRANDS,750,12,DSP-KY-230,JIM BEAM,,16.5
P000028,19066,100.0,vendor,2021-10,16.5,16.5,16.5,11.0,17624,290796.0,526,JIM BEAM,JIM BEAM BRANDS,750,12,DSP-KY-230,JIM BEAM,,16.5
P000028,19066,100.0,vendor,2021-11,16.5,16.5,16.5,11.0,6368,105072.0,565,JIM BEAM,JIM BEAM BRANDS,750,12,DSP-KY-230,JIM BEAM,,16.5
P000028,19066,100.0,vendor,2021-12,16.5,16.5,16.5,11.0,8190,135135.0,659,JIM BEAM,JIM BEAM BRANDS,750,12,DSP-KY-230,JIM BEAM,,16.5
P000028,19066,100.0,vendor,2022-01,16.5,16.5,16.5,11.0,5612,92598.0,497,JIM BEAM,JIM BEAM BRANDS,750,12,DSP-KY-230,JIM BEAM,,16.5
P000028,19066,100.0,vendor,2022-02,16.5,16.5,16.5,11.0,5253,86674.5,469,JIM BEAM,JIM BEAM BRANDS,750,12,DSP-KY-230,JIM BEAM,,16.5
P000028,19066,100.0,vendor,2022-03,16.5,16.5,16.5,11.0,5140,84810.0,493,JIM BEAM,JIM BEAM BRANDS,750,12,DSP-KY-230,JIM BEAM,,16.5
P000028,19066,100.0,vendor,2022-04,16.5,16.5,16.5,11.0,6157,101590.5,561,JIM BEAM,JIM BEAM BRANDS,750,12,DSP-KY-230,JIM BEAM,,16.5
P000028,19066,100.0,vendor,2022-05,16.5,16.5,16.5,11.0,5604,92466.0,512,JIM BEAM,JIM BEAM BRANDS,750,12,DSP-KY-230,JIM BEAM,,16.5
P000028,19066,100.0,vendor,2022-06,16.5,16.5,16.5,11.0,6755,111457.5,586,JIM BEAM,JIM BEAM BRANDS,750,12,DSP-KY-230,JIM BEAM,,16.5
P000028,19066,100.0,vendor,2022-07,16.5,16.5,16.5,11.0,5943,98059.5,550,JIM BEAM,JIM BEAM BRANDS,750,12,DSP-KY-230,JIM BEAM,,16.5
P000028,19066,100.0,vendor,2022-08,16.5,16.5,16.5,11.0,6916,114114.0,572,JIM BEAM,JIM BEAM BRANDS,750,12,DSP-KY-230,JIM BEAM,,16.5
P000028,19066,100.0,vendor,2022-09,16.5,16.5,16.5,11.0,6355,104857.5,576,JIM BEAM,JIM BEAM BRANDS,750,12,DSP-KY-230,JIM BEAM,,16.5
P000028,19066,100.0,vendor,2022-10,16.5,16.5,16.5,11.0,12971,214021.5,646,JIM BEAM,JIM BEAM BRANDS,750,12,DSP-KY-230,JIM BEAM,,16.5
P000028,19066,100.0,vendor,2022-11,16.5,16.5,16.5,11.0,7729,127528.5,670,JIM BEAM,JIM BEAM BRANDS,750,12,DSP-KY-230,JIM BEAM,,16.5
P000028,19066,100.0,vendor,2022-12,16.5,16.5,16.5,11.0,7607,125515.5,647,JIM BEAM,JIM BEAM BRANDS,750,12,DSP-KY-230,JIM BEAM,,16.5
P000028,19066,100.0,vendor,2023-01,16.5,16.5,16.5,11.0,6083,100369.5,521,JIM BEAM,JIM BEAM BRANDS,750,12,DSP-KY-230,JIM BEAM,,16.5
P000028,19066,100.0,vendor,2023-02,16.5,16.5,16.5,11.0,7154,118041.0,546,JIM BEAM,JIM BEAM BRANDS,750,12,DSP-KY-230,JIM BEAM,,16.5
P000028,19066,100.0,vendor,2023-03,16.5,16.5,16.5,11.0,6481,106936.5,553,JIM BEAM,JIM BEAM BRANDS,750,12,DSP-KY-230,JIM BEAM,,16.5
P000028,19066,100.0,vendor,2023-04,16.5,16.5,16.5,11.0,6703,110599.5,578,JIM BEAM,JIM BEAM BRANDS,750,12,DSP-KY-230,JIM BEAM,,16.5
P000028,19066,100.0,vendor,2023-05,16.5,16.5,16.5,11.0,7039,116143.5,611,JIM BEAM,JIM BEAM BRANDS,750,12,DSP-KY-230,JIM BEAM,,16.5
P000028,19066,100.0,vendor,2023-06,16.5,16.5,16.5,11.0,9345,154192.5,715,JIM BEAM,JIM BEAM BRANDS,750,12,DSP-KY-230,JIM BEAM,,16.5
P000028,19066,100.0,vendor,2023-07,16.5,16.5,16.5,11.0,6586,108669.0,585,JIM BEAM,JIM BEAM BRANDS,750,12,DSP-KY-230,JIM BEAM,,16.5
P000028,19066,100.0,vendor,2023-08,16.5,16.5,16.5,11.0,7834,129261.0,611,JIM BEAM,JIM BEAM BRANDS,750,12,DSP-KY-230,JIM BEAM,,16.5
P000028,19066,100.0,vendor,2023-09,16.5,16.5,16.5,11.0,6873,113404.5,572,JIM BEAM,JIM BEAM BRANDS,750,12,DSP-KY-230,JIM BEAM,,16.5
P000028,19066,100.0,vendor,2023-10,16.5,16.5,16.5,11.0,9667,159505.5,647,JIM BEAM,JIM BEAM BRANDS,750,12,DSP-KY-230,JIM BEAM,,16.5
P000028,19066,100.0,vendor,2023-11,16.5,16.5,16.5,11.0,9202,151833.0,691,JIM BEAM,JIM BEAM BRANDS,750,12,DSP-KY-230,JIM BEAM,,16.5
P000028,19066,100.0,vendor,2023-12,16.5,16.5,16.5,11.0,8681,143236.5,694,JIM BEAM,JIM BEAM BRANDS,750,12,DSP-KY-230,JIM BEAM,,16.5
P000028,19066,100.0,vendor,2024-01,16.5,16.5,16.5,11.0,5696,93984.0,508,JIM BEAM,JIM BEAM BRANDS,750,12,DSP-KY-230,JIM BEAM,,16.5
P000028,19066,100.0,vendor,2024-02,16.5,16.5,16.5,11.0,5727,94495.5,529,JIM BEAM,JIM BEAM BRANDS,750,12,DSP-KY-230,JIM BEAM,,16.5
P000028,19066,100.0,vendor,2024-03,16.5,16.5,16.5,11.0,6851,113041.5,560,JIM BEAM,JIM BEAM BRANDS,750,12,DSP-KY-230,JIM BEAM,,16.5
P000028,19066,100.0,vendor,2024-04,16.5,16.5,16.5,11.0,8843,145909.5,630,JIM BEAM,JIM BEAM BRANDS,750,12,DSP-KY-230,JIM BEAM,,16.5
P000028,19066,100.0,vendor,2024-05,16.5,16.5,16.5,11.0,7450,122925.0,601,JIM BEAM,JIM BEAM BRANDS,750,12,DSP-KY-230,JIM BEAM,,16.5
P000028,19066,100.0,vendor,2024-06,16.5,16.5,16.5,11.0,7543,124459.5,612,JIM BEAM,JIM BEAM BRANDS,750,12,DSP-KY-230,JIM BEAM,,16.5
P000028,19066,100.0,vendor,2024-07,16.5,16.5,16.5,11.0,6138,101277.0,564,JIM BEAM,JIM BEAM BRANDS,750,12,DSP-KY-230,JIM BEAM,,16.5
P000028,19066,100.0,vendor,2024-08,16.5,16.5,16.5,11.0,6737,111160.5,583,JIM BEAM,JIM BEAM BRANDS,750,12,DSP-KY-230,JIM BEAM,,16.5
P000028,19066,100.0,vendor,2024-09,16.5,16.5,16.5,11.0,7717,127330.5,575,JIM BEAM,JIM BEAM BRANDS,750,12,DSP-KY-230,JIM BEAM,,16.5
P000028,19066,100.0,vendor,2024-10,16.5,16.5,16.5,11.0,8336,137544.0,593,JIM BEAM,JIM BEAM BRANDS,750,12,DSP-KY-230,JIM BEAM,,16.5
P000028,19066,100.0,vendor,2024-11,16.5,16.5,16.5,11.0,7817,128980.5,649,JIM BEAM,JIM BEAM BRANDS,750,12,DSP-KY-230,JIM BEAM,,16.5
P000028,19066,100.0,vendor,2024-12,17.25,17.25,17.25,11.5,8195,135217.5,677,JIM BEAM,JIM BEAM BRANDS,750,12,DSP-KY-230,JIM BEAM,,17.25
P000028,19066,100.0,vendor,2025-01,17.25,17.25,17.25,11.5,6312,108882.0,559,JIM BEAM,JIM BEAM BRANDS,750,12,DSP-KY-230,JIM BEAM,,17.25
P000028,19066,100.0,vendor,2025-02,17.25,17.25,17.25,11.5,6059,104517.75,556,JIM BEAM,JIM BEAM BRANDS,750,12,DSP-KY-230,JIM BEAM,,17.25
P000028,19066,100.0,vendor,2025-03,17.25,17.25,17.25,11.5,5702,98359.5,523,JIM BEAM,JIM BEAM BRANDS,750,12,DSP-KY-230,JIM BEAM,,17.25
P000028,19066,100.0,vendor,2025-04,17.25,17.25,17.25,11.5,7123,122871.75,561,JIM BEAM,JIM BEAM BRANDS,750,12,DSP-KY-230,JIM BEAM,,17.25
P000028,19066,100.0,vendor,2025-05,17.25,17.25,17.25,11.5,6432,110952.0,597,JIM BEAM,JIM BEAM BRANDS,750,12,DSP-KY-230,JIM BEAM,,17.25
P000028,19066,100.0,vendor,2025-06,17.25,17.25,17.25,11.5,6487,111900.75,582,JIM BEAM,JIM BEAM BRANDS,750,12,DSP-KY-230,JIM BEAM,,17.25
P000028,19066,100.0,vendor,2025-07,17.25,17.25,17.25,11.5,5912,101982.0,517,JIM BEAM,JIM BEAM BRANDS,750,12,DSP-KY-230,JIM BEAM,,17.25
P000028,19066,100.0,vendor,2025-08,17.25,17.25,17.25,11.5,5925,102206.25,559,JIM BEAM,JIM BEAM BRANDS,750,12,DSP-KY-230,JIM BEAM,,17.25
P000028,19066,100.0,vendor,2025-09,17.25,17.25,17.25,11.5,6603,113901.75,578,JIM BEAM,JIM BEAM BRANDS,750,12,DSP-KY-230,JIM BEAM,,17.25
P000028,19066,100.0,vendor,2025-10,17.25,17.25,17.25,11.5,7432,128202.0,558,JIM BEAM,JIM BEAM BRANDS,750,12,DSP-KY-230,JIM BEAM,,17.25
P000028,19066,100.0,vendor,2025-11,17.25,17.25,17.25,11.5,6198,106915.5,560,JIM BEAM,JIM BEAM BRANDS,750,12,DSP-KY-230,JIM BEAM,,17.25
P000028,19066,100.0,vendor,2025-12,17.25,17.25,17.25,11.5,7424,128064.0,610,JIM BEAM,JIM BEAM BRANDS,750,12,DSP-KY-230,JIM BEAM,,17.25
P000028,19066,100.0,vendor,2026-01,17.25,17.25,17.25,11.5,6272,108192.0,517,JIM BEAM,JIM BEAM BRANDS,750,12,DSP-KY-230,JIM BEAM,,17.25
P000028,19066,100.0,vendor,2026-02,17.25,17.25,17.25,11.5,4822,83179.5,478,JIM BEAM,JIM BEAM BRANDS,750,12,DSP-KY-230,JIM BEAM,,17.25
P000028,19066,100.0,vendor,2026-03,17.25,17.25,17.25,11.5,6418,110710.5,553,JIM BEAM,JIM BEAM BRANDS,750,12,DSP-KY-230,JIM BEAM,,17.25
P000028,19066,100.0,vendor,2026-04,17.25,17.25,17.25,11.5,5601,96617.25,507,JIM BEAM,JIM BEAM BRANDS,750,12,DSP-KY-230,JIM BEAM,,17.25
P000028,19096,100.0,vendor,2012-01,13.41,13.41,13.41,8.42,948,12712.68,84,JIM BEAM PET,JIM BEAM BRANDS,750,12,DSP-KY-230,JIM BEAM,,13.41
P000028,19096,100.0,vendor,2012-02,14.16,14.16,14.16,9.44,585,8283.6,70,JIM BEAM PET,JIM BEAM BRANDS,750,12,DSP-KY-230,JIM BEAM,,14.16
P000028,19096,100.0,vendor,2012-03,14.16,14.16,14.16,9.44,721,10209.36,78,JIM BEAM PET,JIM BEAM BRANDS,750,12,DSP-KY-230,JIM BEAM,,14.16
P000028,19096,100.0,vendor,2012-04,14.16,14.16,14.16,9.44,679,9614.64,70,JIM BEAM PET,JIM BEAM BRANDS,750,12,DSP-KY-230,JIM BEAM,,14.16
P000028,19096,100.0,vendor,2012-05,13.41,13.41,13.41,8.42,1082,14509.62,94,JIM BEAM PET,JIM BEAM BRANDS,750,12,DSP-KY-230,JIM BEAM,,13.41
P000028,19096,100.0,vendor,2012-06,14.16,14.16,14.16,9.44,685,9699.6,69,JIM BEAM PET,JIM BEAM BRANDS,750,12,DSP-KY-230,JIM BEAM,,14.16
P000028,19096,100.0,vendor,2012-07,14.16,14.16,14.16,9.44,700,9912.0,75,JIM BEAM PET,JIM BEAM BRANDS,750,12,DSP-KY-230,JIM BEAM,,14.16
P000028,19096,100.0,vendor,2012-08,14.16,14.16,14.16,9.44,876,12404.16,86,JIM BEAM PET,JIM BEAM BRANDS,750,12,DSP-KY-230,JIM BEAM,,14.16
P000028,19096,100.0,vendor,2012-09,14.16,14.16,14.16,9.44,738,10450.08,83,JIM BEAM PET,JIM BEAM BRANDS,750,12,DSP-KY-230,JIM BEAM,,14.16
P000028,19096,100.0,vendor,2012-10,14.16,14.16,14.16,9.44,1246,17643.36,96,JIM BEAM PET,JIM BEAM BRANDS,750,12,DSP-KY-230,JIM BEAM,,14.16
P000028,19096,100.0,vendor,2012-11,14.96,14.96,14.96,9.97,669,10008.24,74,JIM BEAM PET,JIM BEAM BRANDS,750,12,DSP-KY-230,JIM BEAM,,14.96
P000028,19096,100.0,vendor,2012-12,14.96,14.96,14.96,9.97,737,11025.52,80,JIM BEAM PET,JIM BEAM BRANDS,750,12,DSP-KY-230,JIM BEAM,,14.96
P000028,19096,100.0,vendor,2013-01,14.21,14.21,14.21,9.22,815,11581.15,81,JIM BEAM PET,JIM BEAM BRANDS,750,12,DSP-KY-230,JIM BEAM,,14.21
P000028,19096,100.0,vendor,2013-02,14.96,14.96,14.96,9.97,533,7973.68,65,JIM BEAM PET,JIM BEAM BRANDS,750,12,DSP-KY-230,JIM BEAM,,14.96
P000028,19096,100.0,vendor,2013-03,14.96,14.96,14.96,9.97,470,7031.2,55,JIM BEAM PET,JIM BEAM BRANDS,750,12,DSP-KY-230,JIM BEAM,,14.96
P000028,19096,100.0,vendor,2013-04,14.96,14.96,14.96,9.97,536,8018.56,67,JIM BEAM PET,JIM BEAM BRANDS,750,12,DSP-KY-230,JIM BEAM,,14.96
P000028,19096,100.0,vendor,2013-05,14.21,14.21,14.21,9.22,805,11439.05,83,JIM BEAM PET,JIM BEAM BRANDS,750,12,DSP-KY-230,JIM BEAM,,14.21
P000028,19096,100.0,vendor,2013-06,14.96,14.96,14.96,9.97,562,8407.52,62,JIM BEAM PET,JIM BEAM BRANDS,750,12,DSP-KY-230,JIM BEAM,,14.96
P000028,19096,100.0,vendor,2013-07,14.96,14.96,14.96,9.97,702,10501.92,78,JIM BEAM PET,JIM BEAM BRANDS,750,12,DSP-KY-230,JIM BEAM,,14.96
P000028,19096,100.0,vendor,2013-08,14.96,14.96,14.96,9.97,644,9634.24,77,JIM BEAM PET,JIM BEAM BRANDS,750,12,DSP-KY-230,JIM BEAM,,14.96
P000028,19096,100.0,vendor,2013-09,14.96,14.96,14.96,9.97,553,8272.88,67,JIM BEAM PET,JIM BEAM BRANDS,750,12,DSP-KY-230,JIM BEAM,,14.96
P000028,19096,100.0,vendor,2013-10,14.96,14.96,14.96,9.97,978,14630.88,91,JIM BEAM PET,JIM BEAM BRANDS,750,12,DSP-KY-230,JIM BEAM,,14.96
P000028,19096,100.0,vendor,2013-11,15.74,15.74,15.74,10.49,515,8106.1,60,JIM BEAM PET,JIM BEAM BRANDS,750,12,DSP-KY-230,JIM BEAM,,15.74
P000028,19096,100.0,vendor,2013-12,15.74,15.74,15.74,10.49,732,11521.68,80,JIM BEAM PET,JIM BEAM BRANDS,750,12,DSP-KY-230,JIM BEAM,,15.74
P000028,19096,100.0,vendor,2014-01,14.95,14.95,14.95,9.7,758,11332.1,64,JIM BEAM PET,JIM BEAM BRANDS,750,12,DSP-KY-230,JIM BEAM,,14.95
P000028,19096,100.0,vendor,2014-02,15.74,15.74,15.74,10.49,407,6406.18,45,JIM BEAM PET,JIM BEAM BRANDS,750,12,DSP-KY-230,JIM BEAM,,15.74
P000028,19096,100.0,vendor,2014-03,15.74,15.74,15.74,10.49,713,11222.62,65,JIM BEAM PET,JIM BEAM BRANDS,750,12,DSP-KY-230,JIM BEAM,,15.74
P000028,19096,100.0,vendor,2014-04,15.74,15.74,15.74,10.49,446,7020.04,54,JIM BEAM PET,JIM BEAM BRANDS,750,12,DSP-KY-230,JIM BEAM,,15.74
P000028,19096,100.0,vendor,2014-05,14.95,14.95,14.95,9.7,797,11915.15,71,JIM BEAM PET,JIM BEAM BRANDS,750,12,DSP-KY-230,JIM BEAM,,14.95
P000028,19096,100.0,vendor,2014-06,15.74,15.74,15.74,10.49,661,10404.14,66,JIM BEAM PET,JIM BEAM BRANDS,750,12,DSP-KY-230,JIM BEAM,,15.74
P000028,19096,100.0,vendor,2014-07,15.74,15.74,15.74,10.49,647,10183.78,65,JIM BEAM PET,JIM BEAM BRANDS,750,12,DSP-KY-230,JIM BEAM,,15.74
P000028,19096,100.0,vendor,2014-08,15.74,15.74,15.74,10.49,621,9774.54,69,JIM BEAM PET,JIM BEAM BRANDS,750,12,DSP-KY-230,JIM BEAM,,15.74
P000028,19096,100.0,vendor,2014-09,14.95,14.95,14.95,9.7,793,11855.35,71,JIM BEAM PET,JIM BEAM BRANDS,750,12,DSP-KY-230,JIM BEAM,,14.95
P000028,19096,100.0,vendor,2014-10,15.74,15.74,15.74,10.49,736,11584.64,65,JIM BEAM PET,JIM BEAM BRANDS,750,12,DSP-KY-230,JIM BEAM,,15.74
P000028,19096,100.0,vendor,2014-11,15.74,15.74,15.74,10.49,1102,17345.48,66,JIM BEAM PET,JIM BEAM BRANDS,750,12,DSP-KY-230,JIM BEAM,,15.74
P000028,19096,100.0,vendor,2014-12,15.74,15.74,15.74,10.49,743,11694.82,74,JIM BEAM PET,JIM BEAM BRANDS,750,12,DSP-KY-230,JIM BEAM,,15.74
P000028,19096,100.0,vendor,2015-01,15.74,15.74,15.74,10.49,595,9365.3,55,JIM BEAM PET,JIM BEAM BRANDS,750,12,DSP-KY-230,JIM BEAM,,15.74
P000028,19096,100.0,vendor,2015-02,15.74,15.74,15.74,10.49,732,11521.68,63,JIM BEAM PET,JIM BEAM BRANDS,750,12,DSP-KY-230,JIM BEAM,,15.74
P000028,19096,100.0,vendor,2015-03,15.74,15.74,15.74,10.49,661,10404.14,64,JIM BEAM PET,JIM BEAM BRANDS,750,12,DSP-KY-230,JIM BEAM,,15.74
P000028,19096,100.0,vendor,2015-04,15.74,15.74,15.74,10.49,592,9318.08,65,JIM BEAM PET,JIM BEAM BRANDS,750,12,DSP-KY-230,JIM BEAM,,15.74
P000028,19096,100.0,vendor,2015-05,14.95,14.95,14.95,9.7,872,13036.4,78,JIM BEAM PET,JIM BEAM BRANDS,750,12,DSP-KY-230,JIM BEAM,,14.95
P000028,19096,100.0,vendor,2015-06,15.74,15.74,15.74,10.49,935,14716.9,75,JIM BEAM PET,JIM BEAM BRANDS,750,12,DSP-KY-230,JIM BEAM,,15.74
P000028,19096,100.0,vendor,2015-07,15.74,15.74,15.74,10.49,622,9790.28,64,JIM BEAM PET,JIM BEAM BRANDS,750,12,DSP-KY-230,JIM BEAM,,15.74
P000028,19096,100.0,vendor,2015-08,15.74,15.74,15.74,10.49,674,10608.76,69,JIM BEAM PET,JIM BEAM BRANDS,750,12,DSP-KY-230,JIM BEAM,,15.74
P000028,19096,100.0,vendor,2015-09,14.95,14.95,14.95,9.7,1067,15951.65,80,JIM BEAM PET,JIM BEAM BRANDS,750,12,DSP-KY-230,JIM BEAM,,14.95
P000028,19096,100.0,vendor,2015-10,15.74,15.74,15.74,10.49,801,12607.74,63,JIM BEAM PET,JIM BEAM BRANDS,750,12,DSP-KY-230,JIM BEAM,,15.74
P000028,19096,100.0,vendor,2015-11,15.74,15.74,15.74,10.49,658,10356.92,70,JIM BEAM PET,JIM BEAM BRANDS,750,12,DSP-KY-230,JIM BEAM,,15.74
P000028,19096,100.0,vendor,2015-12,15.74,15.74,15.74,10.49,1250,19675.0,91,JIM BEAM PET,JIM BEAM BRANDS,750,12,DSP-KY-230,JIM BEAM,,15.74
P000028,19096,100.0,vendor,2016-01,15.74,15.74,15.74,10.49,647,10183.78,67,JIM BEAM PET,JIM BEAM BRANDS,750,12,DSP-KY-230,JIM BEAM,,15.74
P000028,19096,100.0,vendor,2016-02,15.74,15.74,15.74,10.49,727,11442.98,73,JIM BEAM PET,JIM BEAM BRANDS,750,12,DSP-KY-230,JIM BEAM,,15.74
P000028,19096,100.0,vendor,2016-03,15.74,15.74,15.74,10.49,829,13048.46,72,JIM BEAM PET,JIM BEAM BRANDS,750,12,DSP-KY-230,JIM BEAM,,15.74
P000028,19096,100.0,vendor,2016-04,15.74,15.74,15.74,10.49,690,10860.6,68,JIM BEAM PET,JIM BEAM BRANDS,750,12,DSP-KY-230,JIM BEAM,,15.74
P000028,19096,100.0,vendor,2016-05,15.74,15.74,15.74,10.49,907,14276.18,86,JIM BEAM PET,JIM BEAM BRANDS,750,12,DSP-KY-230,JIM BEAM,,15.74
P000028,19096,100.0,vendor,2016-06,15.74,15.74,15.74,10.49,1075,16920.5,90,JIM BEAM PET,JIM BEAM BRANDS,750,12,DSP-KY-230,JIM BEAM,,15.74
P000028,19096,100.0,vendor,2016-07,15.74,15.74,15.74,10.49,712,11206.88,76,JIM BEAM PET,JIM BEAM BRANDS,750,12,DSP-KY-230,JIM BEAM,,15.74
P000028,19096,100.0,vendor,2016-08,15.74,15.74,15.74,10.49,788,13977.12,86,JIM BEAM PET,JIM BEAM BRANDS,750,12,DSP-KY-230,JIM BEAM,,15.74
P000028,19096,100.0,vendor,2016-09,15.74,15.74,15.74,10.49,881,13866.94,76,JIM BEAM PET,JIM BEAM BRANDS,750,12,DSP-KY-230,JIM BEAM,,15.74
P000028,19096,100.0,vendor,2016-10,15.74,15.74,15.74,10.49,695,10939.3,64,JIM BEAM PET,JIM BEAM BRANDS,750,12,DSP-KY-230,JIM BEAM,,15.74
P000028,19096,100.0,vendor,2016-11,15.74,15.74,15.74,10.49,1377,21673.98,83,JIM BEAM PET,JIM BEAM BRANDS,750,12,DSP-KY-230,JIM BEAM,,15.74
P000028,19096,100.0,vendor,2016-12,15.74,15.74,15.74,10.49,915,14402.1,80,JIM BEAM PET,JIM BEAM BRANDS,750,12,DSP-KY-230,JIM BEAM,,15.74
P000028,19096,100.0,vendor,2017-01,15.74,15.74,15.74,10.49,687,10813.38,67,JIM BEAM PET,JIM BEAM BRANDS,750,12,DSP-KY-230,JIM BEAM,,15.74
P000028,19096,100.0,vendor,2017-02,15.74,15.74,15.74,10.49,580,9129.2,55,JIM BEAM PET,JIM BEAM BRANDS,750,12,DSP-KY-230,JIM BEAM,,15.74
P000028,19096,100.0,vendor,2017-03,15.74,15.74,15.74,10.49,1098,17282.52,78,JIM BEAM PET,JIM BEAM BRANDS,750,12,DSP-KY-230,JIM BEAM,,15.74
P000028,19096,100.0,vendor,2017-04,15.74,15.74,15.74,10.49,552,8688.48,68,JIM BEAM PET,JIM BEAM BRANDS,750,12,DSP-KY-230,JIM BEAM,,15.74
P000028,19096,100.0,vendor,2017-05,15.74,15.74,15.74,10.49,816,12843.84,75,JIM BEAM PET,JIM BEAM BRANDS,750,12,DSP-KY-230,JIM BEAM,,15.74
P000028,19096,100.0,vendor,2017-06,15.74,15.74,15.74,10.49,764,12025.36,71,JIM BEAM PET,JIM BEAM BRANDS,750,12,DSP-KY-230,JIM BEAM,,15.74
P000028,19096,100.0,vendor,2017-07,15.74,15.74,15.74,10.49,684,10766.16,71,JIM BEAM PET,JIM BEAM BRANDS,750,12,DSP-KY-230,JIM BEAM,,15.74
P000028,19096,100.0,vendor,2017-08,15.74,15.74,15.74,10.49,874,13756.76,81,JIM BEAM PET,JIM BEAM BRANDS,750,12,DSP-KY-230,JIM BEAM,,15.74
P000028,19096,100.0,vendor,2017-09,15.74,15.74,15.74,10.49,660,10388.4,60,JIM BEAM PET,JIM BEAM BRANDS,750,12,DSP-KY-230,JIM BEAM,,15.74
P000028,19096,100.0,vendor,2017-10,15.74,15.74,15.74,10.49,1448,23169.28,83,JIM BEAM PET,JIM BEAM BRANDS,750,12,DSP-KY-230,JIM BEAM,,15.74
P000028,19096,100.0,vendor,2017-11,15.74,15.74,15.74,10.49,988,15551.12,64,JIM BEAM PET,JIM BEAM BRANDS,750,12,DSP-KY-230,JIM BEAM,,15.74
P000028,19096,100.0,vendor,2017-12,15.74,15.74,15.74,10.49,736,11568.9,76,JIM BEAM PET,JIM BEAM BRANDS,750,12,DSP-KY-230,JIM BEAM,,15.74
P000028,19096,100.0,vendor,2018-01,15.74,15.74,15.74,10.49,630,9916.2,67,JIM BEAM PET,JIM BEAM BRANDS,750,12,DSP-KY-230,JIM BEAM,,15.74
P000028,19096,100.0,vendor,2018-02,15.74,15.74,15.74,10.49,649,10215.26,70,JIM BEAM PET,JIM BEAM BRANDS,750,12,DSP-KY-230,JIM BEAM,,15.74
P000028,19096,100.0,vendor,2018-03,15.74,15.74,15.74,10.49,680,10703.2,68,JIM BEAM PET,JIM BEAM BRANDS,750,12,DSP-KY-230,JIM BEAM,,15.74
P000028,19096,100.0,vendor,2018-04,15.74,15.74,15.74,10.49,816,12843.84,71,JIM BEAM PET,JIM BEAM BRANDS,750,12,DSP-KY-230,JIM BEAM,,15.74
P000028,19096,100.0,vendor,2018-05,15.74,15.74,15.74,10.49,775,12198.5,70,JIM BEAM PET,JIM BEAM BRANDS,750,12,DSP-KY-230,JIM BEAM,,15.74
P000028,19096,100.0,vendor,2018-06,15.74,15.74,15.74,10.49,1121,17644.54,80,JIM BEAM PET,JIM BEAM BRANDS,750,12,DSP-KY-230,JIM BEAM,,15.74
P000028,19096,100.0,vendor,2018-07,15.74,15.74,15.74,10.49,567,8924.58,66,JIM BEAM PET,JIM BEAM BRANDS,750,12,DSP-KY-230,JIM BEAM,,15.74
P000028,19096,100.0,vendor,2018-08,15.74,15.74,15.74,10.49,747,11757.78,67,JIM BEAM PET,JIM BEAM BRANDS,750,12,DSP-KY-230,JIM BEAM,,15.74
P000028,19096,100.0,vendor,2018-09,15.74,15.74,15.74,10.49,761,11978.14,61,JIM BEAM PET,JIM BEAM BRANDS,750,12,DSP-KY-230,JIM BEAM,,15.74
P000028,19096,100.0,vendor,2018-10,15.75,15.75,15.75,10.5,913,14370.62,76,JIM BEAM PET,JIM BEAM BRANDS,750,12,DSP-KY-230,JIM BEAM,,15.75
P000028,19096,100.0,vendor,2018-11,15.75,15.75,15.75,10.5,803,12647.25,78,JIM BEAM PET,JIM BEAM BRANDS,750,12,DSP-KY-230,JIM BEAM,,15.75
P000028,19096,100.0,vendor,2018-12,15.75,15.75,15.75,10.5,1122,17671.5,78,JIM BEAM PET,JIM BEAM BRANDS,750,12,DSP-KY-230,JIM BEAM,,15.75
P000028,19096,100.0,vendor,2019-01,15.75,15.75,15.75,10.5,820,12915.0,79,JIM BEAM PET,JIM BEAM BRANDS,750,12,DSP-KY-230,JIM BEAM,,15.75
P000028,19096,100.0,vendor,2019-02,15.75,15.75,15.75,10.5,811,12773.25,65,JIM BEAM PET,JIM BEAM BRANDS,750,12,DSP-KY-230,JIM BEAM,,15.75
P000028,19096,100.0,vendor,2019-03,15.75,15.75,15.75,10.5,619,9749.25,59,JIM BEAM PET,JIM BEAM BRANDS,750,12,DSP-KY-230,JIM BEAM,,15.75
P000028,19096,100.0,vendor,2019-04,15.75,15.75,15.75,10.5,944,14868.0,75,JIM BEAM PET,JIM BEAM BRANDS,750,12,DSP-KY-230,JIM BEAM,,15.75
P000028,19096,100.0,vendor,2019-05,15.75,15.75,15.75,10.5,1097,17277.75,87,JIM BEAM PET,JIM BEAM BRANDS,750,12,DSP-KY-230,JIM BEAM,,15.75
P000028,19096,100.0,vendor,2019-06,15.75,15.75,15.75,10.5,815,12836.25,76,JIM BEAM PET,JIM BEAM BRANDS,750,12,DSP-KY-230,JIM BEAM,,15.75
P000028,19096,100.0,vendor,2019-07,15.75,15.75,15.75,10.5,1102,17356.5,84,JIM BEAM PET,JIM BEAM BRANDS,750,12,DSP-KY-230,JIM BEAM,,15.75
P000028,19096,100.0,vendor,2019-08,15.75,15.75,15.75,10.5,865,13623.75,75,JIM BEAM PET,JIM BEAM BRANDS,750,12,DSP-KY-230,JIM BEAM,,15.75
P000028,19096,100.0,vendor,2019-09,15.75,15.75,15.75,10.5,854,13450.5,72,JIM BEAM PET,JIM BEAM BRANDS,750,12,DSP-KY-230,JIM BEAM,,15.75
P000028,19096,100.0,vendor,2019-10,15.75,15.75,15.75,10.5,1848,29106.0,85,JIM BEAM PET,JIM BEAM BRANDS,750,12,DSP-KY-230,JIM BEAM,,15.75
P000028,19096,100.0,vendor,2019-11,15.75,15.75,15.75,10.5,1124,17703.0,88,JIM BEAM PET,JIM BEAM BRANDS,750,12,DSP-KY-230,JIM BEAM,,15.75
P000028,19096,100.0,vendor,2019-12,15.75,15.75,15.75,10.5,1247,19640.25,88,JIM BEAM PET,JIM BEAM BRANDS,750,12,DSP-KY-230,JIM BEAM,,15.75
P000028,19096,100.0,vendor,2020-01,15.75,15.75,15.75,10.5,949,14946.75,86,JIM BEAM PET,JIM BEAM BRANDS,750,12,DSP-KY-230,JIM BEAM,,15.75
P000028,19096,100.0,vendor,2020-02,15.75,15.75,15.75,10.5,708,11151.0,70,JIM BEAM PET,JIM BEAM BRANDS,750,12,DSP-KY-230,JIM BEAM,,15.75
P000028,19096,100.0,vendor,2020-03,15.75,15.75,15.75,10.5,917,14442.75,76,JIM BEAM PET,JIM BEAM BRANDS,750,12,DSP-KY-230,JIM BEAM,,15.75
P000028,19096,100.0,vendor,2020-04,15.75,15.75,15.75,10.5,1025,16143.75,75,JIM BEAM PET,JIM BEAM BRANDS,750,12,DSP-KY-230,JIM BEAM,,15.75
P000028,19096,100.0,vendor,2020-05,15.75,15.75,15.75,10.5,1075,16931.25,91,JIM BEAM PET,JIM BEAM BRANDS,750,12,DSP-KY-230,JIM BEAM,,15.75
P000028,19096,100.0,vendor,2020-06,15.75,15.75,15.75,10.5,1288,20286.0,94,JIM BEAM PET,JIM BEAM BRANDS,750,12,DSP-KY-230,JIM BEAM,,15.75
P000028,19096,100.0,vendor,2020-07,15.75,15.75,15.75,10.5,655,10316.25,63,JIM BEAM PET,JIM BEAM BRANDS,750,12,DSP-KY-230,JIM BEAM,,15.75
P000028,19096,100.0,vendor,2020-08,15.75,15.75,15.75,10.5,1156,18207.0,89,JIM BEAM PET,JIM BEAM BRANDS,750,12,DSP-KY-230,JIM BEAM,,15.75
P000028,19096,100.0,vendor,2020-09,15.75,15.75,15.75,10.5,882,13891.5,79,JIM BEAM PET,JIM BEAM BRANDS,750,12,DSP-KY-230,JIM BEAM,,15.75
P000028,19096,100.0,vendor,2020-10,15.75,15.75,15.75,10.5,1906,30019.5,81,JIM BEAM PET,JIM BEAM BRANDS,750,12,DSP-KY-230,JIM BEAM,,15.75
P000028,19096,100.0,vendor,2020-11,15.75,15.75,15.75,10.5,842,13261.5,79,JIM BEAM PET,JIM BEAM BRANDS,750,12,DSP-KY-230,JIM BEAM,,15.75
P000028,19096,100.0,vendor,2020-12,15.75,15.75,15.75,10.5,1525,24018.75,108,JIM BEAM PET,JIM BEAM BRANDS,750,12,DSP-KY-230,JIM BEAM,,15.75
P000028,19096,100.0,vendor,2021-01,15.75,15.75,15.75,10.5,899,14159.25,71,JIM BEAM PET,JIM BEAM BRANDS,750,12,DSP-KY-230,JIM BEAM,,15.75
P000028,19096,100.0,vendor,2021-02,15.75,15.75,15.75,10.5,827,13025.25,65,JIM BEAM PET,JIM BEAM BRANDS,750,12,DSP-KY-230,JIM BEAM,,15.75
P000028,19096,100.0,vendor,2021-03,15.75,15.75,15.75,10.5,1036,16317.0,79,JIM BEAM PET,JIM BEAM BRANDS,750,12,DSP-KY-230,JIM BEAM,,15.75
P000028,19096,100.0,vendor,2021-04,15.75,15.75,15.75,10.5,987,15545.25,82,JIM BEAM PET,JIM BEAM BRANDS,750,12,DSP-KY-230,JIM BEAM,,15.75
P000028,19096,100.0,vendor,2021-05,15.75,15.75,15.75,10.5,943,14852.25,75,JIM BEAM PET,JIM BEAM BRANDS,750,12,DSP-KY-230,JIM BEAM,,15.75
P000028,19096,100.0,vendor,2021-06,15.75,15.75,15.75,10.5,1256,19782.0,96,JIM BEAM PET,JIM BEAM BRANDS,750,12,DSP-KY-230,JIM BEAM,,15.75
P000028,19096,100.0,vendor,2021-07,15.75,15.75,15.75,10.5,1118,17608.5,81,JIM BEAM PET,JIM BEAM BRANDS,750,12,DSP-KY-230,JIM BEAM,,15.75
P000028,19096,100.0,vendor,2021-08,15.75,15.75,15.75,10.5,1315,20711.25,94,JIM BEAM PET,JIM BEAM BRANDS,750,12,DSP-KY-230,JIM BEAM,,15.75
P000028,19096,100.0,vendor,2021-09,16.5,16.5,16.5,11.0,1159,18254.25,94,JIM BEAM PET,JIM BEAM BRANDS,750,12,DSP-KY-230,JIM BEAM,,16.5
P000028,19096,100.0,vendor,2021-10,16.5,16.5,16.5,11.0,4934,81411.0,119,JIM BEAM PET,JIM BEAM BRANDS,750,12,DSP-KY-230,JIM BEAM,,16.5
P000028,19096,100.0,vendor,2021-11,16.5,16.5,16.5,11.0,746,12309.0,69,JIM BEAM PET,JIM BEAM BRANDS,750,12,DSP-KY-230,JIM BEAM,,16.5
P000028,19096,100.0,vendor,2021-12,16.5,16.5,16.5,11.0,1039,17143.5,77,JIM BEAM PET,JIM BEAM BRANDS,750,12,DSP-KY-230,JIM BEAM,,16.5
P000028,19096,100.0,vendor,2022-01,16.5,16.5,16.5,11.0,819,13513.5,65,JIM BEAM PET,JIM BEAM BRANDS,750,12,DSP-KY-230,JIM BEAM,,16.5
P000028,19096,100.0,vendor,2022-02,16.5,16.5,16.5,11.0,844,13926.0,76,JIM BEAM PET,JIM BEAM BRANDS,750,12,DSP-KY-230,JIM BEAM,,16.5
P000028,19096,100.0,vendor,2022-03,16.5,16.5,16.5,11.0,954,15741.0,72,JIM BEAM PET,JIM BEAM BRANDS,750,12,DSP-KY-230,JIM BEAM,,16.5
P000028,19096,100.0,vendor,2022-04,16.5,16.5,16.5,11.0,1041,17176.5,78,JIM BEAM PET,JIM BEAM BRANDS,750,12,DSP-KY-230,JIM BEAM,,16.5
P000028,19096,100.0,vendor,2022-05,16.5,16.5,16.5,11.0,771,12721.5,69,JIM BEAM PET,JIM BEAM BRANDS,750,12,DSP-KY-230,JIM BEAM,,16.5
P000028,19096,100.0,vendor,2022-06,16.5,16.5,16.5,11.0,1283,21169.5,93,JIM BEAM PET,JIM BEAM BRANDS,750,12,DSP-KY-230,JIM BEAM,,16.5
P000028,19096,100.0,vendor,2022-07,16.5,16.5,16.5,11.0,921,15196.5,70,JIM BEAM PET,JIM BEAM BRANDS,750,12,DSP-KY-230,JIM BEAM,,16.5
P000028,19096,100.0,vendor,2022-08,16.5,16.5,16.5,11.0,989,16318.5,80,JIM BEAM PET,JIM BEAM BRANDS,750,12,DSP-KY-230,JIM BEAM,,16.5
P000028,19096,100.0,vendor,2022-09,16.5,16.5,16.5,11.0,991,16351.5,81,JIM BEAM PET,JIM BEAM BRANDS,750,12,DSP-KY-230,JIM BEAM,,16.5
P000028,19096,100.0,vendor,2022-10,16.5,16.5,16.5,11.0,1333,21994.5,87,JIM BEAM PET,JIM BEAM BRANDS,750,12,DSP-KY-230,JIM BEAM,,16.5
P000028,19096,100.0,vendor,2022-11,16.5,16.5,16.5,11.0,1006,16599.0,82,JIM BEAM PET,JIM BEAM BRANDS,750,12,DSP-KY-230,JIM BEAM,,16.5
P000028,19096,100.0,vendor,2022-12,16.5,16.5,16.5,11.0,1220,20130.0,79,JIM BEAM PET,JIM BEAM BRANDS,750,12,DSP-KY-230,JIM BEAM,,16.5
P000028,19096,100.0,vendor,2023-01,16.5,16.5,16.5,11.0,1231,20311.5,87,JIM BEAM PET,JIM BEAM BRANDS,750,12,DSP-KY-230,JIM BEAM,,16.5
P000028,19096,100.0,vendor,2023-02,16.5,16.5,16.5,11.0,1215,20047.5,87,JIM BEAM PET,JIM BEAM BRANDS,750,12,DSP-KY-230,JIM BEAM,,16.5
P000028,19096,100.0,vendor,2023-03,16.5,16.5,16.5,11.0,1573,25954.5,103,JIM BEAM PET,JIM BEAM BRANDS,750,12,DSP-KY-230,JIM BEAM,,16.5
P000028,19096,100.0,vendor,2023-04,16.5,16.5,16.5,11.0,1161,19156.5,88,JIM BEAM PET,JIM BEAM BRANDS,750,12,DSP-KY-230,JIM BEAM,,16.5
P000028,19096,100.0,vendor,2023-05,16.5,16.5,16.5,11.0,1118,18447.0,85,JIM BEAM PET,JIM BEAM BRANDS,750,12,DSP-KY-230,JIM BEAM,,16.5
P000028,19096,100.0,vendor,2023-06,16.5,16.5,16.5,11.0,1393,22984.5,105,JIM BEAM PET,JIM BEAM BRANDS,750,12,DSP-KY-230,JIM BEAM,,16.5
P000028,19096,100.0,vendor,2023-07,16.5,16.5,16.5,11.0,1040,17160.0,80,JIM BEAM PET,JIM BEAM BRANDS,750,12,DSP-KY-230,JIM BEAM,,16.5
P000028,19096,100.0,vendor,2023-08,16.5,16.5,16.5,11.0,1207,19915.5,92,JIM BEAM PET,JIM BEAM BRANDS,750,12,DSP-KY-230,JIM BEAM,,16.5
P000028,19096,100.0,vendor,2023-09,16.5,16.5,16.5,11.0,1035,17077.5,72,JIM BEAM PET,JIM BEAM BRANDS,750,12,DSP-KY-230,JIM BEAM,,16.5
P000028,19096,100.0,vendor,2023-10,16.5,16.5,16.5,11.0,1110,18315.0,78,JIM BEAM PET,JIM BEAM BRANDS,750,12,DSP-KY-230,JIM BEAM,,16.5
P000028,19096,100.0,vendor,2023-11,16.5,16.5,16.5,11.0,1500,24750.0,97,JIM BEAM PET,JIM BEAM BRANDS,750,12,DSP-KY-230,JIM BEAM,,16.5
P000028,19096,100.0,vendor,2023-12,16.5,16.5,16.5,11.0,1071,17671.5,86,JIM BEAM PET,JIM BEAM BRANDS,750,12,DSP-KY-230,JIM BEAM,,16.5
P000028,19096,100.0,vendor,2024-01,16.5,16.5,16.5,11.0,1084,17886.0,90,JIM BEAM PET,JIM BEAM BRANDS,750,12,DSP-KY-230,JIM BEAM,,16.5
P000028,19096,100.0,vendor,2024-02,16.5,16.5,16.5,11.0,1083,17869.5,75,JIM BEAM PET,JIM BEAM BRANDS,750,12,DSP-KY-230,JIM BEAM,,16.5
P000028,19096,100.0,vendor,2024-03,16.5,16.5,16.5,11.0,1066,17589.0,75,JIM BEAM PET,JIM BEAM BRANDS,750,12,DSP-KY-230,JIM BEAM,,16.5
P000028,19096,100.0,vendor,2024-04,16.5,16.5,16.5,11.0,1044,17226.0,84,JIM BEAM PET,JIM BEAM BRANDS,750,12,DSP-KY-230,JIM BEAM,,16.5
P000028,19096,100.0,vendor,2024-05,16.5,16.5,16.5,11.0,1053,17374.5,79,JIM BEAM PET,JIM BEAM BRANDS,750,12,DSP-KY-230,JIM BEAM,,16.5
P000028,19096,100.0,vendor,2024-06,16.5,16.5,16.5,11.0,1288,21252.0,93,JIM BEAM PET,JIM BEAM BRANDS,750,12,DSP-KY-230,JIM BEAM,,16.5
P000028,19096,100.0,vendor,2024-07,16.5,16.5,16.5,11.0,940,15510.0,73,JIM BEAM PET,JIM BEAM BRANDS,750,12,DSP-KY-230,JIM BEAM,,16.5
P000028,19096,100.0,vendor,2024-08,16.5,16.5,16.5,11.0,1113,18364.5,89,JIM BEAM PET,JIM BEAM BRANDS,750,12,DSP-KY-230,JIM BEAM,,16.5
P000028,19096,100.0,vendor,2024-09,16.5,16.5,16.5,11.0,1075,17737.5,86,JIM BEAM PET,JIM BEAM BRANDS,750,12,DSP-KY-230,JIM BEAM,,16.5
P000028,19096,100.0,vendor,2024-10,16.5,16.5,16.5,11.0,1501,24766.5,82,JIM BEAM PET,JIM BEAM BRANDS,750,12,DSP-KY-230,JIM BEAM,,16.5
P000028,19096,100.0,vendor,2024-11,16.5,16.5,16.5,11.0,966,15939.0,84,JIM BEAM PET,JIM BEAM BRANDS,750,12,DSP-KY-230,JIM BEAM,,16.5
P000028,19096,100.0,vendor,2024-12,17.25,17.25,17.25,11.5,1464,24156.0,128,JIM BEAM PET,JIM BEAM BRANDS,750,12,DSP-KY-230,JIM BEAM,,17.25
P000028,19096,100.0,vendor,2025-01,17.25,17.25,17.25,11.5,1020,17595.0,72,JIM BEAM PET,JIM BEAM BRANDS,750,12,DSP-KY-230,JIM BEAM,,17.25
P000028,19096,100.0,vendor,2025-02,17.25,17.25,17.25,11.5,834,14386.5,65,JIM BEAM PET,JIM BEAM BRANDS,750,12,DSP-KY-230,JIM BEAM,,17.25
P000028,19096,100.0,vendor,2025-03,17.25,17.25,17.25,11.5,774,13351.5,67,JIM BEAM PET,JIM BEAM BRANDS,750,12,DSP-KY-230,JIM BEAM,,17.25
P000028,19096,100.0,vendor,2025-04,17.25,17.25,17.25,11.5,1073,18509.25,82,JIM BEAM PET,JIM BEAM BRANDS,750,12,DSP-KY-230,JIM BEAM,,17.25
P000028,19096,100.0,vendor,2025-05,17.25,17.25,17.25,11.5,1058,18250.5,82,JIM BEAM PET,JIM BEAM BRANDS,750,12,DSP-KY-230,JIM BEAM,,17.25
P000028,19096,100.0,vendor,2025-06,17.25,17.25,17.25,11.5,1062,18319.5,85,JIM BEAM PET,JIM BEAM BRANDS,750,12,DSP-KY-230,JIM BEAM,,17.25
P000028,19096,100.0,vendor,2025-07,17.25,17.25,17.25,11.5,1018,17560.5,79,JIM BEAM PET,JIM BEAM BRANDS,750,12,DSP-KY-230,JIM BEAM,,17.25
P000028,19096,100.0,vendor,2025-08,17.25,17.25,17.25,11.5,1090,18802.5,84,JIM BEAM PET,JIM BEAM BRANDS,750,12,DSP-KY-230,JIM BEAM,,17.25
P000028,19096,100.0,vendor,2025-09,17.25,17.25,17.25,11.5,1133,19544.25,89,JIM BEAM PET,JIM BEAM BRANDS,750,12,DSP-KY-230,JIM BEAM,,17.25
P000028,19096,100.0,vendor,2025-10,17.25,17.25,17.25,11.5,1294,22321.5,88,JIM BEAM PET,JIM BEAM BRANDS,750,12,DSP-KY-230,JIM BEAM,,17.25
P000028,19096,100.0,vendor,2025-11,17.25,17.25,17.25,11.5,713,12299.25,62,JIM BEAM PET,JIM BEAM BRANDS,750,12,DSP-KY-230,JIM BEAM,,17.25
P000028,19096,100.0,vendor,2025-12,17.25,17.25,17.25,11.5,1198,20665.5,92,JIM BEAM PET,JIM BEAM BRANDS,750,12,DSP-KY-230,JIM BEAM,,17.25
P000028,19096,100.0,vendor,2026-01,17.25,17.25,17.25,11.5,955,16473.75,75,JIM BEAM PET,JIM BEAM BRANDS,750,12,DSP-KY-230,JIM BEAM,,17.25
P000028,19096,100.0,vendor,2026-02,17.25,17.25,17.25,11.5,747,12885.75,67,JIM BEAM PET,JIM BEAM BRANDS,750,12,DSP-KY-230,JIM BEAM,,17.25
P000028,19096,100.0,vendor,2026-03,17.25,17.25,17.25,11.5,1373,23684.25,82,JIM BEAM PET,JIM BEAM BRANDS,750,12,DSP-KY-230,JIM BEAM,,17.25
P000028,19096,100.0,vendor,2026-04,17.25,17.25,17.25,11.5,1059,18267.75,80,JIM BEAM PET,JIM BEAM BRANDS,750,12,DSP-KY-230,JIM BEAM,,17.25
P000035,18046,100.0,vendor,2013-02,6.57,6.57,6.57,4.38,272,1787.04,28,EVAN WILLIAMS GREEN LABEL,HEAVEN HILL BRANDS,750,12,KY-I-344,EVAN WILLIAMS,GREEN,6.57
P000035,18046,100.0,vendor,2013-03,6.57,6.57,6.57,4.38,181,1189.17,22,EVAN WILLIAMS GREEN LABEL,HEAVEN HILL BRANDS,750,12,KY-I-344,EVAN WILLIAMS,GREEN,6.57
P000035,18046,100.0,vendor,2013-04,6.57,6.57,6.57,4.38,169,1110.33,21,EVAN WILLIAMS GREEN LABEL,HEAVEN HILL BRANDS,750,12,KY-I-344,EVAN WILLIAMS,GREEN,6.57
P000035,18046,100.0,vendor,2013-05,6.57,6.57,6.57,4.38,185,1215.45,18,EVAN WILLIAMS GREEN LABEL,HEAVEN HILL BRANDS,750,12,KY-I-344,EVAN WILLIAMS,GREEN,6.57
P000035,18046,100.0,vendor,2013-06,6.57,6.57,6.57,4.38,128,840.96,14,EVAN WILLIAMS GREEN LABEL,HEAVEN HILL BRANDS,750,12,KY-I-344,EVAN WILLIAMS,GREEN,6.57
P000035,18046,100.0,vendor,2013-07,6.57,6.57,6.57,4.38,165,1084.05,20,EVAN WILLIAMS GREEN LABEL,HEAVEN HILL BRANDS,750,12,KY-I-344,EVAN WILLIAMS,GREEN,6.57
P000035,18046,100.0,vendor,2013-08,6.57,6.57,6.57,4.38,247,1622.79,24,EVAN WILLIAMS GREEN LABEL,HEAVEN HILL BRANDS,750,12,KY-I-344,EVAN WILLIAMS,GREEN,6.57
P000035,18046,100.0,vendor,2013-09,6.57,6.57,6.57,4.38,226,1484.82,26,EVAN WILLIAMS GREEN LABEL,HEAVEN HILL BRANDS,750,12,KY-I-344,EVAN WILLIAMS,GREEN,6.57
P000035,18046,100.0,vendor,2013-10,6.57,6.57,6.57,4.38,272,1787.04,27,EVAN WILLIAMS GREEN LABEL,HEAVEN HILL BRANDS,750,12,KY-I-344,EVAN WILLIAMS,GREEN,6.57
P000035,18046,100.0,vendor,2013-11,7.41,7.41,7.41,4.94,19,140.79,4,EVAN WILLIAMS GREEN LABEL,HEAVEN HILL BRANDS,750,12,KY-I-344,EVAN WILLIAMS,GREEN,7.41
P000035,18046,100.0,vendor,2013-12,7.41,7.41,7.41,4.94,152,1126.32,18,EVAN WILLIAMS GREEN LABEL,HEAVEN HILL BRANDS,750,12,KY-I-344,EVAN WILLIAMS,GREEN,7.41
P000035,18046,100.0,vendor,2014-01,7.41,7.41,7.41,4.94,352,2608.32,34,EVAN WILLIAMS GREEN LABEL,HEAVEN HILL BRANDS,750,12,KY-I-344,EVAN WILLIAMS,GREEN,7.41
P000035,18046,100.0,vendor,2014-02,7.41,7.41,7.41,4.94,156,1155.96,15,EVAN WILLIAMS GREEN LABEL,HEAVEN HILL BRANDS,750,12,KY-I-344,EVAN WILLIAMS,GREEN,7.41
P000035,18046,100.0,vendor,2014-03,7.41,7.41,7.41,4.94,186,1378.26,16,EVAN WILLIAMS GREEN LABEL,HEAVEN HILL BRANDS,750,12,KY-I-344,EVAN WILLIAMS,GREEN,7.41
P000035,18046,100.0,vendor,2014-04,7.41,7.41,7.41,4.94,167,1237.47,18,EVAN WILLIAMS GREEN LABEL,HEAVEN HILL BRANDS,750,12,KY-I-344,EVAN WILLIAMS,GREEN,7.41
P000035,18046,100.0,vendor,2014-05,7.41,7.41,7.41,4.94,227,1682.07,19,EVAN WILLIAMS GREEN LABEL,HEAVEN HILL BRANDS,750,12,KY-I-344,EVAN WILLIAMS,GREEN,7.41
P000035,18046,100.0,vendor,2014-06,7.41,7.41,7.41,4.94,212,1570.92,23,EVAN WILLIAMS GREEN LABEL,HEAVEN HILL BRANDS,750,12,KY-I-344,EVAN WILLIAMS,GREEN,7.41
P000035,18046,100.0,vendor,2014-07,7.41,7.41,7.41,4.94,225,1667.25,26,EVAN WILLIAMS GREEN LABEL,HEAVEN HILL BRANDS,750,12,KY-I-344,EVAN WILLIAMS,GREEN,7.41
P000035,18046,100.0,vendor,2014-08,7.41,7.41,7.41,4.94,285,2111.85,29,EVAN WILLIAMS GREEN LABEL,HEAVEN HILL BRANDS,750,12,KY-I-344,EVAN WILLIAMS,GREEN,7.41
P000035,18046,100.0,vendor,2014-09,7.41,7.41,7.41,4.94,228,1689.48,22,EVAN WILLIAMS GREEN LABEL,HEAVEN HILL BRANDS,750,12,KY-I-344,EVAN WILLIAMS,GREEN,7.41
P000035,18046,100.0,vendor,2014-10,7.41,7.41,7.41,4.94,305,2260.05,30,EVAN WILLIAMS GREEN LABEL,HEAVEN HILL BRANDS,750,12,KY-I-344,EVAN WILLIAMS,GREEN,7.41
P000035,18046,100.0,vendor,2014-11,7.41,7.41,7.41,4.94,292,2163.72,33,EVAN WILLIAMS GREEN LABEL,HEAVEN HILL BRANDS,750,12,KY-I-344,EVAN WILLIAMS,GREEN,7.41
P000035,18046,100.0,vendor,2014-12,7.41,7.41,7.41,4.94,388,2875.08,39,EVAN WILLIAMS GREEN LABEL,HEAVEN HILL BRANDS,750,12,KY-I-344,EVAN WILLIAMS,GREEN,7.41
P000035,18046,100.0,vendor,2015-01,7.41,7.41,7.41,4.94,288,2134.08,29,EVAN WILLIAMS GREEN LABEL,HEAVEN HILL BRANDS,750,12,KY-I-344,EVAN WILLIAMS,GREEN,7.41
P000035,18046,100.0,vendor,2015-02,7.41,7.41,7.41,4.94,347,2571.27,37,EVAN WILLIAMS GREEN LABEL,HEAVEN HILL BRANDS,750,12,KY-I-344,EVAN WILLIAMS,GREEN,7.41
P000035,18046,100.0,vendor,2015-03,7.41,7.41,7.41,4.94,272,2015.52,29,EVAN WILLIAMS GREEN LABEL,HEAVEN HILL BRANDS,750,12,KY-I-344,EVAN WILLIAMS,GREEN,7.41
P000035,18046,100.0,vendor,2015-04,7.41,7.41,7.41,4.94,355,2630.55,33,EVAN WILLIAMS GREEN LABEL,HEAVEN HILL BRANDS,750,12,KY-I-344,EVAN WILLIAMS,GREEN,7.41
P000035,18046,100.0,vendor,2015-05,7.41,7.41,7.41,4.94,263,1948.83,27,EVAN WILLIAMS GREEN LABEL,HEAVEN HILL BRANDS,750,12,KY-I-344,EVAN WILLIAMS,GREEN,7.41
P000035,18046,100.0,vendor,2015-06,7.41,7.41,7.41,4.94,383,2838.03,36,EVAN WILLIAMS GREEN LABEL,HEAVEN HILL BRANDS,750,12,KY-I-344,EVAN WILLIAMS,GREEN,7.41
P000035,18046,100.0,vendor,2015-07,7.41,7.41,7.41,4.94,362,2682.42,31,EVAN WILLIAMS GREEN LABEL,HEAVEN HILL BRANDS,750,12,KY-I-344,EVAN WILLIAMS,GREEN,7.41
P000035,18046,100.0,vendor,2015-08,8.21,8.21,8.21,5.47,329,2701.09,33,EVAN WILLIAMS GREEN LABEL,HEAVEN HILL BRANDS,750,12,KY-I-344,EVAN WILLIAMS,GREEN,8.21
P000035,18046,100.0,vendor,2015-09,8.21,8.21,8.21,5.47,327,2684.67,39,EVAN WILLIAMS GREEN LABEL,HEAVEN HILL BRANDS,750,12,KY-I-344,EVAN WILLIAMS,GREEN,8.21
P000035,18046,100.0,vendor,2015-10,8.21,8.21,8.21,5.47,260,2134.6,27,EVAN WILLIAMS GREEN LABEL,HEAVEN HILL BRANDS,750,12,KY-I-344,EVAN WILLIAMS,GREEN,8.21
P000035,18046,100.0,vendor,2015-11,8.21,8.21,8.21,5.47,288,2364.48,32,EVAN WILLIAMS GREEN LABEL,HEAVEN HILL BRANDS,750,12,KY-I-344,EVAN WILLIAMS,GREEN,8.21
P000035,18046,100.0,vendor,2015-12,8.21,8.21,8.21,5.47,388,3185.48,38,EVAN WILLIAMS GREEN LABEL,HEAVEN HILL BRANDS,750,12,KY-I-344,EVAN WILLIAMS,GREEN,8.21
P000035,18046,100.0,vendor,2016-01,8.21,8.21,8.21,5.47,239,1962.19,29,EVAN WILLIAMS GREEN LABEL,HEAVEN HILL BRANDS,750,12,KY-I-344,EVAN WILLIAMS,GREEN,8.21
P000035,18046,100.0,vendor,2016-02,8.21,8.21,8.21,5.47,341,2799.61,38,EVAN WILLIAMS GREEN LABEL,HEAVEN HILL BRANDS,750,12,KY-I-344,EVAN WILLIAMS,GREEN,8.21
P000035,18046,100.0,vendor,2016-03,8.21,8.21,8.21,5.47,316,2594.36,31,EVAN WILLIAMS GREEN LABEL,HEAVEN HILL BRANDS,750,12,KY-I-344,EVAN WILLIAMS,GREEN,8.21
P000035,18046,100.0,vendor,2016-04,8.21,8.21,8.21,5.47,287,2356.27,33,EVAN WILLIAMS GREEN LABEL,HEAVEN HILL BRANDS,750,12,KY-I-344,EVAN WILLIAMS,GREEN,8.21
P000035,18046,100.0,vendor,2016-05,8.21,8.21,8.21,5.47,309,2536.89,36,EVAN WILLIAMS GREEN LABEL,HEAVEN HILL BRANDS,750,12,KY-I-344,EVAN WILLIAMS,GREEN,8.21
P000035,18046,100.0,vendor,2016-06,8.21,8.21,8.21,5.47,270,2216.7,30,EVAN WILLIAMS GREEN LABEL,HEAVEN HILL BRANDS,750,12,KY-I-344,EVAN WILLIAMS,GREEN,8.21
P000035,18046,100.0,vendor,2016-07,8.21,8.21,8.21,5.47,270,2216.7,34,EVAN WILLIAMS GREEN LABEL,HEAVEN HILL BRANDS,750,12,KY-I-344,EVAN WILLIAMS,GREEN,8.21
P000035,18046,100.0,vendor,2016-08,8.21,8.21,8.21,5.47,295,2955.6,42,EVAN WILLIAMS GREEN LABEL,HEAVEN HILL BRANDS,750,12,KY-I-344,EVAN WILLIAMS,GREEN,8.21
P000035,18046,100.0,vendor,2016-09,8.61,8.61,8.61,5.74,271,2224.91,35,EVAN WILLIAMS GREEN LABEL,HEAVEN HILL BRANDS,750,12,KY-I-344,EVAN WILLIAMS,GREEN,8.61
P000035,18046,100.0,vendor,2016-10,8.61,8.61,8.61,5.74,277,2274.17,31,EVAN WILLIAMS GREEN LABEL,HEAVEN HILL BRANDS,750,12,KY-I-344,EVAN WILLIAMS,GREEN,8.61
P000035,18046,100.0,vendor,2016-11,8.61,8.61,8.61,5.74,402,3300.42,36,EVAN WILLIAMS GREEN LABEL,HEAVEN HILL BRANDS,750,12,KY-I-344,EVAN WILLIAMS,GREEN,8.61
P000035,18046,100.0,vendor,2016-12,8.61,8.61,8.61,5.74,369,3029.49,39,EVAN WILLIAMS GREEN LABEL,HEAVEN HILL BRANDS,750,12,KY-I-344,EVAN WILLIAMS,GREEN,8.61
P000035,18046,100.0,vendor,2017-01,8.61,8.61,8.61,5.74,274,2249.54,35,EVAN WILLIAMS GREEN LABEL,HEAVEN HILL BRANDS,750,12,KY-I-344,EVAN WILLIAMS,GREEN,8.61
P000035,18046,100.0,vendor,2017-02,8.61,8.61,8.61,5.74,346,2979.06,41,EVAN WILLIAMS GREEN LABEL,HEAVEN HILL BRANDS,750,12,KY-I-344,EVAN WILLIAMS,GREEN,8.61
P000035,18046,100.0,vendor,2017-03,8.61,8.61,8.61,5.74,237,2040.57,33,EVAN WILLIAMS GREEN LABEL,HEAVEN HILL BRANDS,750,12,KY-I-344,EVAN WILLIAMS,GREEN,8.61
P000035,18046,100.0,vendor,2017-04,8.61,8.61,8.61,5.74,281,2419.41,38,EVAN WILLIAMS GREEN LABEL,HEAVEN HILL BRANDS,750,12,KY-I-344,EVAN WILLIAMS,GREEN,8.61
P000035,18046,100.0,vendor,2017-05,8.61,8.61,8.61,5.74,392,3375.12,44,EVAN WILLIAMS GREEN LABEL,HEAVEN HILL BRANDS,750,12,KY-I-344,EVAN WILLIAMS,GREEN,8.61
P000035,18046,100.0,vendor,2017-06,8.61,8.61,8.61,5.74,288,2479.68,37,EVAN WILLIAMS GREEN LABEL,HEAVEN HILL BRANDS,750,12,KY-I-344,EVAN WILLIAMS,GREEN,8.61
P000035,18046,100.0,vendor,2017-07,8.61,8.61,8.61,5.74,252,2169.72,29,EVAN WILLIAMS GREEN LABEL,HEAVEN HILL BRANDS,750,12,KY-I-344,EVAN WILLIAMS,GREEN,8.61
P000035,18046,100.0,vendor,2017-08,8.61,8.61,8.61,5.74,283,2436.63,41,EVAN WILLIAMS GREEN LABEL,HEAVEN HILL BRANDS,750,12,KY-I-344,EVAN WILLIAMS,GREEN,8.61
P000035,18046,100.0,vendor,2017-09,8.61,8.61,8.61,5.74,282,2428.02,39,EVAN WILLIAMS GREEN LABEL,HEAVEN HILL BRANDS,750,12,KY-I-344,EVAN WILLIAMS,GREEN,8.61
P000035,18046,100.0,vendor,2017-10,8.61,8.61,8.61,5.74,313,2867.13,39,EVAN WILLIAMS GREEN LABEL,HEAVEN HILL BRANDS,750,12,KY-I-344,EVAN WILLIAMS,GREEN,8.61
P000035,18046,100.0,vendor,2017-11,8.61,8.61,8.61,5.74,437,3762.57,46,EVAN WILLIAMS GREEN LABEL,HEAVEN HILL BRANDS,750,12,KY-I-344,EVAN WILLIAMS,GREEN,8.61
P000035,18046,100.0,vendor,2017-12,8.61,8.61,8.61,5.74,424,3650.64,46,EVAN WILLIAMS GREEN LABEL,HEAVEN HILL BRANDS,750,12,KY-I-344,EVAN WILLIAMS,GREEN,8.61
P000035,18046,100.0,vendor,2018-01,8.61,8.61,8.61,5.74,373,3211.53,35,EVAN WILLIAMS GREEN LABEL,HEAVEN HILL BRANDS,750,12,KY-I-344,EVAN WILLIAMS,GREEN,8.61
P000035,18046,100.0,vendor,2018-02,8.61,8.61,8.61,5.74,297,2557.17,41,EVAN WILLIAMS GREEN LABEL,HEAVEN HILL BRANDS,750,12,KY-I-344,EVAN WILLIAMS,GREEN,8.61
P000035,18046,100.0,vendor,2018-03,8.61,8.61,8.61,5.74,272,2341.92,35,EVAN WILLIAMS GREEN LABEL,HEAVEN HILL BRANDS,750,12,KY-I-344,EVAN WILLIAMS,GREEN,8.61
P000035,18046,100.0,vendor,2018-04,8.61,8.61,8.61,5.74,390,3357.9,45,EVAN WILLIAMS GREEN LABEL,HEAVEN HILL BRANDS,750,12,KY-I-344,EVAN WILLIAMS,GREEN,8.61
P000035,18046,100.0,vendor,2018-05,8.61,8.61,8.61,5.74,328,2824.08,38,EVAN WILLIAMS GREEN LABEL,HEAVEN HILL BRANDS,750,12,KY-I-344,EVAN WILLIAMS,GREEN,8.61
P000035,18046,100.0,vendor,2018-06,8.61,8.61,8.61,5.74,279,2402.19,34,EVAN WILLIAMS GREEN LABEL,HEAVEN HILL BRANDS,750,12,KY-I-344,EVAN WILLIAMS,GREEN,8.61
P000035,18046,100.0,vendor,2018-07,8.61,8.61,8.61,5.74,341,2936.01,37,EVAN WILLIAMS GREEN LABEL,HEAVEN HILL BRANDS,750,12,KY-I-344,EVAN WILLIAMS,GREEN,8.61
P000035,18046,100.0,vendor,2018-08,8.61,8.61,8.61,5.74,315,2712.15,36,EVAN WILLIAMS GREEN LABEL,HEAVEN HILL BRANDS,750,12,KY-I-344,EVAN WILLIAMS,GREEN,8.61
P000035,18046,100.0,vendor,2018-09,8.61,8.61,8.61,5.74,304,2617.44,33,EVAN WILLIAMS GREEN LABEL,HEAVEN HILL BRANDS,750,12,KY-I-344,EVAN WILLIAMS,GREEN,8.61
P000035,18046,100.0,vendor,2018-10,8.61,8.61,8.61,5.74,389,3349.29,39,EVAN WILLIAMS GREEN LABEL,HEAVEN HILL BRANDS,750,12,KY-I-344,EVAN WILLIAMS,GREEN,8.61
P000035,18046,100.0,vendor,2018-11,8.61,8.61,8.61,5.74,436,3753.96,42,EVAN WILLIAMS GREEN LABEL,HEAVEN HILL BRANDS,750,12,KY-I-344,EVAN WILLIAMS,GREEN,8.61
P000035,18046,100.0,vendor,2018-12,8.61,8.61,8.61,5.74,437,3762.57,46,EVAN WILLIAMS GREEN LABEL,HEAVEN HILL BRANDS,750,12,KY-I-344,EVAN WILLIAMS,GREEN,8.61
P000035,18046,100.0,vendor,2019-01,8.61,8.61,8.61,5.74,397,3418.17,43,EVAN WILLIAMS GREEN LABEL,HEAVEN HILL BRANDS,750,12,KY-I-344,EVAN WILLIAMS,GREEN,8.61
P000035,18046,100.0,vendor,2019-02,8.61,8.61,8.61,5.74,463,3986.43,45,EVAN WILLIAMS GREEN LABEL,HEAVEN HILL BRANDS,750,12,KY-I-344,EVAN WILLIAMS,GREEN,8.61
P000035,18046,100.0,vendor,2019-03,8.61,8.61,8.61,5.74,361,3108.21,41,EVAN WILLIAMS GREEN LABEL,HEAVEN HILL BRANDS,750,12,KY-I-344,EVAN WILLIAMS,GREEN,8.61
P000035,18046,100.0,vendor,2019-04,8.61,8.61,8.61,5.74,390,3357.9,41,EVAN WILLIAMS GREEN LABEL,HEAVEN HILL BRANDS,750,12,KY-I-344,EVAN WILLIAMS,GREEN,8.61
P000035,18046,100.0,vendor,2019-05,8.61,8.61,8.61,5.74,410,3530.1,47,EVAN WILLIAMS GREEN LABEL,HEAVEN HILL BRANDS,750,12,KY-I-344,EVAN WILLIAMS,GREEN,8.61
P000035,18046,100.0,vendor,2019-06,8.61,8.61,8.61,5.74,370,3185.7,44,EVAN WILLIAMS GREEN LABEL,HEAVEN HILL BRANDS,750,12,KY-I-344,EVAN WILLIAMS,GREEN,8.61
P000035,18046,100.0,vendor,2019-07,8.61,8.61,8.61,5.74,329,2832.69,40,EVAN WILLIAMS GREEN LABEL,HEAVEN HILL BRANDS,750,12,KY-I-344,EVAN WILLIAMS,GREEN,8.61
P000035,18046,100.0,vendor,2019-08,8.61,8.61,8.61,5.74,331,2849.91,40,EVAN WILLIAMS GREEN LABEL,HEAVEN HILL BRANDS,750,12,KY-I-344,EVAN WILLIAMS,GREEN,8.61
P000035,18046,100.0,vendor,2019-09,8.61,8.61,8.61,5.74,298,2565.78,40,EVAN WILLIAMS GREEN LABEL,HEAVEN HILL BRANDS,750,12,KY-I-344,EVAN WILLIAMS,GREEN,8.61
P000035,18046,100.0,vendor,2019-10,9.0,9.0,9.0,6.0,340,2927.4,39,EVAN WILLIAMS GREEN LABEL,HEAVEN HILL BRANDS,750,12,KY-I-344,EVAN WILLIAMS,GREEN,9.0
P000035,18046,100.0,vendor,2019-11,9.0,9.0,9.0,6.0,361,3249.0,42,EVAN WILLIAMS GREEN LABEL,HEAVEN HILL BRANDS,750,12,KY-I-344,EVAN WILLIAMS,GREEN,9.0
P000035,18046,100.0,vendor,2019-12,9.0,9.0,9.0,6.0,350,3150.0,45,EVAN WILLIAMS GREEN LABEL,HEAVEN HILL BRANDS,750,12,KY-I-344,EVAN WILLIAMS,GREEN,9.0
P000035,18046,100.0,vendor,2020-01,9.0,9.0,9.0,6.0,393,3537.0,46,EVAN WILLIAMS GREEN LABEL,HEAVEN HILL BRANDS,750,12,KY-I-344,EVAN WILLIAMS,GREEN,9.0
P000035,18046,100.0,vendor,2020-02,9.0,9.0,9.0,6.0,301,2709.0,46,EVAN WILLIAMS GREEN LABEL,HEAVEN HILL BRANDS,750,12,KY-I-344,EVAN WILLIAMS,GREEN,9.0
P000035,18046,100.0,vendor,2020-03,9.0,9.0,9.0,6.0,466,4194.0,43,EVAN WILLIAMS GREEN LABEL,HEAVEN HILL BRANDS,750,12,KY-I-344,EVAN WILLIAMS,GREEN,9.0
P000035,18046,100.0,vendor,2020-04,9.0,9.0,9.0,6.0,396,3564.0,41,EVAN WILLIAMS GREEN LABEL,HEAVEN HILL BRANDS,750,12,KY-I-344,EVAN WILLIAMS,GREEN,9.0
P000035,18046,100.0,vendor,2020-05,9.0,9.0,9.0,6.0,312,2808.0,39,EVAN WILLIAMS GREEN LABEL,HEAVEN HILL BRANDS,750,12,KY-I-344,EVAN WILLIAMS,GREEN,9.0
P000035,18046,100.0,vendor,2020-06,9.0,9.0,9.0,6.0,309,2781.0,34,EVAN WILLIAMS GREEN LABEL,HEAVEN HILL BRANDS,750,12,KY-I-344,EVAN WILLIAMS,GREEN,9.0
P000035,18046,100.0,vendor,2020-07,9.0,9.0,9.0,6.0,386,3474.0,42,EVAN WILLIAMS GREEN LABEL,HEAVEN HILL BRANDS,750,12,KY-I-344,EVAN WILLIAMS,GREEN,9.0
P000035,18046,100.0,vendor,2020-08,9.0,9.0,9.0,6.0,378,3402.0,43,EVAN WILLIAMS GREEN LABEL,HEAVEN HILL BRANDS,750,12,KY-I-344,EVAN WILLIAMS,GREEN,9.0
P000035,18046,100.0,vendor,2020-09,9.0,9.0,9.0,6.0,344,3096.0,42,EVAN WILLIAMS GREEN LABEL,HEAVEN HILL BRANDS,750,12,KY-I-344,EVAN WILLIAMS,GREEN,9.0
P000035,18046,100.0,vendor,2020-10,9.0,9.0,9.0,6.0,344,3096.0,40,EVAN WILLIAMS GREEN LABEL,HEAVEN HILL BRANDS,750,12,KY-I-344,EVAN WILLIAMS,GREEN,9.0
P000035,18046,100.0,vendor,2020-11,9.0,9.0,9.0,6.0,358,3222.0,40,EVAN WILLIAMS GREEN LABEL,HEAVEN HILL BRANDS,750,12,KY-I-344,EVAN WILLIAMS,GREEN,9.0
P000035,18046,100.0,vendor,2020-12,9.0,9.0,9.0,6.0,14,126.0,2,EVAN WILLIAMS GREEN LABEL,HEAVEN HILL BRANDS,750,12,KY-I-344,EVAN WILLIAMS,GREEN,9.0
P000035,18046,100.0,vendor,2026-01,13.5,13.5,13.5,9.0,348,4698.0,53,EVAN WILLIAMS GREEN LABEL,HEAVEN HILL BRANDS,750,12,KY-I-344,EVAN WILLIAMS,GREEN,13.5
P000035,18046,100.0,vendor,2026-02,13.5,13.5,13.5,9.0,113,1525.5,21,EVAN WILLIAMS GREEN LABEL,HEAVEN HILL BRANDS,750,12,KY-I-344,EVAN WILLIAMS,GREEN,13.5
P000035,18046,100.0,vendor,2026-03,13.5,13.5,13.5,9.0,44,594.0,11,EVAN WILLIAMS GREEN LABEL,HEAVEN HILL BRANDS,750,12,KY-I-344,EVAN WILLIAMS,GREEN,13.5
P000035,18046,100.0,vendor,2026-04,10.5,10.5,10.5,7.0,42,567.0,13,EVAN WILLIAMS GREEN LABEL,HEAVEN HILL BRANDS,750,12,KY-I-344,EVAN WILLIAMS,GREEN,10.5
P000036,17086,100.0,vendor,2012-01,22.26,22.26,22.26,14.84,276,6143.76,46,BULLEIT BOURBON,DIAGEO AMERICAS,750,12,DSP-MD-03,BULLEIT BOURBON,,22.26
P000036,17086,100.0,vendor,2012-02,22.26,22.26,22.26,14.84,296,6588.96,48,BULLEIT BOURBON,DIAGEO AMERICAS,750,12,DSP-MD-03,BULLEIT BOURBON,,22.26
P000036,17086,100.0,vendor,2012-03,22.26,22.26,22.26,14.84,228,5075.28,49,BULLEIT BOURBON,DIAGEO AMERICAS,750,12,DSP-MD-03,BULLEIT BOURBON,,22.26
P000036,17086,100.0,vendor,2012-04,22.26,22.26,22.26,14.84,293,6522.18,47,BULLEIT BOURBON,DIAGEO AMERICAS,750,12,DSP-MD-03,BULLEIT BOURBON,,22.26
P000036,17086,100.0,vendor,2012-05,22.26,22.26,22.26,14.84,334,7434.84,51,BULLEIT BOURBON,DIAGEO AMERICAS,750,12,DSP-MD-03,BULLEIT BOURBON,,22.26
P000036,17086,100.0,vendor,2012-06,22.26,22.26,22.26,14.84,387,8614.62,55,BULLEIT BOURBON,DIAGEO AMERICAS,750,12,DSP-MD-03,BULLEIT BOURBON,,22.26
P000036,17086,100.0,vendor,2012-07,22.26,22.26,22.26,14.84,309,6878.34,58,BULLEIT BOURBON,DIAGEO AMERICAS,750,12,DSP-MD-03,BULLEIT BOURBON,,22.26
P000036,17086,100.0,vendor,2012-08,23.24,23.24,23.24,15.5,354,8226.96,51,BULLEIT BOURBON,DIAGEO AMERICAS,750,12,DSP-MD-03,BULLEIT BOURBON,,23.24
P000036,17086,100.0,vendor,2012-09,23.24,23.24,23.24,15.5,271,6298.04,47,BULLEIT BOURBON,DIAGEO AMERICAS,750,12,DSP-MD-03,BULLEIT BOURBON,,23.24
P000036,17086,100.0,vendor,2012-10,23.24,23.24,23.24,15.5,393,9133.32,62,BULLEIT BOURBON,DIAGEO AMERICAS,750,12,DSP-MD-03,BULLEIT BOURBON,,23.24
P000036,17086,100.0,vendor,2012-11,23.24,23.24,23.24,15.5,418,9714.32,60,BULLEIT BOURBON,DIAGEO AMERICAS,750,12,DSP-MD-03,BULLEIT BOURBON,,23.24
P000036,17086,100.0,vendor,2012-12,23.24,23.24,23.24,15.5,515,11968.6,73,BULLEIT BOURBON,DIAGEO AMERICAS,750,12,DSP-MD-03,BULLEIT BOURBON,,23.24
P000036,17086,100.0,vendor,2013-01,23.24,23.24,23.24,15.5,383,8900.92,63,BULLEIT BOURBON,DIAGEO AMERICAS,750,12,DSP-MD-03,BULLEIT BOURBON,,23.24
P000036,17086,100.0,vendor,2013-02,23.24,23.24,23.24,15.5,356,8273.44,68,BULLEIT BOURBON,DIAGEO AMERICAS,750,12,DSP-MD-03,BULLEIT BOURBON,,23.24
P000036,17086,100.0,vendor,2013-03,23.24,23.24,23.24,15.5,399,9272.76,65,BULLEIT BOURBON,DIAGEO AMERICAS,750,12,DSP-MD-03,BULLEIT BOURBON,,23.24
P000036,17086,100.0,vendor,2013-04,23.24,23.24,23.24,15.5,456,10597.44,67,BULLEIT BOURBON,DIAGEO AMERICAS,750,12,DSP-MD-03,BULLEIT BOURBON,,23.24
P000036,17086,100.0,vendor,2013-05,24.0,24.0,24.0,16.0,433,10392.0,66,BULLEIT BOURBON,DIAGEO AMERICAS,750,12,DSP-MD-03,BULLEIT BOURBON,,24.0
P000036,17086,100.0,vendor,2013-06,24.0,24.0,24.0,16.0,374,8976.0,71,BULLEIT BOURBON,DIAGEO AMERICAS,750,12,DSP-MD-03,BULLEIT BOURBON,,24.0
P000036,17086,100.0,vendor,2013-07,24.0,24.0,24.0,16.0,347,8328.0,66,BULLEIT BOURBON,DIAGEO AMERICAS,750,12,DSP-MD-03,BULLEIT BOURBON,,24.0
P000036,17086,100.0,vendor,2013-08,24.0,24.0,24.0,16.0,546,13104.0,83,BULLEIT BOURBON,DIAGEO AMERICAS,750,12,DSP-MD-03,BULLEIT BOURBON,,24.0
P000036,17086,100.0,vendor,2013-09,24.0,24.0,24.0,16.0,406,9744.0,70,BULLEIT BOURBON,DIAGEO AMERICAS,750,12,DSP-MD-03,BULLEIT BOURBON,,24.0
P000036,17086,100.0,vendor,2013-10,24.0,24.0,24.0,16.0,590,14160.0,73,BULLEIT BOURBON,DIAGEO AMERICAS,750,12,DSP-MD-03,BULLEIT BOURBON,,24.0
P000036,17086,100.0,vendor,2013-11,24.0,24.0,24.0,16.0,404,9696.0,68,BULLEIT BOURBON,DIAGEO AMERICAS,750,12,DSP-MD-03,BULLEIT BOURBON,,24.0
P000036,17086,100.0,vendor,2013-12,24.0,24.0,24.0,16.0,948,22752.0,92,BULLEIT BOURBON,DIAGEO AMERICAS,750,12,DSP-MD-03,BULLEIT BOURBON,,24.0
P000036,17086,100.0,vendor,2014-01,24.0,24.0,24.0,16.0,482,11568.0,83,BULLEIT BOURBON,DIAGEO AMERICAS,750,12,DSP-MD-03,BULLEIT BOURBON,,24.0
P000036,17086,100.0,vendor,2014-02,24.0,24.0,24.0,16.0,839,20136.0,84,BULLEIT BOURBON,DIAGEO AMERICAS,750,12,DSP-MD-03,BULLEIT BOURBON,,24.0
P000036,17086,100.0,vendor,2014-03,24.0,24.0,24.0,16.0,561,13464.0,83,BULLEIT BOURBON,DIAGEO AMERICAS,750,12,DSP-MD-03,BULLEIT BOURBON,,24.0
P000036,17086,100.0,vendor,2014-04,24.0,24.0,24.0,16.0,1079,25896.0,106,BULLEIT BOURBON,DIAGEO AMERICAS,750,12,DSP-MD-03,BULLEIT BOURBON,,24.0
P000036,17086,100.0,vendor,2014-05,24.0,24.0,24.0,16.0,626,15024.0,81,BULLEIT BOURBON,DIAGEO AMERICAS,750,12,DSP-MD-03,BULLEIT BOURBON,,24.0
P000036,17086,100.0,vendor,2014-06,24.0,24.0,24.0,16.0,829,19896.0,98,BULLEIT BOURBON,DIAGEO AMERICAS,750,12,DSP-MD-03,BULLEIT BOURBON,,24.0
P000036,17086,100.0,vendor,2014-07,24.0,24.0,24.0,16.0,434,10416.0,56,BULLEIT BOURBON,DIAGEO AMERICAS,750,12,DSP-MD-03,BULLEIT BOURBON,,24.0
P000036,17086,100.0,vendor,2014-08,24.75,24.75,24.75,16.5,898,22225.5,90,BULLEIT BOURBON,DIAGEO AMERICAS,750,12,DSP-MD-03,BULLEIT BOURBON,,24.75
P000036,17086,100.0,vendor,2014-09,24.75,24.75,24.75,16.5,1385,34278.75,89,BULLEIT BOURBON,DIAGEO AMERICAS,750,12,DSP-MD-03,BULLEIT BOURBON,,24.75
P000036,17086,100.0,vendor,2014-10,24.75,24.75,24.75,16.5,869,21507.75,100,BULLEIT BOURBON,DIAGEO AMERICAS,750,12,DSP-MD-03,BULLEIT BOURBON,,24.75
P000036,17086,100.0,vendor,2014-11,24.75,24.75,24.75,16.5,1111,27497.25,93,BULLEIT BOURBON,DIAGEO AMERICAS,750,12,DSP-MD-03,BULLEIT BOURBON,,24.75
P000036,17086,100.0,vendor,2014-12,24.75,24.75,24.75,16.5,1413,34971.75,127,BULLEIT BOURBON,DIAGEO AMERICAS,750,12,DSP-MD-03,BULLEIT BOURBON,,24.75
P000036,17086,100.0,vendor,2015-01,24.75,24.75,24.75,16.5,1122,27769.5,104,BULLEIT BOURBON,DIAGEO AMERICAS,750,12,DSP-MD-03,BULLEIT BOURBON,,24.75
P000036,17086,100.0,vendor,2015-02,24.75,24.75,24.75,16.5,673,16656.75,88,BULLEIT BOURBON,DIAGEO AMERICAS,750,12,DSP-MD-03,BULLEIT BOURBON,,24.75
P000036,17086,100.0,vendor,2015-03,24.75,24.75,24.75,16.5,928,22968.0,99,BULLEIT BOURBON,DIAGEO AMERICAS,750,12,DSP-MD-03,BULLEIT BOURBON,,24.75
P000036,17086,100.0,vendor,2015-04,24.75,24.75,24.75,16.5,909,22497.75,110,BULLEIT BOURBON,DIAGEO AMERICAS,750,12,DSP-MD-03,BULLEIT BOURBON,,24.75
P000036,17086,100.0,vendor,2015-05,24.75,24.75,24.75,16.5,1406,34798.5,111,BULLEIT BOURBON,DIAGEO AMERICAS,750,12,DSP-MD-03,BULLEIT BOURBON,,24.75
P000036,17086,100.0,vendor,2015-06,24.75,24.75,24.75,16.5,1330,32917.5,125,BULLEIT BOURBON,DIAGEO AMERICAS,750,12,DSP-MD-03,BULLEIT BOURBON,,24.75
P000036,17086,100.0,vendor,2015-07,24.75,24.75,24.75,16.5,762,18859.5,96,BULLEIT BOURBON,DIAGEO AMERICAS,750,12,DSP-MD-03,BULLEIT BOURBON,,24.75
P000036,17086,100.0,vendor,2015-08,24.75,24.75,24.75,16.5,952,23562.0,102,BULLEIT BOURBON,DIAGEO AMERICAS,750,12,DSP-MD-03,BULLEIT BOURBON,,24.75
P000036,17086,100.0,vendor,2015-09,24.75,24.75,24.75,16.5,1053,26061.75,117,BULLEIT BOURBON,DIAGEO AMERICAS,750,12,DSP-MD-03,BULLEIT BOURBON,,24.75
P000036,17086,100.0,vendor,2015-10,24.75,24.75,24.75,16.5,1662,41134.5,110,BULLEIT BOURBON,DIAGEO AMERICAS,750,12,DSP-MD-03,BULLEIT BOURBON,,24.75
P000036,17086,100.0,vendor,2015-11,25.13,25.13,25.13,16.75,1961,49279.93,122,BULLEIT BOURBON,DIAGEO AMERICAS,750,12,DSP-MD-03,BULLEIT BOURBON,,25.13
P000036,17086,100.0,vendor,2015-12,25.13,25.13,25.13,16.75,2322,58351.86,165,BULLEIT BOURBON,DIAGEO AMERICAS,750,12,DSP-MD-03,BULLEIT BOURBON,,25.13
P000036,17086,100.0,vendor,2016-01,25.13,25.13,25.13,16.75,1004,25230.52,89,BULLEIT BOURBON,DIAGEO AMERICAS,750,12,DSP-MD-03,BULLEIT BOURBON,,25.13
P000036,17086,100.0,vendor,2016-02,22.5,22.5,22.5,15.0,1248,28080.0,114,BULLEIT BOURBON,DIAGEO AMERICAS,750,12,DSP-MD-03,BULLEIT BOURBON,,22.5
P000036,17086,100.0,vendor,2016-03,22.5,22.5,22.5,15.0,1661,37372.5,119,BULLEIT BOURBON,DIAGEO AMERICAS,750,12,DSP-MD-03,BULLEIT BOURBON,,22.5
P000036,17086,100.0,vendor,2016-04,22.5,22.5,22.5,15.0,1593,35842.5,121,BULLEIT BOURBON,DIAGEO AMERICAS,750,12,DSP-MD-03,BULLEIT BOURBON,,22.5
P000036,17086,100.0,vendor,2016-05,22.5,22.5,22.5,15.0,2315,52087.5,141,BULLEIT BOURBON,DIAGEO AMERICAS,750,12,DSP-MD-03,BULLEIT BOURBON,,22.5
P000036,17086,100.0,vendor,2016-06,22.5,22.5,22.5,15.0,1297,29182.5,145,BULLEIT BOURBON,DIAGEO AMERICAS,750,12,DSP-MD-03,BULLEIT BOURBON,,22.5
P000036,17086,100.0,vendor,2016-07,22.5,22.5,22.5,15.0,1007,22657.5,114,BULLEIT BOURBON,DIAGEO AMERICAS,750,12,DSP-MD-03,BULLEIT BOURBON,,22.5
P000036,17086,100.0,vendor,2016-08,22.5,22.5,22.5,15.0,3412,76927.5,146,BULLEIT BOURBON,DIAGEO AMERICAS,750,12,DSP-MD-03,BULLEIT BOURBON,,22.5
P000036,17086,100.0,vendor,2016-09,24.0,24.0,24.0,16.0,1418,31905.0,123,BULLEIT BOURBON,DIAGEO AMERICAS,750,12,DSP-MD-03,BULLEIT BOURBON,,24.0
P000036,17086,100.0,vendor,2016-10,24.0,22.5,24.0,16.0,2945,66510.0,163,BULLEIT BOURBON,DIAGEO AMERICAS,750,12,DSP-MD-03,BULLEIT BOURBON,,24.0
P000036,17086,100.0,vendor,2016-11,24.0,22.5,24.0,16.0,1798,40702.5,150,BULLEIT BOURBON,DIAGEO AMERICAS,750,12,DSP-MD-03,BULLEIT BOURBON,,24.0
P000036,17086,100.0,vendor,2016-12,24.0,22.5,24.0,16.0,2845,64260.0,181,BULLEIT BOURBON,DIAGEO AMERICAS,750,12,DSP-MD-03,BULLEIT BOURBON,,24.0
P000036,17086,100.0,vendor,2017-01,24.0,24.0,24.0,16.0,1645,37012.5,123,BULLEIT BOURBON,DIAGEO AMERICAS,750,12,DSP-MD-03,BULLEIT BOURBON,,24.0
P000036,17086,100.0,vendor,2017-02,24.0,22.5,24.0,16.0,1293,29317.5,139,BULLEIT BOURBON,DIAGEO AMERICAS,750,12,DSP-MD-03,BULLEIT BOURBON,,24.0
P000036,17086,100.0,vendor,2017-03,24.0,22.5,24.0,16.0,2606,58882.5,205,BULLEIT BOURBON,DIAGEO AMERICAS,750,12,DSP-MD-03,BULLEIT BOURBON,,24.0
P000036,17086,100.0,vendor,2017-04,24.0,22.5,24.0,16.0,1767,40005.0,171,BULLEIT BOURBON,DIAGEO AMERICAS,750,12,DSP-MD-03,BULLEIT BOURBON,,24.0
P000036,17086,100.0,vendor,2017-05,24.0,22.5,24.0,16.0,1880,42547.5,178,BULLEIT BOURBON,DIAGEO AMERICAS,750,12,DSP-MD-03,BULLEIT BOURBON,,24.0
P000036,17086,100.0,vendor,2017-06,24.0,22.5,24.0,16.0,2630,59400.0,209,BULLEIT BOURBON,DIAGEO AMERICAS,750,12,DSP-MD-03,BULLEIT BOURBON,,24.0
P000036,17086,100.0,vendor,2017-07,24.0,24.0,24.0,16.0,2319,52177.5,155,BULLEIT BOURBON,DIAGEO AMERICAS,750,12,DSP-MD-03,BULLEIT BOURBON,,24.0
P000036,17086,100.0,vendor,2017-08,24.0,22.5,24.0,16.0,1765,40162.5,183,BULLEIT BOURBON,DIAGEO AMERICAS,750,12,DSP-MD-03,BULLEIT BOURBON,,24.0
P000036,17086,100.0,vendor,2017-09,24.0,24.0,24.0,16.0,3193,71842.5,179,BULLEIT BOURBON,DIAGEO AMERICAS,750,12,DSP-MD-03,BULLEIT BOURBON,,24.0
P000036,17086,100.0,vendor,2017-10,24.0,22.5,24.0,16.0,2635,60682.5,190,BULLEIT BOURBON,DIAGEO AMERICAS,750,12,DSP-MD-03,BULLEIT BOURBON,,24.0
P000036,17086,100.0,vendor,2017-11,24.0,22.5,24.0,16.0,3138,70852.5,238,BULLEIT BOURBON,DIAGEO AMERICAS,750,12,DSP-MD-03,BULLEIT BOURBON,,24.0
P000036,17086,100.0,vendor,2017-12,24.0,24.0,24.0,16.0,3359,75577.5,244,BULLEIT BOURBON,DIAGEO AMERICAS,750,12,DSP-MD-03,BULLEIT BOURBON,,24.0
P000036,17086,100.0,vendor,2018-01,24.0,22.5,24.0,16.0,2683,60615.0,237,BULLEIT BOURBON,DIAGEO AMERICAS,750,12,DSP-MD-03,BULLEIT BOURBON,,24.0
P000036,17086,100.0,vendor,2018-02,24.0,22.5,24.0,16.0,2202,49792.5,191,BULLEIT BOURBON,DIAGEO AMERICAS,750,12,DSP-MD-03,BULLEIT BOURBON,,24.0
P000036,17086,100.0,vendor,2018-03,24.0,22.5,24.0,16.0,2799,63225.0,205,BULLEIT BOURBON,DIAGEO AMERICAS,750,12,DSP-MD-03,BULLEIT BOURBON,,24.0
P000036,17086,100.0,vendor,2018-04,24.0,22.5,24.0,16.0,2544,57487.5,202,BULLEIT BOURBON,DIAGEO AMERICAS,750,12,DSP-MD-03,BULLEIT BOURBON,,24.0
P000036,17086,100.0,vendor,2018-05,24.0,24.0,24.0,16.0,3783,85117.5,233,BULLEIT BOURBON,DIAGEO AMERICAS,750,12,DSP-MD-03,BULLEIT BOURBON,,24.0
P000036,17086,100.0,vendor,2018-06,24.0,22.5,24.0,16.0,1820,41197.5,202,BULLEIT BOURBON,DIAGEO AMERICAS,750,12,DSP-MD-03,BULLEIT BOURBON,,24.0
P000036,17086,100.0,vendor,2018-07,24.0,24.0,24.0,16.0,2067,46507.5,186,BULLEIT BOURBON,DIAGEO AMERICAS,750,12,DSP-MD-03,BULLEIT BOURBON,,24.0
P000036,17086,100.0,vendor,2018-08,24.0,24.0,24.0,16.0,3980,95520.0,251,BULLEIT BOURBON,DIAGEO AMERICAS,750,12,DSP-MD-03,BULLEIT BOURBON,,24.0
P000036,17086,100.0,vendor,2018-09,24.0,24.0,24.0,16.0,1858,44592.0,182,BULLEIT BOURBON,DIAGEO AMERICAS,750,12,DSP-MD-03,BULLEIT BOURBON,,24.0
P000036,17086,100.0,vendor,2018-10,24.0,24.0,24.0,16.0,4810,115440.0,234,BULLEIT BOURBON,DIAGEO AMERICAS,750,12,DSP-MD-03,BULLEIT BOURBON,,24.0
P000036,17086,100.0,vendor,2018-11,24.0,24.0,24.0,16.0,2304,55296.0,237,BULLEIT BOURBON,DIAGEO AMERICAS,750,12,DSP-MD-03,BULLEIT BOURBON,,24.0
P000036,17086,100.0,vendor,2018-12,24.0,24.0,24.0,16.0,4978,119472.0,288,BULLEIT BOURBON,DIAGEO AMERICAS,750,12,DSP-MD-03,BULLEIT BOURBON,,24.0
P000036,17086,100.0,vendor,2019-01,24.0,24.0,24.0,16.0,2284,54816.0,226,BULLEIT BOURBON,DIAGEO AMERICAS,750,12,DSP-MD-03,BULLEIT BOURBON,,24.0
P000036,17086,100.0,vendor,2019-02,24.0,24.0,24.0,16.0,2504,60096.0,213,BULLEIT BOURBON,DIAGEO AMERICAS,750,12,DSP-MD-03,BULLEIT BOURBON,,24.0
P000036,17086,100.0,vendor,2019-03,24.0,24.0,24.0,16.0,3564,85536.0,224,BULLEIT BOURBON,DIAGEO AMERICAS,750,12,DSP-MD-03,BULLEIT BOURBON,,24.0
P000036,17086,100.0,vendor,2019-04,24.0,24.0,24.0,16.0,2551,61224.0,213,BULLEIT BOURBON,DIAGEO AMERICAS,750,12,DSP-MD-03,BULLEIT BOURBON,,24.0
P000036,17086,100.0,vendor,2019-05,24.0,24.0,24.0,16.0,2834,68016.0,238,BULLEIT BOURBON,DIAGEO AMERICAS,750,12,DSP-MD-03,BULLEIT BOURBON,,24.0
P000036,17086,100.0,vendor,2019-06,24.0,24.0,24.0,16.0,1989,47736.0,212,BULLEIT BOURBON,DIAGEO AMERICAS,750,12,DSP-MD-03,BULLEIT BOURBON,,24.0
P000036,17086,100.0,vendor,2019-07,24.75,24.75,24.75,16.5,2916,69984.0,235,BULLEIT BOURBON,DIAGEO AMERICAS,750,12,DSP-MD-03,BULLEIT BOURBON,,24.75
P000036,17086,100.0,vendor,2019-08,24.75,24.75,24.75,16.5,2443,60464.25,212,BULLEIT BOURBON,DIAGEO AMERICAS,750,12,DSP-MD-03,BULLEIT BOURBON,,24.75
P000036,17086,100.0,vendor,2019-09,24.75,24.75,24.75,16.5,3157,78135.75,208,BULLEIT BOURBON,DIAGEO AMERICAS,750,12,DSP-MD-03,BULLEIT BOURBON,,24.75
P000036,17086,100.0,vendor,2019-10,24.75,24.75,24.75,16.5,4316,106821.0,211,BULLEIT BOURBON,DIAGEO AMERICAS,750,12,DSP-MD-03,BULLEIT BOURBON,,24.75
P000036,17086,100.0,vendor,2019-11,24.75,24.75,24.75,16.5,3140,77715.0,260,BULLEIT BOURBON,DIAGEO AMERICAS,750,12,DSP-MD-03,BULLEIT BOURBON,,24.75
P000036,17086,100.0,vendor,2019-12,24.75,24.75,24.75,16.5,4650,115087.5,316,BULLEIT BOURBON,DIAGEO AMERICAS,750,12,DSP-MD-03,BULLEIT BOURBON,,24.75
P000036,17086,100.0,vendor,2020-01,24.75,24.75,24.75,16.5,2611,64622.25,257,BULLEIT BOURBON,DIAGEO AMERICAS,750,12,DSP-MD-03,BULLEIT BOURBON,,24.75
P000036,17086,100.0,vendor,2020-02,24.75,24.75,24.75,16.5,2682,66379.5,234,BULLEIT BOURBON,DIAGEO AMERICAS,750,12,DSP-MD-03,BULLEIT BOURBON,,24.75
P000036,17086,100.0,vendor,2020-03,24.75,24.75,24.75,16.5,3870,95782.5,312,BULLEIT BOURBON,DIAGEO AMERICAS,750,12,DSP-MD-03,BULLEIT BOURBON,,24.75
P000036,17086,100.0,vendor,2020-04,24.75,24.75,24.75,16.5,4582,113404.5,284,BULLEIT BOURBON,DIAGEO AMERICAS,750,12,DSP-MD-03,BULLEIT BOURBON,,24.75
P000036,17086,100.0,vendor,2020-05,24.75,24.75,24.75,16.5,3114,77071.5,295,BULLEIT BOURBON,DIAGEO AMERICAS,750,12,DSP-MD-03,BULLEIT BOURBON,,24.75
P000036,17086,100.0,vendor,2020-06,24.75,24.75,24.75,16.5,3448,85338.0,294,BULLEIT BOURBON,DIAGEO AMERICAS,750,12,DSP-MD-03,BULLEIT BOURBON,,24.75
P000036,17086,100.0,vendor,2020-07,24.75,24.75,24.75,16.5,3471,85907.25,269,BULLEIT BOURBON,DIAGEO AMERICAS,750,12,DSP-MD-03,BULLEIT BOURBON,,24.75
P000036,17086,100.0,vendor,2020-08,24.75,24.75,24.75,16.5,2839,70265.25,296,BULLEIT BOURBON,DIAGEO AMERICAS,750,12,DSP-MD-03,BULLEIT BOURBON,,24.75
P000036,17086,100.0,vendor,2020-09,24.75,24.75,24.75,16.5,4974,123106.5,339,BULLEIT BOURBON,DIAGEO AMERICAS,750,12,DSP-MD-03,BULLEIT BOURBON,,24.75
P000036,17086,100.0,vendor,2020-10,24.75,24.75,24.75,16.5,3541,87639.75,317,BULLEIT BOURBON,DIAGEO AMERICAS,750,12,DSP-MD-03,BULLEIT BOURBON,,24.75
P000036,17086,100.0,vendor,2020-11,24.75,24.75,24.75,16.5,4102,101524.5,315,BULLEIT BOURBON,DIAGEO AMERICAS,750,12,DSP-MD-03,BULLEIT BOURBON,,24.75
P000036,17086,100.0,vendor,2020-12,24.75,24.75,24.75,16.5,5402,133699.5,376,BULLEIT BOURBON,DIAGEO AMERICAS,750,12,DSP-MD-03,BULLEIT BOURBON,,24.75
P000036,17086,100.0,vendor,2021-01,24.75,24.75,24.75,16.5,3394,84001.5,320,BULLEIT BOURBON,DIAGEO AMERICAS,750,12,DSP-MD-03,BULLEIT BOURBON,,24.75
P000036,17086,100.0,vendor,2021-02,24.75,24.75,24.75,16.5,1372,33957.0,183,BULLEIT BOURBON,DIAGEO AMERICAS,750,12,DSP-MD-03,BULLEIT BOURBON,,24.75
P000036,17086,100.0,vendor,2021-03,24.75,24.75,24.75,16.5,6245,154563.75,413,BULLEIT BOURBON,DIAGEO AMERICAS,750,12,DSP-MD-03,BULLEIT BOURBON,,24.75
P000036,17086,100.0,vendor,2021-04,24.75,24.75,24.75,16.5,856,21186.0,105,BULLEIT BOURBON,DIAGEO AMERICAS,750,12,DSP-MD-03,BULLEIT BOURBON,,24.75
P000036,17086,100.0,vendor,2021-05,24.75,24.75,24.75,16.5,5828,144243.0,395,BULLEIT BOURBON,DIAGEO AMERICAS,750,12,DSP-MD-03,BULLEIT BOURBON,,24.75
P000036,17086,100.0,vendor,2021-06,24.75,24.75,24.75,16.5,4035,99866.25,324,BULLEIT BOURBON,DIAGEO AMERICAS,750,12,DSP-MD-03,BULLEIT BOURBON,,24.75
P000036,17086,100.0,vendor,2021-07,24.75,24.75,24.75,16.5,4180,103455.0,266,BULLEIT BOURBON,DIAGEO AMERICAS,750,12,DSP-MD-03,BULLEIT BOURBON,,24.75
P000036,17086,100.0,vendor,2021-08,24.75,24.75,24.75,16.5,995,24626.25,101,BULLEIT BOURBON,DIAGEO AMERICAS,750,12,DSP-MD-03,BULLEIT BOURBON,,24.75
P000036,17086,100.0,vendor,2021-09,24.75,24.75,24.75,16.5,3163,78284.25,196,BULLEIT BOURBON,DIAGEO AMERICAS,750,12,DSP-MD-03,BULLEIT BOURBON,,24.75
P000036,17086,100.0,vendor,2021-10,24.75,24.75,24.75,16.5,5725,141693.75,324,BULLEIT BOURBON,DIAGEO AMERICAS,750,12,DSP-MD-03,BULLEIT BOURBON,,24.75
P000036,17086,100.0,vendor,2021-11,24.75,24.75,24.75,16.5,3301,81699.75,186,BULLEIT BOURBON,DIAGEO AMERICAS,750,12,DSP-MD-03,BULLEIT BOURBON,,24.75
P000036,17086,100.0,vendor,2021-12,24.75,24.75,24.75,16.5,3063,75809.25,243,BULLEIT BOURBON,DIAGEO AMERICAS,750,12,DSP-MD-03,BULLEIT BOURBON,,24.75
P000036,17086,100.0,vendor,2022-01,24.75,24.75,24.75,16.5,4391,108677.25,315,BULLEIT BOURBON,DIAGEO AMERICAS,750,12,DSP-MD-03,BULLEIT BOURBON,,24.75
P000036,17086,100.0,vendor,2022-02,24.75,24.75,24.75,16.5,41,1014.75,4,BULLEIT BOURBON,DIAGEO AMERICAS,750,12,DSP-MD-03,BULLEIT BOURBON,,24.75
P000036,17086,100.0,vendor,2022-03,26.24,26.24,26.24,17.49,4655,115211.25,273,BULLEIT BOURBON,DIAGEO AMERICAS,750,12,DSP-MD-03,BULLEIT BOURBON,,26.24
P000036,17086,100.0,vendor,2022-04,26.24,26.24,26.24,17.49,5566,146051.84,398,BULLEIT BOURBON,DIAGEO AMERICAS,750,12,DSP-MD-03,BULLEIT BOURBON,,26.24
P000036,17086,100.0,vendor,2022-05,26.24,26.24,26.24,17.49,3237,84938.88,276,BULLEIT BOURBON,DIAGEO AMERICAS,750,12,DSP-MD-03,BULLEIT BOURBON,,26.24
P000036,17086,100.0,vendor,2022-06,26.24,26.24,26.24,17.49,3475,91184.0,284,BULLEIT BOURBON,DIAGEO AMERICAS,750,12,DSP-MD-03,BULLEIT BOURBON,,26.24
P000036,17086,100.0,vendor,2022-07,26.24,26.24,26.24,17.49,2783,73025.92,264,BULLEIT BOURBON,DIAGEO AMERICAS,750,12,DSP-MD-03,BULLEIT BOURBON,,26.24
P000036,17086,100.0,vendor,2022-08,26.24,26.24,26.24,17.49,5867,153950.08,302,BULLEIT BOURBON,DIAGEO AMERICAS,750,12,DSP-MD-03,BULLEIT BOURBON,,26.24
P000036,17086,100.0,vendor,2022-09,26.24,26.24,26.24,17.49,2708,71057.92,269,BULLEIT BOURBON,DIAGEO AMERICAS,750,12,DSP-MD-03,BULLEIT BOURBON,,26.24
P000036,17086,100.0,vendor,2022-10,26.24,26.24,26.24,17.49,4636,121648.64,248,BULLEIT BOURBON,DIAGEO AMERICAS,750,12,DSP-MD-03,BULLEIT BOURBON,,26.24
P000036,17086,100.0,vendor,2022-11,26.24,26.24,26.24,17.49,2750,72160.0,278,BULLEIT BOURBON,DIAGEO AMERICAS,750,12,DSP-MD-03,BULLEIT BOURBON,,26.24
P000036,17086,100.0,vendor,2022-12,26.24,26.24,26.24,17.49,4620,121228.8,368,BULLEIT BOURBON,DIAGEO AMERICAS,750,12,DSP-MD-03,BULLEIT BOURBON,,26.24
P000036,17086,100.0,vendor,2023-01,26.24,26.24,26.24,17.49,3685,96694.4,322,BULLEIT BOURBON,DIAGEO AMERICAS,750,12,DSP-MD-03,BULLEIT BOURBON,,26.24
P000036,17086,100.0,vendor,2023-02,26.24,26.24,26.24,17.49,3930,103123.2,283,BULLEIT BOURBON,DIAGEO AMERICAS,750,12,DSP-MD-03,BULLEIT BOURBON,,26.24
P000036,17086,100.0,vendor,2023-03,26.99,26.99,26.99,17.99,3161,82944.64,285,BULLEIT BOURBON,DIAGEO AMERICAS,750,12,DSP-MD-03,BULLEIT BOURBON,,26.99
P000036,17086,100.0,vendor,2023-04,26.99,26.99,26.99,17.99,4259,114950.41,280,BULLEIT BOURBON,DIAGEO AMERICAS,750,12,DSP-MD-03,BULLEIT BOURBON,,26.99
P000036,17086,100.0,vendor,2023-05,26.99,26.99,26.99,17.99,3595,97029.05,294,BULLEIT BOURBON,DIAGEO AMERICAS,750,12,DSP-MD-03,BULLEIT BOURBON,,26.99
P000036,17086,100.0,vendor,2023-06,26.99,26.99,26.99,17.99,3859,104154.41,260,BULLEIT BOURBON,DIAGEO AMERICAS,750,12,DSP-MD-03,BULLEIT BOURBON,,26.99
P000036,17086,100.0,vendor,2023-07,26.99,26.99,26.99,17.99,1642,44317.58,180,BULLEIT BOURBON,DIAGEO AMERICAS,750,12,DSP-MD-03,BULLEIT BOURBON,,26.99
P000036,17086,100.0,vendor,2023-08,26.99,26.99,26.99,17.99,5498,148391.02,353,BULLEIT BOURBON,DIAGEO AMERICAS,750,12,DSP-MD-03,BULLEIT BOURBON,,26.99
P000036,17086,100.0,vendor,2023-09,26.99,26.99,26.99,17.99,2638,71199.62,241,BULLEIT BOURBON,DIAGEO AMERICAS,750,12,DSP-MD-03,BULLEIT BOURBON,,26.99
P000036,17086,100.0,vendor,2023-10,26.99,26.99,26.99,17.99,3129,84451.71,234,BULLEIT BOURBON,DIAGEO AMERICAS,750,12,DSP-MD-03,BULLEIT BOURBON,,26.99
P000036,17086,100.0,vendor,2023-11,26.99,26.99,26.99,17.99,3045,82184.55,283,BULLEIT BOURBON,DIAGEO AMERICAS,750,12,DSP-MD-03,BULLEIT BOURBON,,26.99
P000036,17086,100.0,vendor,2023-12,26.99,26.99,26.99,17.99,3813,102912.87,295,BULLEIT BOURBON,DIAGEO AMERICAS,750,12,DSP-MD-03,BULLEIT BOURBON,,26.99
P000036,17086,100.0,vendor,2024-01,26.99,26.99,26.99,17.99,2599,70147.01,245,BULLEIT BOURBON,DIAGEO AMERICAS,750,12,DSP-MD-03,BULLEIT BOURBON,,26.99
P000036,17086,100.0,vendor,2024-02,26.99,26.99,26.99,17.99,3087,83318.13,275,BULLEIT BOURBON,DIAGEO AMERICAS,750,12,DSP-MD-03,BULLEIT BOURBON,,26.99
P000036,17086,100.0,vendor,2024-03,26.99,26.99,26.99,17.99,3424,92413.76,270,BULLEIT BOURBON,DIAGEO AMERICAS,750,12,DSP-MD-03,BULLEIT BOURBON,,26.99
P000036,17086,100.0,vendor,2024-04,26.99,26.99,26.99,17.99,2692,72657.08,277,BULLEIT BOURBON,DIAGEO AMERICAS,750,12,DSP-MD-03,BULLEIT BOURBON,,26.99
P000036,17086,100.0,vendor,2024-05,26.99,26.99,26.99,17.99,3240,87447.6,258,BULLEIT BOURBON,DIAGEO AMERICAS,750,12,DSP-MD-03,BULLEIT BOURBON,,26.99
P000036,17086,100.0,vendor,2024-06,26.99,26.99,26.99,17.99,2867,77380.33,244,BULLEIT BOURBON,DIAGEO AMERICAS,750,12,DSP-MD-03,BULLEIT BOURBON,,26.99
P000036,17086,100.0,vendor,2024-07,26.99,26.99,26.99,17.99,2395,64641.05,244,BULLEIT BOURBON,DIAGEO AMERICAS,750,12,DSP-MD-03,BULLEIT BOURBON,,26.99
P000036,17086,100.0,vendor,2024-08,26.99,26.99,26.99,17.99,3281,88554.19,259,BULLEIT BOURBON,DIAGEO AMERICAS,750,12,DSP-MD-03,BULLEIT BOURBON,,26.99
P000036,17086,100.0,vendor,2024-09,26.99,26.99,26.99,17.99,2228,60133.72,238,BULLEIT BOURBON,DIAGEO AMERICAS,750,12,DSP-MD-03,BULLEIT BOURBON,,26.99
P000036,17086,100.0,vendor,2024-10,26.99,26.99,26.99,17.99,4235,114302.65,266,BULLEIT BOURBON,DIAGEO AMERICAS,750,12,DSP-MD-03,BULLEIT BOURBON,,26.99
P000036,17086,100.0,vendor,2024-11,26.99,26.99,26.99,17.99,3684,99431.16,295,BULLEIT BOURBON,DIAGEO AMERICAS,750,12,DSP-MD-03,BULLEIT BOURBON,,26.99
P000036,17086,100.0,vendor,2024-12,26.99,26.99,26.99,17.99,3899,105234.01,321,BULLEIT BOURBON,DIAGEO AMERICAS,750,12,DSP-MD-03,BULLEIT BOURBON,,26.99
P000036,17086,100.0,vendor,2025-01,26.99,26.99,26.99,17.99,901,24317.99,92,BULLEIT BOURBON,DIAGEO AMERICAS,750,12,DSP-MD-03,BULLEIT BOURBON,,26.99
P000036,17086,100.0,vendor,2025-02,26.99,26.99,26.99,17.99,4055,109444.45,320,BULLEIT BOURBON,DIAGEO AMERICAS,750,12,DSP-MD-03,BULLEIT BOURBON,,26.99
P000036,17086,100.0,vendor,2025-03,26.99,26.99,26.99,17.99,2031,54816.69,228,BULLEIT BOURBON,DIAGEO AMERICAS,750,12,DSP-MD-03,BULLEIT BOURBON,,26.99
P000036,17086,100.0,vendor,2025-04,26.99,26.99,26.99,17.99,5270,142237.3,306,BULLEIT BOURBON,DIAGEO AMERICAS,750,12,DSP-MD-03,BULLEIT BOURBON,,26.99
P000036,17086,100.0,vendor,2025-05,26.99,26.99,26.99,17.99,2759,74465.41,272,BULLEIT BOURBON,DIAGEO AMERICAS,750,12,DSP-MD-03,BULLEIT BOURBON,,26.99
P000036,17086,100.0,vendor,2025-06,26.99,26.99,26.99,17.99,3203,86448.97,250,BULLEIT BOURBON,DIAGEO AMERICAS,750,12,DSP-MD-03,BULLEIT BOURBON,,26.99
P000036,17086,100.0,vendor,2025-07,26.99,26.99,26.99,17.99,2225,60052.75,237,BULLEIT BOURBON,DIAGEO AMERICAS,750,12,DSP-MD-03,BULLEIT BOURBON,,26.99
P000036,17086,100.0,vendor,2025-08,26.99,26.99,26.99,17.99,3533,95355.67,257,BULLEIT BOURBON,DIAGEO AMERICAS,750,12,DSP-MD-03,BULLEIT BOURBON,,26.99
P000036,17086,100.0,vendor,2025-09,26.99,26.99,26.99,17.99,1747,47151.53,175,BULLEIT BOURBON,DIAGEO AMERICAS,750,12,DSP-MD-03,BULLEIT BOURBON,,26.99
P000036,17086,100.0,vendor,2025-10,26.99,26.99,26.99,17.99,6454,174193.46,273,BULLEIT BOURBON,DIAGEO AMERICAS,750,12,DSP-MD-03,BULLEIT BOURBON,,26.99
P000036,17086,100.0,vendor,2025-11,26.99,26.99,26.99,17.99,2429,65558.71,251,BULLEIT BOURBON,DIAGEO AMERICAS,750,12,DSP-MD-03,BULLEIT BOURBON,,26.99
P000036,17086,100.0,vendor,2025-12,26.99,26.99,26.99,17.99,5049,136272.51,324,BULLEIT BOURBON,DIAGEO AMERICAS,750,12,DSP-MD-03,BULLEIT BOURBON,,26.99
P000036,17086,100.0,vendor,2026-01,26.99,26.99,26.99,17.99,2120,57218.8,227,BULLEIT BOURBON,DIAGEO AMERICAS,750,12,DSP-MD-03,BULLEIT BOURBON,,26.99
P000036,17086,100.0,vendor,2026-02,26.99,26.99,26.99,17.99,4119,111171.81,248,BULLEIT BOURBON,DIAGEO AMERICAS,750,12,DSP-MD-03,BULLEIT BOURBON,,26.99
P000036,17086,100.0,vendor,2026-03,26.99,26.99,26.99,17.99,2204,59485.96,211,BULLEIT BOURBON,DIAGEO AMERICAS,750,12,DSP-MD-03,BULLEIT BOURBON,,26.99
P000036,17086,100.0,vendor,2026-04,26.99,26.99,26.99,17.99,4366,117838.34,232,BULLEIT BOURBON,DIAGEO AMERICAS,750,12,DSP-MD-03,BULLEIT BOURBON,,26.99
P000039,18116,100.0,vendor,2013-05,10.31,10.31,10.31,6.87,18,185.58,4,EVAN WILLIAMS BLACK PET,HEAVEN HILL BRANDS,750,12,KY-I-344,EVAN WILLIAMS,BLACK LABEL,10.31
P000039,18116,100.0,vendor,2013-06,10.31,10.31,10.31,6.87,9,92.79,2,EVAN WILLIAMS BLACK PET,HEAVEN HILL BRANDS,750,12,KY-I-344,EVAN WILLIAMS,BLACK LABEL,10.31
P000039,18116,100.0,vendor,2013-07,10.31,10.31,10.31,6.87,38,391.78,4,EVAN WILLIAMS BLACK PET,HEAVEN HILL BRANDS,750,12,KY-I-344,EVAN WILLIAMS,BLACK LABEL,10.31
P000039,18116,100.0,vendor,2013-08,9.64,9.64,9.64,6.2,12,115.68,1,EVAN WILLIAMS BLACK PET,HEAVEN HILL BRANDS,750,12,KY-I-344,EVAN WILLIAMS,BLACK LABEL,9.64
P000039,18116,100.0,vendor,2013-09,10.31,10.31,10.31,6.87,15,154.65,2,EVAN WILLIAMS BLACK PET,HEAVEN HILL BRANDS,750,12,KY-I-344,EVAN WILLIAMS,BLACK LABEL,10.31
P000039,18116,100.0,vendor,2013-10,9.64,9.64,9.64,6.2,55,530.2,7,EVAN WILLIAMS BLACK PET,HEAVEN HILL BRANDS,750,12,KY-I-344,EVAN WILLIAMS,BLACK LABEL,9.64
P000039,18116,100.0,vendor,2013-11,10.31,10.31,10.31,6.87,42,433.02,5,EVAN WILLIAMS BLACK PET,HEAVEN HILL BRANDS,750,12,KY-I-344,EVAN WILLIAMS,BLACK LABEL,10.31
P000039,18116,100.0,vendor,2013-12,9.65,9.65,9.65,6.21,47,453.55,7,EVAN WILLIAMS BLACK PET,HEAVEN HILL BRANDS,750,12,KY-I-344,EVAN WILLIAMS,BLACK LABEL,9.65
P000039,18116,100.0,vendor,2014-01,10.31,10.31,10.31,6.87,27,278.37,2,EVAN WILLIAMS BLACK PET,HEAVEN HILL BRANDS,750,12,KY-I-344,EVAN WILLIAMS,BLACK LABEL,10.31
P000039,18116,100.0,vendor,2014-02,9.65,9.65,9.65,6.21,175,1688.75,8,EVAN WILLIAMS BLACK PET,HEAVEN HILL BRANDS,750,12,KY-I-344,EVAN WILLIAMS,BLACK LABEL,9.65
P000039,18116,100.0,vendor,2014-03,10.31,10.31,10.31,6.87,168,1732.08,10,EVAN WILLIAMS BLACK PET,HEAVEN HILL BRANDS,750,12,KY-I-344,EVAN WILLIAMS,BLACK LABEL,10.31
P000039,18116,100.0,vendor,2014-04,9.65,9.65,9.65,6.21,222,2142.3,18,EVAN WILLIAMS BLACK PET,HEAVEN HILL BRANDS,750,12,KY-I-344,EVAN WILLIAMS,BLACK LABEL,9.65
P000039,18116,100.0,vendor,2014-05,9.65,9.65,9.65,6.21,105,1013.25,9,EVAN WILLIAMS BLACK PET,HEAVEN HILL BRANDS,750,12,KY-I-344,EVAN WILLIAMS,BLACK LABEL,9.65
P000039,18116,100.0,vendor,2014-06,10.31,10.31,10.31,6.87,102,1051.62,8,EVAN WILLIAMS BLACK PET,HEAVEN HILL BRANDS,750,12,KY-I-344,EVAN WILLIAMS,BLACK LABEL,10.31
P000039,18116,100.0,vendor,2014-07,10.31,10.31,10.31,6.87,108,1113.48,7,EVAN WILLIAMS BLACK PET,HEAVEN HILL BRANDS,750,12,KY-I-344,EVAN WILLIAMS,BLACK LABEL,10.31
P000039,18116,100.0,vendor,2014-08,10.31,10.31,10.31,6.87,98,1010.38,9,EVAN WILLIAMS BLACK PET,HEAVEN HILL BRANDS,750,12,KY-I-344,EVAN WILLIAMS,BLACK LABEL,10.31
P000039,18116,100.0,vendor,2014-09,10.31,10.31,10.31,6.87,95,979.45,7,EVAN WILLIAMS BLACK PET,HEAVEN HILL BRANDS,750,12,KY-I-344,EVAN WILLIAMS,BLACK LABEL,10.31
P000039,18116,100.0,vendor,2014-10,10.31,10.31,10.31,6.87,147,1515.57,12,EVAN WILLIAMS BLACK PET,HEAVEN HILL BRANDS,750,12,KY-I-344,EVAN WILLIAMS,BLACK LABEL,10.31
P000039,18116,100.0,vendor,2014-11,11.21,11.21,11.21,7.47,115,1289.15,13,EVAN WILLIAMS BLACK PET,HEAVEN HILL BRANDS,750,12,KY-I-344,EVAN WILLIAMS,BLACK LABEL,11.21
P000039,18116,100.0,vendor,2014-12,10.55,10.55,10.55,6.81,244,2574.2,18,EVAN WILLIAMS BLACK PET,HEAVEN HILL BRANDS,750,12,KY-I-344,EVAN WILLIAMS,BLACK LABEL,10.55
P000039,18116,100.0,vendor,2015-01,11.21,11.21,11.21,7.47,116,1300.36,10,EVAN WILLIAMS BLACK PET,HEAVEN HILL BRANDS,750,12,KY-I-344,EVAN WILLIAMS,BLACK LABEL,11.21
P000039,18116,100.0,vendor,2015-02,11.21,11.21,11.21,7.47,133,1490.93,12,EVAN WILLIAMS BLACK PET,HEAVEN HILL BRANDS,750,12,KY-I-344,EVAN WILLIAMS,BLACK LABEL,11.21
P000039,18116,100.0,vendor,2015-03,10.55,10.55,10.55,6.81,210,2215.5,21,EVAN WILLIAMS BLACK PET,HEAVEN HILL BRANDS,750,12,KY-I-344,EVAN WILLIAMS,BLACK LABEL,10.55
P000039,18116,100.0,vendor,2015-04,11.21,11.21,11.21,7.47,262,2937.02,24,EVAN WILLIAMS BLACK PET,HEAVEN HILL BRANDS,750,12,KY-I-344,EVAN WILLIAMS,BLACK LABEL,11.21
P000039,18116,100.0,vendor,2015-05,10.55,10.55,10.55,6.81,158,1666.9,17,EVAN WILLIAMS BLACK PET,HEAVEN HILL BRANDS,750,12,KY-I-344,EVAN WILLIAMS,BLACK LABEL,10.55
P000039,18116,100.0,vendor,2015-06,11.21,11.21,11.21,7.47,347,3889.87,28,EVAN WILLIAMS BLACK PET,HEAVEN HILL BRANDS,750,12,KY-I-344,EVAN WILLIAMS,BLACK LABEL,11.21
P000039,18116,100.0,vendor,2015-07,11.21,11.21,11.21,7.47,179,2006.59,18,EVAN WILLIAMS BLACK PET,HEAVEN HILL BRANDS,750,12,KY-I-344,EVAN WILLIAMS,BLACK LABEL,11.21
P000039,18116,100.0,vendor,2015-08,10.55,10.55,10.55,6.81,298,3143.9,23,EVAN WILLIAMS BLACK PET,HEAVEN HILL BRANDS,750,12,KY-I-344,EVAN WILLIAMS,BLACK LABEL,10.55
P000039,18116,100.0,vendor,2015-09,11.21,11.21,11.21,7.47,250,2802.5,22,EVAN WILLIAMS BLACK PET,HEAVEN HILL BRANDS,750,12,KY-I-344,EVAN WILLIAMS,BLACK LABEL,11.21
P000039,18116,100.0,vendor,2015-10,10.55,10.55,10.55,6.81,243,2563.65,26,EVAN WILLIAMS BLACK PET,HEAVEN HILL BRANDS,750,12,KY-I-344,EVAN WILLIAMS,BLACK LABEL,10.55
P000039,18116,100.0,vendor,2015-11,11.21,11.21,11.21,7.47,233,2611.93,25,EVAN WILLIAMS BLACK PET,HEAVEN HILL BRANDS,750,12,KY-I-344,EVAN WILLIAMS,BLACK LABEL,11.21
P000039,18116,100.0,vendor,2015-12,10.55,10.55,10.55,6.81,259,2732.45,25,EVAN WILLIAMS BLACK PET,HEAVEN HILL BRANDS,750,12,KY-I-344,EVAN WILLIAMS,BLACK LABEL,10.55
P000039,18116,100.0,vendor,2016-01,11.21,11.21,11.21,7.47,168,1883.28,20,EVAN WILLIAMS BLACK PET,HEAVEN HILL BRANDS,750,12,KY-I-344,EVAN WILLIAMS,BLACK LABEL,11.21
P000039,18116,100.0,vendor,2016-02,11.21,11.21,11.21,7.47,217,2432.57,18,EVAN WILLIAMS BLACK PET,HEAVEN HILL BRANDS,750,12,KY-I-344,EVAN WILLIAMS,BLACK LABEL,11.21
P000039,18116,100.0,vendor,2016-03,11.21,11.21,11.21,7.47,193,2163.53,19,EVAN WILLIAMS BLACK PET,HEAVEN HILL BRANDS,750,12,KY-I-344,EVAN WILLIAMS,BLACK LABEL,11.21
P000039,18116,100.0,vendor,2016-04,10.55,10.55,10.55,6.81,224,2363.2,24,EVAN WILLIAMS BLACK PET,HEAVEN HILL BRANDS,750,12,KY-I-344,EVAN WILLIAMS,BLACK LABEL,10.55
P000039,18116,100.0,vendor,2016-05,11.21,11.21,11.21,7.47,211,2365.31,19,EVAN WILLIAMS BLACK PET,HEAVEN HILL BRANDS,750,12,KY-I-344,EVAN WILLIAMS,BLACK LABEL,11.21
P000039,18116,100.0,vendor,2016-06,11.21,11.21,11.21,7.47,205,2298.05,19,EVAN WILLIAMS BLACK PET,HEAVEN HILL BRANDS,750,12,KY-I-344,EVAN WILLIAMS,BLACK LABEL,11.21
P000039,18116,100.0,vendor,2016-07,11.21,11.21,11.21,7.47,121,1356.41,16,EVAN WILLIAMS BLACK PET,HEAVEN HILL BRANDS,750,12,KY-I-344,EVAN WILLIAMS,BLACK LABEL,11.21
P000039,18116,100.0,vendor,2016-08,11.21,11.21,11.21,7.47,196,2152.32,18,EVAN WILLIAMS BLACK PET,HEAVEN HILL BRANDS,750,12,KY-I-344,EVAN WILLIAMS,BLACK LABEL,11.21
P000039,18116,100.0,vendor,2016-09,11.61,11.61,11.61,7.74,188,2107.48,18,EVAN WILLIAMS BLACK PET,HEAVEN HILL BRANDS,750,12,KY-I-344,EVAN WILLIAMS,BLACK LABEL,11.61
P000039,18116,100.0,vendor,2016-10,11.61,11.61,11.61,7.74,204,2286.84,21,EVAN WILLIAMS BLACK PET,HEAVEN HILL BRANDS,750,12,KY-I-344,EVAN WILLIAMS,BLACK LABEL,11.61
P000039,18116,100.0,vendor,2016-11,11.61,11.61,11.61,7.74,218,2443.78,20,EVAN WILLIAMS BLACK PET,HEAVEN HILL BRANDS,750,12,KY-I-344,EVAN WILLIAMS,BLACK LABEL,11.61
P000039,18116,100.0,vendor,2016-12,11.61,11.61,11.61,7.74,224,2511.04,23,EVAN WILLIAMS BLACK PET,HEAVEN HILL BRANDS,750,12,KY-I-344,EVAN WILLIAMS,BLACK LABEL,11.61
P000039,18116,100.0,vendor,2017-01,11.61,11.61,11.61,7.74,141,1580.61,17,EVAN WILLIAMS BLACK PET,HEAVEN HILL BRANDS,750,12,KY-I-344,EVAN WILLIAMS,BLACK LABEL,11.61
P000039,18116,100.0,vendor,2017-02,11.61,11.61,11.61,7.74,193,2240.73,19,EVAN WILLIAMS BLACK PET,HEAVEN HILL BRANDS,750,12,KY-I-344,EVAN WILLIAMS,BLACK LABEL,11.61
P000039,18116,100.0,vendor,2017-03,11.61,11.61,11.61,7.74,185,2147.85,20,EVAN WILLIAMS BLACK PET,HEAVEN HILL BRANDS,750,12,KY-I-344,EVAN WILLIAMS,BLACK LABEL,11.61
P000039,18116,100.0,vendor,2017-04,11.61,11.61,11.61,7.74,201,2333.61,16,EVAN WILLIAMS BLACK PET,HEAVEN HILL BRANDS,750,12,KY-I-344,EVAN WILLIAMS,BLACK LABEL,11.61
P000039,18116,100.0,vendor,2017-05,11.61,11.61,11.61,7.74,242,2809.62,25,EVAN WILLIAMS BLACK PET,HEAVEN HILL BRANDS,750,12,KY-I-344,EVAN WILLIAMS,BLACK LABEL,11.61
P000039,18116,100.0,vendor,2017-06,11.61,11.61,11.61,7.74,205,2380.05,20,EVAN WILLIAMS BLACK PET,HEAVEN HILL BRANDS,750,12,KY-I-344,EVAN WILLIAMS,BLACK LABEL,11.61
P000039,18116,100.0,vendor,2017-07,11.61,11.61,11.61,7.74,230,2670.3,23,EVAN WILLIAMS BLACK PET,HEAVEN HILL BRANDS,750,12,KY-I-344,EVAN WILLIAMS,BLACK LABEL,11.61
P000039,18116,100.0,vendor,2017-08,11.61,11.61,11.61,7.74,195,2263.95,19,EVAN WILLIAMS BLACK PET,HEAVEN HILL BRANDS,750,12,KY-I-344,EVAN WILLIAMS,BLACK LABEL,11.61
P000039,18116,100.0,vendor,2017-09,11.61,11.61,11.61,7.74,142,1648.62,16,EVAN WILLIAMS BLACK PET,HEAVEN HILL BRANDS,750,12,KY-I-344,EVAN WILLIAMS,BLACK LABEL,11.61
P000039,18116,100.0,vendor,2017-10,11.61,11.61,11.61,7.74,197,2240.73,19,EVAN WILLIAMS BLACK PET,HEAVEN HILL BRANDS,750,12,KY-I-344,EVAN WILLIAMS,BLACK LABEL,11.61
P000039,18116,100.0,vendor,2017-11,11.61,11.61,11.61,7.74,213,2472.93,21,EVAN WILLIAMS BLACK PET,HEAVEN HILL BRANDS,750,12,KY-I-344,EVAN WILLIAMS,BLACK LABEL,11.61
P000039,18116,100.0,vendor,2017-12,11.61,11.61,11.61,7.74,291,3378.51,24,EVAN WILLIAMS BLACK PET,HEAVEN HILL BRANDS,750,12,KY-I-344,EVAN WILLIAMS,BLACK LABEL,11.61
P000039,18116,100.0,vendor,2018-01,11.61,11.61,11.61,7.74,263,3053.43,20,EVAN WILLIAMS BLACK PET,HEAVEN HILL BRANDS,750,12,KY-I-344,EVAN WILLIAMS,BLACK LABEL,11.61
P000039,18116,100.0,vendor,2018-02,11.61,11.61,11.61,7.74,193,2240.73,17,EVAN WILLIAMS BLACK PET,HEAVEN HILL BRANDS,750,12,KY-I-344,EVAN WILLIAMS,BLACK LABEL,11.61
P000039,18116,100.0,vendor,2018-03,11.61,11.61,11.61,7.74,271,3146.31,26,EVAN WILLIAMS BLACK PET,HEAVEN HILL BRANDS,750,12,KY-I-344,EVAN WILLIAMS,BLACK LABEL,11.61
P000039,18116,100.0,vendor,2018-04,11.61,11.61,11.61,7.74,266,3088.26,23,EVAN WILLIAMS BLACK PET,HEAVEN HILL BRANDS,750,12,KY-I-344,EVAN WILLIAMS,BLACK LABEL,11.61
P000039,18116,100.0,vendor,2018-05,11.61,11.61,11.61,7.74,210,2438.1,20,EVAN WILLIAMS BLACK PET,HEAVEN HILL BRANDS,750,12,KY-I-344,EVAN WILLIAMS,BLACK LABEL,11.61
P000039,18116,100.0,vendor,2018-06,11.61,11.61,11.61,7.74,241,2798.01,25,EVAN WILLIAMS BLACK PET,HEAVEN HILL BRANDS,750,12,KY-I-344,EVAN WILLIAMS,BLACK LABEL,11.61
P000039,18116,100.0,vendor,2018-07,11.61,11.61,11.61,7.74,193,2240.73,15,EVAN WILLIAMS BLACK PET,HEAVEN HILL BRANDS,750,12,KY-I-344,EVAN WILLIAMS,BLACK LABEL,11.61
P000039,18116,100.0,vendor,2018-08,11.61,11.61,11.61,7.74,230,2670.3,24,EVAN WILLIAMS BLACK PET,HEAVEN HILL BRANDS,750,12,KY-I-344,EVAN WILLIAMS,BLACK LABEL,11.61
P000039,18116,100.0,vendor,2018-09,11.61,11.61,11.61,7.74,187,2171.07,18,EVAN WILLIAMS BLACK PET,HEAVEN HILL BRANDS,750,12,KY-I-344,EVAN WILLIAMS,BLACK LABEL,11.61
P000039,18116,100.0,vendor,2018-10,11.61,11.61,11.61,7.74,224,2600.64,26,EVAN WILLIAMS BLACK PET,HEAVEN HILL BRANDS,750,12,KY-I-344,EVAN WILLIAMS,BLACK LABEL,11.61
P000039,18116,100.0,vendor,2018-11,11.61,11.61,11.61,7.74,264,3065.04,22,EVAN WILLIAMS BLACK PET,HEAVEN HILL BRANDS,750,12,KY-I-344,EVAN WILLIAMS,BLACK LABEL,11.61
P000039,18116,100.0,vendor,2018-12,11.61,11.61,11.61,7.74,204,2368.44,21,EVAN WILLIAMS BLACK PET,HEAVEN HILL BRANDS,750,12,KY-I-344,EVAN WILLIAMS,BLACK LABEL,11.61
P000039,18116,100.0,vendor,2019-01,11.61,11.61,11.61,7.74,215,2496.15,27,EVAN WILLIAMS BLACK PET,HEAVEN HILL BRANDS,750,12,KY-I-344,EVAN WILLIAMS,BLACK LABEL,11.61
P000039,18116,100.0,vendor,2019-02,11.61,11.61,11.61,7.74,201,2333.61,19,EVAN WILLIAMS BLACK PET,HEAVEN HILL BRANDS,750,12,KY-I-344,EVAN WILLIAMS,BLACK LABEL,11.61
P000039,18116,100.0,vendor,2019-03,11.61,11.61,11.61,7.74,119,1381.59,16,EVAN WILLIAMS BLACK PET,HEAVEN HILL BRANDS,750,12,KY-I-344,EVAN WILLIAMS,BLACK LABEL,11.61
P000039,18116,100.0,vendor,2019-04,11.61,11.61,11.61,7.74,222,2577.42,23,EVAN WILLIAMS BLACK PET,HEAVEN HILL BRANDS,750,12,KY-I-344,EVAN WILLIAMS,BLACK LABEL,11.61
P000039,18116,100.0,vendor,2019-05,11.61,11.61,11.61,7.74,217,2519.37,21,EVAN WILLIAMS BLACK PET,HEAVEN HILL BRANDS,750,12,KY-I-344,EVAN WILLIAMS,BLACK LABEL,11.61
P000039,18116,100.0,vendor,2019-06,11.61,11.61,11.61,7.74,248,2879.28,23,EVAN WILLIAMS BLACK PET,HEAVEN HILL BRANDS,750,12,KY-I-344,EVAN WILLIAMS,BLACK LABEL,11.61
P000039,18116,100.0,vendor,2019-07,11.61,11.61,11.61,7.74,202,2345.22,20,EVAN WILLIAMS BLACK PET,HEAVEN HILL BRANDS,750,12,KY-I-344,EVAN WILLIAMS,BLACK LABEL,11.61
P000039,18116,100.0,vendor,2019-08,11.61,11.61,11.61,7.74,174,2020.14,19,EVAN WILLIAMS BLACK PET,HEAVEN HILL BRANDS,750,12,KY-I-344,EVAN WILLIAMS,BLACK LABEL,11.61
P000039,18116,100.0,vendor,2019-09,11.61,11.61,11.61,7.74,239,2774.79,23,EVAN WILLIAMS BLACK PET,HEAVEN HILL BRANDS,750,12,KY-I-344,EVAN WILLIAMS,BLACK LABEL,11.61
P000039,18116,100.0,vendor,2019-10,12.0,12.0,12.0,8.0,381,4423.41,26,EVAN WILLIAMS BLACK PET,HEAVEN HILL BRANDS,750,12,KY-I-344,EVAN WILLIAMS,BLACK LABEL,12.0
P000039,18116,100.0,vendor,2019-11,12.0,12.0,12.0,8.0,153,1836.0,16,EVAN WILLIAMS BLACK PET,HEAVEN HILL BRANDS,750,12,KY-I-344,EVAN WILLIAMS,BLACK LABEL,12.0
P000039,18116,100.0,vendor,2019-12,12.0,12.0,12.0,8.0,227,2724.0,26,EVAN WILLIAMS BLACK PET,HEAVEN HILL BRANDS,750,12,KY-I-344,EVAN WILLIAMS,BLACK LABEL,12.0
P000039,18116,100.0,vendor,2020-01,12.0,12.0,12.0,8.0,191,2292.0,19,EVAN WILLIAMS BLACK PET,HEAVEN HILL BRANDS,750,12,KY-I-344,EVAN WILLIAMS,BLACK LABEL,12.0
P000039,18116,100.0,vendor,2020-02,12.0,12.0,12.0,8.0,241,2892.0,28,EVAN WILLIAMS BLACK PET,HEAVEN HILL BRANDS,750,12,KY-I-344,EVAN WILLIAMS,BLACK LABEL,12.0
P000039,18116,100.0,vendor,2020-03,12.0,12.0,12.0,8.0,209,2508.0,21,EVAN WILLIAMS BLACK PET,HEAVEN HILL BRANDS,750,12,KY-I-344,EVAN WILLIAMS,BLACK LABEL,12.0
P000039,18116,100.0,vendor,2020-04,12.0,12.0,12.0,8.0,261,3132.0,22,EVAN WILLIAMS BLACK PET,HEAVEN HILL BRANDS,750,12,KY-I-344,EVAN WILLIAMS,BLACK LABEL,12.0
P000039,18116,100.0,vendor,2020-05,12.0,12.0,12.0,8.0,144,1728.0,17,EVAN WILLIAMS BLACK PET,HEAVEN HILL BRANDS,750,12,KY-I-344,EVAN WILLIAMS,BLACK LABEL,12.0
P000039,18116,100.0,vendor,2020-06,12.0,12.0,12.0,8.0,265,3180.0,30,EVAN WILLIAMS BLACK PET,HEAVEN HILL BRANDS,750,12,KY-I-344,EVAN WILLIAMS,BLACK LABEL,12.0
P000039,18116,100.0,vendor,2020-07,12.0,12.0,12.0,8.0,331,3972.0,35,EVAN WILLIAMS BLACK PET,HEAVEN HILL BRANDS,750,12,KY-I-344,EVAN WILLIAMS,BLACK LABEL,12.0
P000039,18116,100.0,vendor,2020-08,12.0,12.0,12.0,8.0,235,2820.0,26,EVAN WILLIAMS BLACK PET,HEAVEN HILL BRANDS,750,12,KY-I-344,EVAN WILLIAMS,BLACK LABEL,12.0
P000039,18116,100.0,vendor,2020-09,12.0,12.0,12.0,8.0,456,5472.0,44,EVAN WILLIAMS BLACK PET,HEAVEN HILL BRANDS,750,12,KY-I-344,EVAN WILLIAMS,BLACK LABEL,12.0
P000039,18116,100.0,vendor,2020-10,12.0,12.0,12.0,8.0,320,3840.0,38,EVAN WILLIAMS BLACK PET,HEAVEN HILL BRANDS,750,12,KY-I-344,EVAN WILLIAMS,BLACK LABEL,12.0
P000039,18116,100.0,vendor,2020-11,12.0,12.0,12.0,8.0,331,3972.0,34,EVAN WILLIAMS BLACK PET,HEAVEN HILL BRANDS,750,12,KY-I-344,EVAN WILLIAMS,BLACK LABEL,12.0
P000039,18116,100.0,vendor,2020-12,12.0,12.0,12.0,8.0,347,4164.0,42,EVAN WILLIAMS BLACK PET,HEAVEN HILL BRANDS,750,12,KY-I-344,EVAN WILLIAMS,BLACK LABEL,12.0
P000039,18116,100.0,vendor,2021-01,12.0,12.0,12.0,8.0,389,4668.0,40,EVAN WILLIAMS BLACK PET,HEAVEN HILL BRANDS,750,12,KY-I-344,EVAN WILLIAMS,BLACK LABEL,12.0
P000039,18116,100.0,vendor,2021-02,12.0,12.0,12.0,8.0,400,4800.0,42,EVAN WILLIAMS BLACK PET,HEAVEN HILL BRANDS,750,12,KY-I-344,EVAN WILLIAMS,BLACK LABEL,12.0
P000039,18116,100.0,vendor,2021-03,12.0,12.0,12.0,8.0,428,5136.0,42,EVAN WILLIAMS BLACK PET,HEAVEN HILL BRANDS,750,12,KY-I-344,EVAN WILLIAMS,BLACK LABEL,12.0
P000039,18116,100.0,vendor,2021-04,12.0,12.0,12.0,8.0,468,5616.0,48,EVAN WILLIAMS BLACK PET,HEAVEN HILL BRANDS,750,12,KY-I-344,EVAN WILLIAMS,BLACK LABEL,12.0
P000039,18116,100.0,vendor,2021-05,12.0,12.0,12.0,8.0,338,4056.0,37,EVAN WILLIAMS BLACK PET,HEAVEN HILL BRANDS,750,12,KY-I-344,EVAN WILLIAMS,BLACK LABEL,12.0
P000039,18116,100.0,vendor,2021-06,12.0,12.0,12.0,8.0,319,3828.0,36,EVAN WILLIAMS BLACK PET,HEAVEN HILL BRANDS,750,12,KY-I-344,EVAN WILLIAMS,BLACK LABEL,12.0
P000039,18116,100.0,vendor,2021-07,12.0,12.0,12.0,8.0,461,5532.0,47,EVAN WILLIAMS BLACK PET,HEAVEN HILL BRANDS,750,12,KY-I-344,EVAN WILLIAMS,BLACK LABEL,12.0
P000039,18116,100.0,vendor,2021-08,12.0,12.0,12.0,8.0,432,5184.0,53,EVAN WILLIAMS BLACK PET,HEAVEN HILL BRANDS,750,12,KY-I-344,EVAN WILLIAMS,BLACK LABEL,12.0
P000039,18116,100.0,vendor,2021-09,12.0,12.0,12.0,8.0,285,3420.0,35,EVAN WILLIAMS BLACK PET,HEAVEN HILL BRANDS,750,12,KY-I-344,EVAN WILLIAMS,BLACK LABEL,12.0
P000039,18116,100.0,vendor,2021-10,12.0,12.0,12.0,8.0,441,5292.0,43,EVAN WILLIAMS BLACK PET,HEAVEN HILL BRANDS,750,12,KY-I-344,EVAN WILLIAMS,BLACK LABEL,12.0
P000039,18116,100.0,vendor,2021-11,12.0,12.0,12.0,8.0,349,4188.0,43,EVAN WILLIAMS BLACK PET,HEAVEN HILL BRANDS,750,12,KY-I-344,EVAN WILLIAMS,BLACK LABEL,12.0
P000039,18116,100.0,vendor,2021-12,12.75,12.75,12.75,8.5,530,6360.0,52,EVAN WILLIAMS BLACK PET,HEAVEN HILL BRANDS,750,12,KY-I-344,EVAN WILLIAMS,BLACK LABEL,12.75
P000039,18116,100.0,vendor,2022-01,12.75,12.75,12.75,8.5,394,5023.5,41,EVAN WILLIAMS BLACK PET,HEAVEN HILL BRANDS,750,12,KY-I-344,EVAN WILLIAMS,BLACK LABEL,12.75
P000039,18116,100.0,vendor,2022-02,12.75,12.75,12.75,8.5,342,4360.5,41,EVAN WILLIAMS BLACK PET,HEAVEN HILL BRANDS,750,12,KY-I-344,EVAN WILLIAMS,BLACK LABEL,12.75
P000039,18116,100.0,vendor,2022-03,12.75,12.75,12.75,8.5,454,5788.5,47,EVAN WILLIAMS BLACK PET,HEAVEN HILL BRANDS,750,12,KY-I-344,EVAN WILLIAMS,BLACK LABEL,12.75
P000039,18116,100.0,vendor,2022-04,12.75,12.75,12.75,8.5,421,5367.75,44,EVAN WILLIAMS BLACK PET,HEAVEN HILL BRANDS,750,12,KY-I-344,EVAN WILLIAMS,BLACK LABEL,12.75
P000039,18116,100.0,vendor,2022-05,12.75,12.75,12.75,8.5,347,4424.25,39,EVAN WILLIAMS BLACK PET,HEAVEN HILL BRANDS,750,12,KY-I-344,EVAN WILLIAMS,BLACK LABEL,12.75
P000039,18116,100.0,vendor,2022-06,12.75,12.75,12.75,8.5,436,5559.0,46,EVAN WILLIAMS BLACK PET,HEAVEN HILL BRANDS,750,12,KY-I-344,EVAN WILLIAMS,BLACK LABEL,12.75
P000039,18116,100.0,vendor,2022-07,12.75,12.75,12.75,8.5,300,3825.0,36,EVAN WILLIAMS BLACK PET,HEAVEN HILL BRANDS,750,12,KY-I-344,EVAN WILLIAMS,BLACK LABEL,12.75
P000039,18116,100.0,vendor,2022-08,12.75,12.75,12.75,8.5,330,4207.5,30,EVAN WILLIAMS BLACK PET,HEAVEN HILL BRANDS,750,12,KY-I-344,EVAN WILLIAMS,BLACK LABEL,12.75
P000039,18116,100.0,vendor,2022-09,12.75,12.75,12.75,8.5,260,3315.0,28,EVAN WILLIAMS BLACK PET,HEAVEN HILL BRANDS,750,12,KY-I-344,EVAN WILLIAMS,BLACK LABEL,12.75
P000039,18116,100.0,vendor,2022-10,12.75,12.75,12.75,8.5,272,3468.0,30,EVAN WILLIAMS BLACK PET,HEAVEN HILL BRANDS,750,12,KY-I-344,EVAN WILLIAMS,BLACK LABEL,12.75
P000039,18116,100.0,vendor,2022-11,12.75,12.75,12.75,8.5,326,4156.5,33,EVAN WILLIAMS BLACK PET,HEAVEN HILL BRANDS,750,12,KY-I-344,EVAN WILLIAMS,BLACK LABEL,12.75
P000039,18116,100.0,vendor,2022-12,13.5,13.5,13.5,9.0,356,4539.0,34,EVAN WILLIAMS BLACK PET,HEAVEN HILL BRANDS,750,12,KY-I-344,EVAN WILLIAMS,BLACK LABEL,13.5
P000039,18116,100.0,vendor,2023-01,13.5,13.5,13.5,9.0,220,2970.0,24,EVAN WILLIAMS BLACK PET,HEAVEN HILL BRANDS,750,12,KY-I-344,EVAN WILLIAMS,BLACK LABEL,13.5
P000039,18116,100.0,vendor,2023-02,13.5,13.5,13.5,9.0,265,3577.5,23,EVAN WILLIAMS BLACK PET,HEAVEN HILL BRANDS,750,12,KY-I-344,EVAN WILLIAMS,BLACK LABEL,13.5
P000039,18116,100.0,vendor,2023-03,13.5,13.5,13.5,9.0,190,2565.0,22,EVAN WILLIAMS BLACK PET,HEAVEN HILL BRANDS,750,12,KY-I-344,EVAN WILLIAMS,BLACK LABEL,13.5
P000039,18116,100.0,vendor,2023-04,13.5,13.5,13.5,9.0,194,2619.0,21,EVAN WILLIAMS BLACK PET,HEAVEN HILL BRANDS,750,12,KY-I-344,EVAN WILLIAMS,BLACK LABEL,13.5
P000039,18116,100.0,vendor,2023-05,13.5,13.5,13.5,9.0,223,3010.5,26,EVAN WILLIAMS BLACK PET,HEAVEN HILL BRANDS,750,12,KY-I-344,EVAN WILLIAMS,BLACK LABEL,13.5
P000039,18116,100.0,vendor,2023-06,13.5,13.5,13.5,9.0,233,3145.5,26,EVAN WILLIAMS BLACK PET,HEAVEN HILL BRANDS,750,12,KY-I-344,EVAN WILLIAMS,BLACK LABEL,13.5
P000039,18116,100.0,vendor,2023-07,13.5,13.5,13.5,9.0,210,2835.0,23,EVAN WILLIAMS BLACK PET,HEAVEN HILL BRANDS,750,12,KY-I-344,EVAN WILLIAMS,BLACK LABEL,13.5
P000039,18116,100.0,vendor,2023-08,13.5,13.5,13.5,9.0,159,2146.5,18,EVAN WILLIAMS BLACK PET,HEAVEN HILL BRANDS,750,12,KY-I-344,EVAN WILLIAMS,BLACK LABEL,13.5
P000039,18116,100.0,vendor,2023-09,13.5,13.5,13.5,9.0,201,2713.5,21,EVAN WILLIAMS BLACK PET,HEAVEN HILL BRANDS,750,12,KY-I-344,EVAN WILLIAMS,BLACK LABEL,13.5
P000039,18116,100.0,vendor,2023-10,13.5,13.5,13.5,9.0,131,1768.5,15,EVAN WILLIAMS BLACK PET,HEAVEN HILL BRANDS,750,12,KY-I-344,EVAN WILLIAMS,BLACK LABEL,13.5
P000039,18116,100.0,vendor,2023-11,13.5,13.5,13.5,9.0,149,2011.5,14,EVAN WILLIAMS BLACK PET,HEAVEN HILL BRANDS,750,12,KY-I-344,EVAN WILLIAMS,BLACK LABEL,13.5
P000039,18116,100.0,vendor,2023-12,13.5,13.5,13.5,9.0,149,2011.5,15,EVAN WILLIAMS BLACK PET,HEAVEN HILL BRANDS,750,12,KY-I-344,EVAN WILLIAMS,BLACK LABEL,13.5
P000039,18116,100.0,vendor,2024-01,13.5,13.5,13.5,9.0,237,3199.5,19,EVAN WILLIAMS BLACK PET,HEAVEN HILL BRANDS,750,12,KY-I-344,EVAN WILLIAMS,BLACK LABEL,13.5
P000039,18116,100.0,vendor,2024-02,13.5,13.5,13.5,9.0,128,1728.0,14,EVAN WILLIAMS BLACK PET,HEAVEN HILL BRANDS,750,12,KY-I-344,EVAN WILLIAMS,BLACK LABEL,13.5
P000039,18116,100.0,vendor,2024-03,13.5,13.5,13.5,9.0,94,1269.0,10,EVAN WILLIAMS BLACK PET,HEAVEN HILL BRANDS,750,12,KY-I-344,EVAN WILLIAMS,BLACK LABEL,13.5
P000039,18116,100.0,vendor,2024-04,13.5,13.5,13.5,9.0,135,1822.5,15,EVAN WILLIAMS BLACK PET,HEAVEN HILL BRANDS,750,12,KY-I-344,EVAN WILLIAMS,BLACK LABEL,13.5
P000039,18116,100.0,vendor,2024-05,13.5,13.5,13.5,9.0,142,1917.0,14,EVAN WILLIAMS BLACK PET,HEAVEN HILL BRANDS,750,12,KY-I-344,EVAN WILLIAMS,BLACK LABEL,13.5
P000039,18116,100.0,vendor,2024-06,13.5,13.5,13.5,9.0,115,1552.5,11,EVAN WILLIAMS BLACK PET,HEAVEN HILL BRANDS,750,12,KY-I-344,EVAN WILLIAMS,BLACK LABEL,13.5
P000039,18116,100.0,vendor,2024-07,13.5,13.5,13.5,9.0,83,1120.5,8,EVAN WILLIAMS BLACK PET,HEAVEN HILL BRANDS,750,12,KY-I-344,EVAN WILLIAMS,BLACK LABEL,13.5
P000039,18116,100.0,vendor,2024-08,13.5,13.5,13.5,9.0,176,2376.0,15,EVAN WILLIAMS BLACK PET,HEAVEN HILL BRANDS,750,12,KY-I-344,EVAN WILLIAMS,BLACK LABEL,13.5
P000039,18116,100.0,vendor,2024-09,13.5,13.5,13.5,9.0,96,1296.0,12,EVAN WILLIAMS BLACK PET,HEAVEN HILL BRANDS,750,12,KY-I-344,EVAN WILLIAMS,BLACK LABEL,13.5
P000039,18116,100.0,vendor,2024-10,13.5,13.5,13.5,9.0,160,2160.0,15,EVAN WILLIAMS BLACK PET,HEAVEN HILL BRANDS,750,12,KY-I-344,EVAN WILLIAMS,BLACK LABEL,13.5
P000039,18116,100.0,vendor,2024-11,13.5,13.5,13.5,9.0,123,1660.5,11,EVAN WILLIAMS BLACK PET,HEAVEN HILL BRANDS,750,12,KY-I-344,EVAN WILLIAMS,BLACK LABEL,13.5
P000039,18116,100.0,vendor,2024-12,14.25,14.25,14.25,9.5,147,1984.5,15,EVAN WILLIAMS BLACK PET,HEAVEN HILL BRANDS,750,12,KY-I-344,EVAN WILLIAMS,BLACK LABEL,14.25
P000039,18116,100.0,vendor,2025-01,14.25,14.25,14.25,9.5,102,1453.5,12,EVAN WILLIAMS BLACK PET,HEAVEN HILL BRANDS,750,12,KY-I-344,EVAN WILLIAMS,BLACK LABEL,14.25
P000039,18116,100.0,vendor,2025-02,14.25,14.25,14.25,9.5,154,2194.5,14,EVAN WILLIAMS BLACK PET,HEAVEN HILL BRANDS,750,12,KY-I-344,EVAN WILLIAMS,BLACK LABEL,14.25
P000039,18116,100.0,vendor,2025-03,14.25,14.25,14.25,9.5,174,2479.5,15,EVAN WILLIAMS BLACK PET,HEAVEN HILL BRANDS,750,12,KY-I-344,EVAN WILLIAMS,BLACK LABEL,14.25
P000039,18116,100.0,vendor,2025-04,14.25,14.25,14.25,9.5,141,2009.25,15,EVAN WILLIAMS BLACK PET,HEAVEN HILL BRANDS,750,12,KY-I-344,EVAN WILLIAMS,BLACK LABEL,14.25
P000039,18116,100.0,vendor,2025-05,14.25,14.25,14.25,9.5,128,1824.0,13,EVAN WILLIAMS BLACK PET,HEAVEN HILL BRANDS,750,12,KY-I-344,EVAN WILLIAMS,BLACK LABEL,14.25
P000039,18116,100.0,vendor,2025-06,14.25,14.25,14.25,9.5,184,2622.0,18,EVAN WILLIAMS BLACK PET,HEAVEN HILL BRANDS,750,12,KY-I-344,EVAN WILLIAMS,BLACK LABEL,14.25
P000039,18116,100.0,vendor,2025-07,14.25,14.25,14.25,9.5,152,2166.0,14,EVAN WILLIAMS BLACK PET,HEAVEN HILL BRANDS,750,12,KY-I-344,EVAN WILLIAMS,BLACK LABEL,14.25
P000039,18116,100.0,vendor,2025-08,14.25,14.25,14.25,9.5,133,1895.25,15,EVAN WILLIAMS BLACK PET,HEAVEN HILL BRANDS,750,12,KY-I-344,EVAN WILLIAMS,BLACK LABEL,14.25
P000039,18116,100.0,vendor,2025-09,14.25,14.25,14.25,9.5,222,3163.5,18,EVAN WILLIAMS BLACK PET,HEAVEN HILL BRANDS,750,12,KY-I-344,EVAN WILLIAMS,BLACK LABEL,14.25
P000039,18116,100.0,vendor,2025-10,14.25,14.25,14.25,9.5,222,3163.5,18,EVAN WILLIAMS BLACK PET,HEAVEN HILL BRANDS,750,12,KY-I-344,EVAN WILLIAMS,BLACK LABEL,14.25
P000039,18116,100.0,vendor,2025-11,14.25,14.25,14.25,9.5,113,1610.25,13,EVAN WILLIAMS BLACK PET,HEAVEN HILL BRANDS,750,12,KY-I-344,EVAN WILLIAMS,BLACK LABEL,14.25
P000039,18116,100.0,vendor,2025-12,14.25,14.25,14.25,9.5,168,2394.0,14,EVAN WILLIAMS BLACK PET,HEAVEN HILL BRANDS,750,12,KY-I-344,EVAN WILLIAMS,BLACK LABEL,14.25
P000039,18116,100.0,vendor,2026-01,14.25,14.25,14.25,9.5,131,1866.75,13,EVAN WILLIAMS BLACK PET,HEAVEN HILL BRANDS,750,12,KY-I-344,EVAN WILLIAMS,BLACK LABEL,14.25
P000039,18116,100.0,vendor,2026-02,14.25,14.25,14.25,9.5,99,1410.75,8,EVAN WILLIAMS BLACK PET,HEAVEN HILL BRANDS,750,12,KY-I-344,EVAN WILLIAMS,BLACK LABEL,14.25
P000039,18116,100.0,vendor,2026-03,14.25,14.25,14.25,9.5,126,1795.5,11,EVAN WILLIAMS BLACK PET,HEAVEN HILL BRANDS,750,12,KY-I-344,EVAN WILLIAMS,BLACK LABEL,14.25
P000039,18116,100.0,vendor,2026-04,14.25,14.25,14.25,9.5,166,2365.5,16,EVAN WILLIAMS BLACK PET,HEAVEN HILL BRANDS,750,12,KY-I-344,EVAN WILLIAMS,BLACK LABEL,14.25
